time,canicule,temperature_2m_mean,snowfall_sum,Commune,Departement,year,nb_days_snow
1950-01-01,0,11.169315068493152,18.06,Orléans,45,1950,
1951-01-01,0,10.662739726027398,1.75,Orléans,45,1951,
1952-01-01,1,10.816939890710383,28.56,Orléans,45,1952,
1953-01-01,0,10.926575342465751,13.44,Orléans,45,1953,
1954-01-01,0,10.360821917808218,8.89,Orléans,45,1954,
1955-01-01,0,10.768219178082193,22.05,Orléans,45,1955,
1956-01-01,0,9.610928961748634,19.95,Orléans,45,1956,
1957-01-01,0,11.146849315068494,2.59,Orléans,45,1957,
1958-01-01,0,10.7986301369863,18.69,Orléans,45,1958,
1959-01-01,0,12.202465753424656,7.42,Orléans,45,1959,
1960-01-01,0,11.086065573770492,10.29,Orléans,45,1960,
1961-01-01,0,12.013424657534246,2.31,Orléans,45,1961,
1962-01-01,0,9.94,25.41,Orléans,45,1962,
1963-01-01,0,9.691232876712329,12.46,Orléans,45,1963,
1964-01-01,1,10.853278688524592,19.88,Orléans,45,1964,
1965-01-01,0,10.335616438356164,10.64,Orléans,45,1965,
1966-01-01,0,11.047397260273971,8.61,Orléans,45,1966,
1967-01-01,0,10.843835616438357,3.43,Orléans,45,1967,
1968-01-01,0,10.390437158469943,22.33,Orléans,45,1968,
1969-01-01,0,10.663835616438355,23.31,Orléans,45,1969,
1970-01-01,0,10.627397260273971,36.96,Orléans,45,1970,
1971-01-01,0,10.557808219178082,14.14,Orléans,45,1971,
1972-01-01,0,10.249453551912568,7.7,Orléans,45,1972,
1973-01-01,0,10.55945205479452,11.9,Orléans,45,1973,
1974-01-01,0,10.962465753424658,6.3,Orléans,45,1974,
1975-01-01,0,10.59013698630137,12.11,Orléans,45,1975,
1976-01-01,0,11.423224043715846,6.65,Orléans,45,1976,
1977-01-01,0,10.694246575342468,0.77,Orléans,45,1977,
1978-01-01,0,10.226027397260276,30.94,Orléans,45,1978,
1979-01-01,0,10.207397260273972,32.69,Orléans,45,1979,
1980-01-01,0,10.03360655737705,18.48,Orléans,45,1980,
1981-01-01,0,10.686027397260274,21.42,Orléans,45,1981,
1982-01-01,0,11.56821917808219,3.29,Orléans,45,1982,
1983-01-01,0,11.228219178082192,8.82,Orléans,45,1983,
1984-01-01,0,10.728415300546448,8.82,Orléans,45,1984,
1985-01-01,0,9.947945205479453,31.78,Orléans,45,1985,
1986-01-01,0,10.27972602739726,29.89,Orléans,45,1986,
1987-01-01,0,10.164931506849314,27.72,Orléans,45,1987,
1988-01-01,0,11.520218579234973,4.55,Orléans,45,1988,
1989-01-01,0,12.058904109589042,0.21,Orléans,45,1989,
1990-01-01,3,12.373150684931506,4.2,Orléans,45,1990,
1991-01-01,0,10.87808219178082,7.56,Orléans,45,1991,
1992-01-01,1,11.296174863387977,0.56,Orléans,45,1992,
1993-01-01,0,10.967671232876713,5.88,Orléans,45,1993,
1994-01-01,0,12.301917808219178,4.48,Orléans,45,1994,
1995-01-01,0,11.826575342465754,4.2,Orléans,45,1995,
1996-01-01,0,10.656284153005464,19.81,Orléans,45,1996,
1997-01-01,0,11.712328767123289,6.72,Orléans,45,1997,
1998-01-01,2,11.295890410958904,3.22,Orléans,45,1998,
1999-01-01,0,11.938356164383562,16.169999999999998,Orléans,45,1999,
2000-01-01,0,11.78032786885246,0.84,Orléans,45,2000,
2001-01-01,0,11.33041095890411,4.34,Orléans,45,2001,
2002-01-01,0,12.038082191780822,0.28,Orléans,45,2002,
2003-01-01,10,12.337808219178084,11.06,Orléans,45,2003,
2004-01-01,0,11.496448087431691,16.17,Orléans,45,2004,
2005-01-01,0,11.755342465753424,23.52,Orléans,45,2005,
2006-01-01,3,12.202739726027398,14.84,Orléans,45,2006,
2007-01-01,0,11.76082191780822,1.05,Orléans,45,2007,
2008-01-01,0,11.239890710382516,6.720000000000001,Orléans,45,2008,
2009-01-01,0,11.718082191780825,14.42,Orléans,45,2009,
2010-01-01,0,10.585205479452055,45.29,Orléans,45,2010,
2011-01-01,0,12.70958904109589,0.07,Orléans,45,2011,
2012-01-01,2,11.550819672131148,7.210000000000001,Orléans,45,2012,
2013-01-01,0,11.172054794520548,24.08,Orléans,45,2013,
2014-01-01,0,12.367945205479453,0.07,Orléans,45,2014,
2015-01-01,2,12.432602739726027,2.38,Orléans,45,2015,
2016-01-01,1,11.796994535519126,2.17,Orléans,45,2016,
2017-01-01,3,12.125479452054796,4.69,Orléans,45,2017,
2018-01-01,2,12.85068493150685,21.7,Orléans,45,2018,
2019-01-01,6,12.596712328767124,9.17,Orléans,45,2019,
2020-01-01,3,13.110382513661202,1.05,Orléans,45,2020,
2021-01-01,0,11.576712328767124,14.21,Orléans,45,2021,
2022-01-01,2,13.123835616438356,2.1,Orléans,45,2022,
2023-01-01,0,13.015342465753426,3.3600000000000003,Orléans,45,2023,
2024-01-01,2,12.194535519125685,11.2,Orléans,45,2024,
2025-01-01,3,12.564931506849314,3.01,Orléans,45,2025,
1950-01-01,0,11.443835616438356,11.48,Blois,41,1950,
1951-01-01,0,10.803835616438356,1.47,Blois,41,1951,
1952-01-01,1,11.062295081967214,24.64,Blois,41,1952,
1953-01-01,0,11.150136986301373,16.24,Blois,41,1953,
1954-01-01,0,10.591506849315069,6.09,Blois,41,1954,
1955-01-01,0,11.032054794520548,18.55,Blois,41,1955,
1956-01-01,0,9.906010928961749,19.32,Blois,41,1956,
1957-01-01,0,11.429041095890412,0.49,Blois,41,1957,
1958-01-01,0,11.032328767123287,9.8,Blois,41,1958,
1959-01-01,0,12.498082191780822,10.43,Blois,41,1959,
1960-01-01,0,11.274863387978144,11.41,Blois,41,1960,
1961-01-01,0,12.23917808219178,0.77,Blois,41,1961,
1962-01-01,0,10.254794520547945,19.53,Blois,41,1962,
1963-01-01,0,9.925205479452057,14.91,Blois,41,1963,
1964-01-01,0,11.039890710382512,22.75,Blois,41,1964,
1965-01-01,0,10.59013698630137,11.9,Blois,41,1965,
1966-01-01,0,11.27068493150685,9.38,Blois,41,1966,
1967-01-01,0,11.048219178082192,7.56,Blois,41,1967,
1968-01-01,0,10.674590163934427,16.03,Blois,41,1968,
1969-01-01,0,10.97041095890411,18.55,Blois,41,1969,
1970-01-01,0,10.903835616438355,21.77,Blois,41,1970,
1971-01-01,0,10.802465753424658,14.84,Blois,41,1971,
1972-01-01,0,10.462841530054645,2.03,Blois,41,1972,
1973-01-01,0,10.793698630136983,9.17,Blois,41,1973,
1974-01-01,0,11.210958904109589,4.06,Blois,41,1974,
1975-01-01,0,10.853698630136986,12.11,Blois,41,1975,
1976-01-01,0,11.679234972677596,5.8100000000000005,Blois,41,1976,
1977-01-01,0,10.89972602739726,0.28,Blois,41,1977,
1978-01-01,0,10.53835616438356,21.98,Blois,41,1978,
1979-01-01,0,10.546575342465754,17.01,Blois,41,1979,
1980-01-01,0,10.219398907103823,18.13,Blois,41,1980,
1981-01-01,0,10.956438356164384,15.26,Blois,41,1981,
1982-01-01,0,11.827123287671233,2.59,Blois,41,1982,
1983-01-01,0,11.446849315068494,7.49,Blois,41,1983,
1984-01-01,0,11.009562841530055,4.41,Blois,41,1984,
1985-01-01,0,10.267123287671232,23.66,Blois,41,1985,
1986-01-01,0,10.53835616438356,25.41,Blois,41,1986,
1987-01-01,0,10.469041095890413,23.17,Blois,41,1987,
1988-01-01,0,11.723497267759564,3.15,Blois,41,1988,
1989-01-01,0,12.385479452054794,0.0,Blois,41,1989,
1990-01-01,3,12.683561643835615,2.1,Blois,41,1990,
1991-01-01,0,11.13013698630137,7.77,Blois,41,1991,
1992-01-01,1,11.52295081967213,0.0,Blois,41,1992,
1993-01-01,0,11.182739726027396,6.44,Blois,41,1993,
1994-01-01,0,12.539178082191782,3.01,Blois,41,1994,
1995-01-01,0,12.103835616438356,4.2,Blois,41,1995,
1996-01-01,0,11.01639344262295,17.08,Blois,41,1996,
1997-01-01,0,12.047397260273971,11.97,Blois,41,1997,
1998-01-01,2,11.516986301369862,2.17,Blois,41,1998,
1999-01-01,0,12.186301369863012,10.64,Blois,41,1999,
2000-01-01,0,12.005737704918031,0.07,Blois,41,2000,
2001-01-01,0,11.572876712328767,4.41,Blois,41,2001,
2002-01-01,0,12.234794520547943,0.0,Blois,41,2002,
2003-01-01,11,12.60986301369863,11.83,Blois,41,2003,
2004-01-01,0,11.773770491803278,10.22,Blois,41,2004,
2005-01-01,0,12.087397260273972,15.26,Blois,41,2005,
2006-01-01,2,12.413698630136986,16.52,Blois,41,2006,
2007-01-01,0,11.97917808219178,1.89,Blois,41,2007,
2008-01-01,0,11.409562841530054,4.48,Blois,41,2008,
2009-01-01,0,11.955068493150684,11.13,Blois,41,2009,
2010-01-01,0,10.856986301369863,29.47,Blois,41,2010,
2011-01-01,0,12.905479452054797,0.07,Blois,41,2011,
2012-01-01,1,11.726229508196722,8.4,Blois,41,2012,
2013-01-01,0,11.411506849315067,19.95,Blois,41,2013,
2014-01-01,0,12.590136986301369,0.0,Blois,41,2014,
2015-01-01,1,12.678082191780822,0.98,Blois,41,2015,
2016-01-01,0,12.060382513661205,3.57,Blois,41,2016,
2017-01-01,3,12.492876712328766,1.61,Blois,41,2017,
2018-01-01,0,13.033424657534246,18.76,Blois,41,2018,
2019-01-01,7,12.882191780821918,4.13,Blois,41,2019,
2020-01-01,0,13.297814207650273,0.21,Blois,41,2020,
2021-01-01,0,11.895068493150683,10.15,Blois,41,2021,
2022-01-01,2,13.50027397260274,2.31,Blois,41,2022,
2023-01-01,0,13.283561643835617,6.3,Blois,41,2023,
2024-01-01,1,12.447540983606558,5.95,Blois,41,2024,
2025-01-01,3,12.765753424657534,5.18,Blois,41,2025,
1950-01-01,1,13.455616438356165,60.34,Carcassonne,11,1950,
1951-01-01,0,12.51972602739726,36.68,Carcassonne,11,1951,
1952-01-01,0,13.50382513661202,30.52,Carcassonne,11,1952,
1953-01-01,0,12.932876712328769,43.89,Carcassonne,11,1953,
1954-01-01,0,12.249589041095891,61.53,Carcassonne,11,1954,
1955-01-01,0,13.866027397260275,16.24,Carcassonne,11,1955,
1956-01-01,0,11.676502732240438,52.29,Carcassonne,11,1956,
1957-01-01,0,12.624657534246577,18.48,Carcassonne,11,1957,
1958-01-01,0,13.073424657534249,35.21,Carcassonne,11,1958,
1959-01-01,0,13.48082191780822,10.64,Carcassonne,11,1959,
1960-01-01,0,12.91967213114754,70.0,Carcassonne,11,1960,
1961-01-01,0,14.10931506849315,4.97,Carcassonne,11,1961,
1962-01-01,0,12.929589041095891,20.09,Carcassonne,11,1962,
1963-01-01,0,12.003287671232876,31.08,Carcassonne,11,1963,
1964-01-01,0,13.052185792349729,19.88,Carcassonne,11,1964,
1965-01-01,0,12.62794520547945,24.71,Carcassonne,11,1965,
1966-01-01,0,13.22,12.25,Carcassonne,11,1966,
1967-01-01,0,13.154794520547943,30.1,Carcassonne,11,1967,
1968-01-01,0,13.0,21.56,Carcassonne,11,1968,
1969-01-01,0,12.491506849315067,26.74,Carcassonne,11,1969,
1970-01-01,0,12.936986301369863,56.35,Carcassonne,11,1970,
1971-01-01,0,12.733150684931507,29.4,Carcassonne,11,1971,
1972-01-01,0,12.41639344262295,15.89,Carcassonne,11,1972,
1973-01-01,0,12.675342465753424,28.84,Carcassonne,11,1973,
1974-01-01,0,12.517808219178082,22.05,Carcassonne,11,1974,
1975-01-01,0,12.748493150684933,27.93,Carcassonne,11,1975,
1976-01-01,0,12.939617486338795,14.49,Carcassonne,11,1976,
1977-01-01,0,12.735342465753424,31.92,Carcassonne,11,1977,
1978-01-01,0,12.475342465753425,65.8,Carcassonne,11,1978,
1979-01-01,0,12.687397260273972,19.25,Carcassonne,11,1979,
1980-01-01,0,11.967759562841527,61.95,Carcassonne,11,1980,
1981-01-01,0,12.95945205479452,48.370000000000005,Carcassonne,11,1981,
1982-01-01,2,13.534520547945206,19.39,Carcassonne,11,1982,
1983-01-01,0,13.310958904109588,35.56,Carcassonne,11,1983,
1984-01-01,0,12.480601092896174,12.74,Carcassonne,11,1984,
1985-01-01,0,12.657260273972602,30.24,Carcassonne,11,1985,
1986-01-01,0,13.215068493150683,54.74,Carcassonne,11,1986,
1987-01-01,1,13.135068493150683,39.27,Carcassonne,11,1987,
1988-01-01,0,13.416939890710385,16.66,Carcassonne,11,1988,
1989-01-01,0,14.438356164383562,3.08,Carcassonne,11,1989,
1990-01-01,0,14.01972602739726,13.65,Carcassonne,11,1990,
1991-01-01,0,13.026027397260274,12.18,Carcassonne,11,1991,
1992-01-01,0,12.87295081967213,39.2,Carcassonne,11,1992,
1993-01-01,0,12.981643835616438,23.73,Carcassonne,11,1993,
1994-01-01,0,14.023013698630136,19.11,Carcassonne,11,1994,
1995-01-01,0,13.72,5.95,Carcassonne,11,1995,
1996-01-01,0,13.172677595628414,29.19,Carcassonne,11,1996,
1997-01-01,0,14.43808219178082,14.7,Carcassonne,11,1997,
1998-01-01,0,13.30794520547945,6.51,Carcassonne,11,1998,
1999-01-01,0,13.550684931506847,25.13,Carcassonne,11,1999,
2000-01-01,0,13.5224043715847,5.180000000000001,Carcassonne,11,2000,
2001-01-01,0,13.554246575342466,19.88,Carcassonne,11,2001,
2002-01-01,0,13.785479452054794,3.78,Carcassonne,11,2002,
2003-01-01,5,14.536986301369865,31.36,Carcassonne,11,2003,
2004-01-01,1,13.458196721311475,22.96,Carcassonne,11,2004,
2005-01-01,0,13.0586301369863,34.51,Carcassonne,11,2005,
2006-01-01,1,14.293424657534247,20.23,Carcassonne,11,2006,
2007-01-01,0,13.365479452054794,15.4,Carcassonne,11,2007,
2008-01-01,0,13.402732240437157,25.83,Carcassonne,11,2008,
2009-01-01,0,14.017808219178082,22.89,Carcassonne,11,2009,
2010-01-01,1,12.94,65.59,Carcassonne,11,2010,
2011-01-01,0,14.587123287671233,2.17,Carcassonne,11,2011,
2012-01-01,1,13.783333333333331,12.95,Carcassonne,11,2012,
2013-01-01,0,13.10082191780822,52.57,Carcassonne,11,2013,
2014-01-01,0,14.28164383561644,11.34,Carcassonne,11,2014,
2015-01-01,0,14.165479452054791,24.22,Carcassonne,11,2015,
2016-01-01,0,14.357377049180329,7.91,Carcassonne,11,2016,
2017-01-01,0,14.613698630136986,7.700000000000001,Carcassonne,11,2017,
2018-01-01,3,15.11013698630137,5.18,Carcassonne,11,2018,
2019-01-01,3,14.873424657534247,0.14,Carcassonne,11,2019,
2020-01-01,1,15.14590163934426,0.14,Carcassonne,11,2020,
2021-01-01,1,14.543287671232877,3.71,Carcassonne,11,2021,
2022-01-01,6,16.198082191780824,2.7300000000000004,Carcassonne,11,2022,
2023-01-01,7,15.793698630136983,11.69,Carcassonne,11,2023,
2024-01-01,3,15.380601092896176,0.0,Carcassonne,11,2024,
2025-01-01,16,15.981917808219178,0.49,Carcassonne,11,2025,
1950-01-01,0,11.115616438356165,4.0600000000000005,Saint-Lô,50,1950,
1951-01-01,0,11.007671232876714,3.78,Saint-Lô,50,1951,
1952-01-01,1,10.908196721311477,21.56,Saint-Lô,50,1952,
1953-01-01,0,11.036164383561644,18.13,Saint-Lô,50,1953,
1954-01-01,0,10.525479452054794,8.33,Saint-Lô,50,1954,
1955-01-01,0,10.751506849315067,21.77,Saint-Lô,50,1955,
1956-01-01,0,9.9827868852459,22.26,Saint-Lô,50,1956,
1957-01-01,0,11.41753424657534,0.49,Saint-Lô,50,1957,
1958-01-01,0,10.986301369863014,31.85,Saint-Lô,50,1958,
1959-01-01,0,12.1186301369863,1.47,Saint-Lô,50,1959,
1960-01-01,0,11.237158469945356,14.56,Saint-Lô,50,1960,
1961-01-01,2,11.684109589041096,1.33,Saint-Lô,50,1961,
1962-01-01,0,10.097534246575345,26.81,Saint-Lô,50,1962,
1963-01-01,0,9.683287671232875,19.04,Saint-Lô,50,1963,
1964-01-01,0,10.658196721311477,23.1,Saint-Lô,50,1964,
1965-01-01,0,10.474794520547944,13.09,Saint-Lô,50,1965,
1966-01-01,0,11.035068493150684,4.97,Saint-Lô,50,1966,
1967-01-01,0,10.94027397260274,12.32,Saint-Lô,50,1967,
1968-01-01,1,10.71256830601093,6.65,Saint-Lô,50,1968,
1969-01-01,0,11.036438356164384,17.080000000000002,Saint-Lô,50,1969,
1970-01-01,0,10.957808219178082,38.57,Saint-Lô,50,1970,
1971-01-01,0,11.033698630136987,17.29,Saint-Lô,50,1971,
1972-01-01,0,10.45792349726776,19.81,Saint-Lô,50,1972,
1973-01-01,0,10.761643835616438,6.16,Saint-Lô,50,1973,
1974-01-01,0,10.892876712328768,1.4700000000000002,Saint-Lô,50,1974,
1975-01-01,2,10.99890410958904,8.61,Saint-Lô,50,1975,
1976-01-01,4,11.433060109289617,11.69,Saint-Lô,50,1976,
1977-01-01,0,10.841369863013698,7.42,Saint-Lô,50,1977,
1978-01-01,0,10.64054794520548,27.58,Saint-Lô,50,1978,
1979-01-01,0,10.3786301369863,31.36,Saint-Lô,50,1979,
1980-01-01,0,10.50136612021858,9.66,Saint-Lô,50,1980,
1981-01-01,0,11.073698630136986,18.48,Saint-Lô,50,1981,
1982-01-01,0,11.554246575342466,10.43,Saint-Lô,50,1982,
1983-01-01,0,11.37945205479452,7.56,Saint-Lô,50,1983,
1984-01-01,0,11.057650273224043,11.2,Saint-Lô,50,1984,
1985-01-01,0,10.402465753424655,28.14,Saint-Lô,50,1985,
1986-01-01,0,10.375068493150684,25.55,Saint-Lô,50,1986,
1987-01-01,0,10.494794520547943,21.49,Saint-Lô,50,1987,
1988-01-01,0,11.475136612021856,4.48,Saint-Lô,50,1988,
1989-01-01,0,12.187945205479451,4.48,Saint-Lô,50,1989,
1990-01-01,3,12.27150684931507,2.45,Saint-Lô,50,1990,
1991-01-01,0,10.847945205479451,4.34,Saint-Lô,50,1991,
1992-01-01,0,11.283879781420763,0.49,Saint-Lô,50,1992,
1993-01-01,0,11.028767123287672,3.85,Saint-Lô,50,1993,
1994-01-01,0,11.974520547945206,2.38,Saint-Lô,50,1994,
1995-01-01,1,11.967671232876713,1.12,Saint-Lô,50,1995,
1996-01-01,1,10.683879781420766,26.95,Saint-Lô,50,1996,
1997-01-01,0,11.705205479452054,9.24,Saint-Lô,50,1997,
1998-01-01,1,11.461369863013696,2.24,Saint-Lô,50,1998,
1999-01-01,0,12.043835616438356,11.13,Saint-Lô,50,1999,
2000-01-01,0,11.653005464480874,1.82,Saint-Lô,50,2000,
2001-01-01,1,11.50164383561644,4.76,Saint-Lô,50,2001,
2002-01-01,0,11.926301369863015,0.77,Saint-Lô,50,2002,
2003-01-01,6,12.044931506849316,9.1,Saint-Lô,50,2003,
2004-01-01,1,11.702732240437156,14.7,Saint-Lô,50,2004,
2005-01-01,1,11.885205479452056,14.84,Saint-Lô,50,2005,
2006-01-01,3,11.987397260273973,18.48,Saint-Lô,50,2006,
2007-01-01,0,11.763287671232876,6.23,Saint-Lô,50,2007,
2008-01-01,0,11.367486338797814,4.2,Saint-Lô,50,2008,
2009-01-01,0,11.414520547945203,7.91,Saint-Lô,50,2009,
2010-01-01,0,10.513150684931508,36.68,Saint-Lô,50,2010,
2011-01-01,0,12.365753424657534,0.35,Saint-Lô,50,2011,
2012-01-01,0,11.364207650273224,5.81,Saint-Lô,50,2012,
2013-01-01,1,11.195890410958905,40.67,Saint-Lô,50,2013,
2014-01-01,0,12.382739726027395,0.07,Saint-Lô,50,2014,
2015-01-01,0,12.043835616438356,4.48,Saint-Lô,50,2015,
2016-01-01,1,11.725409836065571,6.02,Saint-Lô,50,2016,
2017-01-01,2,11.575342465753424,4.0600000000000005,Saint-Lô,50,2017,
2018-01-01,0,11.762465753424658,7.28,Saint-Lô,50,2018,
2019-01-01,2,11.59917808219178,3.9899999999999993,Saint-Lô,50,2019,
2020-01-01,3,12.16448087431694,0.77,Saint-Lô,50,2020,
2021-01-01,0,11.066301369863012,8.89,Saint-Lô,50,2021,
2022-01-01,3,12.405753424657536,7.839999999999999,Saint-Lô,50,2022,
2023-01-01,1,12.288493150684932,9.94,Saint-Lô,50,2023,
2024-01-01,0,11.810109289617486,33.46,Saint-Lô,50,2024,
2025-01-01,1,11.746301369863012,12.25,Saint-Lô,50,2025,
1950-01-01,0,11.419452054794522,142.52,Foix,9,1950,
1951-01-01,0,10.588767123287672,171.29,Foix,9,1951,
1952-01-01,0,11.292349726775956,121.87,Foix,9,1952,
1953-01-01,0,10.923835616438357,88.97,Foix,9,1953,
1954-01-01,0,10.218630136986302,137.13,Foix,9,1954,
1955-01-01,0,11.673972602739726,61.25,Foix,9,1955,
1956-01-01,0,9.641803278688524,131.39,Foix,9,1956,
1957-01-01,0,10.86027397260274,92.89,Foix,9,1957,
1958-01-01,0,11.302191780821918,133.49,Foix,9,1958,
1959-01-01,0,11.714246575342464,135.03,Foix,9,1959,
1960-01-01,0,11.23032786885246,153.09,Foix,9,1960,
1961-01-01,0,12.265753424657534,61.67,Foix,9,1961,
1962-01-01,0,11.124383561643835,118.02,Foix,9,1962,
1963-01-01,0,10.264657534246576,118.23,Foix,9,1963,
1964-01-01,0,11.579508196721312,82.67,Foix,9,1964,
1965-01-01,0,10.827123287671233,134.82,Foix,9,1965,
1966-01-01,0,11.539178082191782,138.25,Foix,9,1966,
1967-01-01,0,11.32109589041096,103.04,Foix,9,1967,
1968-01-01,0,11.35191256830601,124.81,Foix,9,1968,
1969-01-01,0,10.717534246575342,136.01,Foix,9,1969,
1970-01-01,0,11.015342465753424,150.15,Foix,9,1970,
1971-01-01,0,10.73150684931507,164.15,Foix,9,1971,
1972-01-01,0,10.337431693989071,145.39,Foix,9,1972,
1973-01-01,0,10.688767123287672,141.54,Foix,9,1973,
1974-01-01,0,10.56986301369863,146.86,Foix,9,1974,
1975-01-01,0,10.826575342465754,138.81,Foix,9,1975,
1976-01-01,0,10.98032786885246,84.35,Foix,9,1976,
1977-01-01,0,10.99780821917808,107.17,Foix,9,1977,
1978-01-01,0,10.564931506849314,180.32,Foix,9,1978,
1979-01-01,0,10.876712328767123,142.66,Foix,9,1979,
1980-01-01,0,10.30655737704918,179.83,Foix,9,1980,
1981-01-01,0,11.365205479452056,118.79,Foix,9,1981,
1982-01-01,0,11.770958904109587,128.66,Foix,9,1982,
1983-01-01,0,11.813150684931507,99.4,Foix,9,1983,
1984-01-01,0,10.681147540983607,99.05,Foix,9,1984,
1985-01-01,0,11.07095890410959,122.36,Foix,9,1985,
1986-01-01,0,11.291780821917808,175.63,Foix,9,1986,
1987-01-01,0,11.617260273972605,116.13,Foix,9,1987,
1988-01-01,0,11.7551912568306,101.36,Foix,9,1988,
1989-01-01,0,12.628767123287671,51.03,Foix,9,1989,
1990-01-01,0,12.144657534246576,100.66,Foix,9,1990,
1991-01-01,0,11.304931506849316,133.84,Foix,9,1991,
1992-01-01,0,11.309016393442624,139.16,Foix,9,1992,
1993-01-01,0,11.388493150684932,91.35,Foix,9,1993,
1994-01-01,0,12.253972602739726,137.34,Foix,9,1994,
1995-01-01,0,11.87205479452055,96.25,Foix,9,1995,
1996-01-01,0,11.26967213114754,124.67,Foix,9,1996,
1997-01-01,0,12.744109589041097,49.35,Foix,9,1997,
1998-01-01,0,11.679726027397262,82.17999999999999,Foix,9,1998,
1999-01-01,0,11.635068493150683,132.51,Foix,9,1999,
2000-01-01,0,12.045355191256832,54.88,Foix,9,2000,
2001-01-01,0,11.611506849315068,124.18,Foix,9,2001,
2002-01-01,0,11.961369863013696,89.04,Foix,9,2002,
2003-01-01,0,12.5586301369863,165.55,Foix,9,2003,
2004-01-01,0,11.607377049180329,120.05,Foix,9,2004,
2005-01-01,0,11.247945205479452,148.75,Foix,9,2005,
2006-01-01,0,12.66054794520548,69.37,Foix,9,2006,
2007-01-01,0,11.61917808219178,89.32,Foix,9,2007,
2008-01-01,0,11.518032786885248,105.77,Foix,9,2008,
2009-01-01,0,12.153424657534249,129.99,Foix,9,2009,
2010-01-01,0,10.912328767123288,156.66,Foix,9,2010,
2011-01-01,0,12.664383561643836,43.96,Foix,9,2011,
2012-01-01,0,11.852459016393444,106.89,Foix,9,2012,
2013-01-01,0,11.222465753424656,219.59,Foix,9,2013,
2014-01-01,0,12.467945205479452,103.6,Foix,9,2014,
2015-01-01,0,12.575068493150685,87.92,Foix,9,2015,
2016-01-01,0,12.4,76.09,Foix,9,2016,
2017-01-01,0,13.137260273972604,87.85,Foix,9,2017,
2018-01-01,0,13.491780821917809,65.45,Foix,9,2018,
2019-01-01,0,13.337808219178084,53.55,Foix,9,2019,
2020-01-01,0,13.731147540983608,42.14,Foix,9,2020,
2021-01-01,0,13.107671232876712,50.68,Foix,9,2021,
2022-01-01,0,14.731780821917807,17.71,Foix,9,2022,
2023-01-01,0,14.074520547945204,39.27,Foix,9,2023,
2024-01-01,0,13.806284153005466,40.6,Foix,9,2024,
2025-01-01,0,13.687397260273972,43.61,Foix,9,2025,
1950-01-01,0,11.413972602739728,47.32,Tarbes,65,1950,
1951-01-01,0,10.592602739726027,70.42,Tarbes,65,1951,
1952-01-01,0,11.215300546448088,50.61,Tarbes,65,1952,
1953-01-01,0,10.816164383561643,44.52,Tarbes,65,1953,
1954-01-01,0,10.251232876712328,56.98,Tarbes,65,1954,
1955-01-01,0,11.689315068493151,26.39,Tarbes,65,1955,
1956-01-01,0,9.655737704918034,51.8,Tarbes,65,1956,
1957-01-01,0,10.911780821917809,49.49,Tarbes,65,1957,
1958-01-01,0,11.457260273972604,34.16,Tarbes,65,1958,
1959-01-01,0,11.931506849315069,12.6,Tarbes,65,1959,
1960-01-01,0,11.30928961748634,37.59,Tarbes,65,1960,
1961-01-01,0,12.351506849315069,11.69,Tarbes,65,1961,
1962-01-01,1,11.213972602739728,30.94,Tarbes,65,1962,
1963-01-01,0,10.4213698630137,19.95,Tarbes,65,1963,
1964-01-01,0,11.439617486338795,12.04,Tarbes,65,1964,
1965-01-01,0,10.941643835616436,34.86,Tarbes,65,1965,
1966-01-01,0,11.6772602739726,14.7,Tarbes,65,1966,
1967-01-01,0,11.20027397260274,33.74,Tarbes,65,1967,
1968-01-01,0,11.50382513661202,19.74,Tarbes,65,1968,
1969-01-01,0,10.855068493150684,32.76,Tarbes,65,1969,
1970-01-01,0,11.067123287671231,46.06,Tarbes,65,1970,
1971-01-01,0,10.782739726027398,40.88,Tarbes,65,1971,
1972-01-01,0,10.333060109289615,16.03,Tarbes,65,1972,
1973-01-01,0,10.792054794520547,42.91,Tarbes,65,1973,
1974-01-01,1,10.751780821917809,25.97,Tarbes,65,1974,
1975-01-01,0,10.86164383561644,43.54,Tarbes,65,1975,
1976-01-01,0,10.978415300546448,23.66,Tarbes,65,1976,
1977-01-01,0,10.955068493150684,28.77,Tarbes,65,1977,
1978-01-01,0,10.76986301369863,78.33,Tarbes,65,1978,
1979-01-01,0,10.987123287671231,19.67,Tarbes,65,1979,
1980-01-01,0,10.5051912568306,41.37,Tarbes,65,1980,
1981-01-01,0,11.572328767123286,28.56,Tarbes,65,1981,
1982-01-01,0,11.91095890410959,21.28,Tarbes,65,1982,
1983-01-01,0,11.835342465753424,24.15,Tarbes,65,1983,
1984-01-01,0,10.840437158469944,22.82,Tarbes,65,1984,
1985-01-01,1,11.15972602739726,36.19,Tarbes,65,1985,
1986-01-01,0,11.252328767123288,95.13,Tarbes,65,1986,
1987-01-01,1,11.698904109589042,47.67,Tarbes,65,1987,
1988-01-01,0,11.728415300546448,23.87,Tarbes,65,1988,
1989-01-01,0,12.556438356164383,1.89,Tarbes,65,1989,
1990-01-01,0,12.290684931506853,25.62,Tarbes,65,1990,
1991-01-01,0,11.244383561643836,36.54,Tarbes,65,1991,
1992-01-01,0,11.393169398907103,19.18,Tarbes,65,1992,
1993-01-01,0,11.29205479452055,22.19,Tarbes,65,1993,
1994-01-01,0,12.33753424657534,34.09,Tarbes,65,1994,
1995-01-01,0,12.072054794520549,15.47,Tarbes,65,1995,
1996-01-01,0,11.364207650273224,29.05,Tarbes,65,1996,
1997-01-01,0,12.713972602739728,37.59,Tarbes,65,1997,
1998-01-01,0,11.68027397260274,11.55,Tarbes,65,1998,
1999-01-01,0,11.698904109589042,44.940000000000005,Tarbes,65,1999,
2000-01-01,0,11.958743169398906,5.18,Tarbes,65,2000,
2001-01-01,0,11.691506849315068,32.69,Tarbes,65,2001,
2002-01-01,0,12.02219178082192,12.11,Tarbes,65,2002,
2003-01-01,4,12.716438356164383,34.79,Tarbes,65,2003,
2004-01-01,0,11.710109289617485,36.33,Tarbes,65,2004,
2005-01-01,0,11.39972602739726,66.08,Tarbes,65,2005,
2006-01-01,0,12.604109589041096,27.72,Tarbes,65,2006,
2007-01-01,0,11.573972602739726,27.3,Tarbes,65,2007,
2008-01-01,0,11.428142076502732,22.68,Tarbes,65,2008,
2009-01-01,0,12.101369863013698,27.51,Tarbes,65,2009,
2010-01-01,1,10.905205479452055,54.25,Tarbes,65,2010,
2011-01-01,0,12.534520547945206,10.08,Tarbes,65,2011,
2012-01-01,0,11.727868852459016,25.34,Tarbes,65,2012,
2013-01-01,1,11.453150684931506,55.93,Tarbes,65,2013,
2014-01-01,0,12.495616438356164,4.41,Tarbes,65,2014,
2015-01-01,0,12.557808219178083,28.28,Tarbes,65,2015,
2016-01-01,0,12.28497267759563,11.83,Tarbes,65,2016,
2017-01-01,2,13.011780821917808,10.85,Tarbes,65,2017,
2018-01-01,0,13.276712328767124,15.89,Tarbes,65,2018,
2019-01-01,2,13.096438356164382,4.41,Tarbes,65,2019,
2020-01-01,4,13.702459016393444,6.09,Tarbes,65,2020,
2021-01-01,0,12.903561643835618,23.38,Tarbes,65,2021,
2022-01-01,10,14.370958904109589,7.98,Tarbes,65,2022,
2023-01-01,2,13.744657534246576,25.55,Tarbes,65,2023,
2024-01-01,1,13.392896174863388,8.82,Tarbes,65,2024,
2025-01-01,7,13.567671232876712,8.959999999999999,Tarbes,65,2025,
1950-01-01,0,11.140273972602738,26.18,Nevers,58,1950,
1951-01-01,0,10.644931506849316,6.09,Nevers,58,1951,
1952-01-01,4,10.897540983606556,46.69,Nevers,58,1952,
1953-01-01,0,10.967671232876713,19.95,Nevers,58,1953,
1954-01-01,0,10.12027397260274,16.87,Nevers,58,1954,
1955-01-01,0,11.007945205479452,28.98,Nevers,58,1955,
1956-01-01,0,9.463387978142077,20.37,Nevers,58,1956,
1957-01-01,1,11.006575342465752,6.86,Nevers,58,1957,
1958-01-01,0,10.827123287671233,18.97,Nevers,58,1958,
1959-01-01,1,12.347123287671232,14.42,Nevers,58,1959,
1960-01-01,0,11.077049180327869,14.14,Nevers,58,1960,
1961-01-01,0,12.1186301369863,0.63,Nevers,58,1961,
1962-01-01,0,10.11013698630137,31.36,Nevers,58,1962,
1963-01-01,0,9.93013698630137,14.84,Nevers,58,1963,
1964-01-01,2,10.878688524590164,24.71,Nevers,58,1964,
1965-01-01,0,10.41835616438356,27.58,Nevers,58,1965,
1966-01-01,0,11.1772602739726,15.260000000000002,Nevers,58,1966,
1967-01-01,0,11.02,11.06,Nevers,58,1967,
1968-01-01,0,10.443989071038253,41.09,Nevers,58,1968,
1969-01-01,0,10.655342465753424,23.45,Nevers,58,1969,
1970-01-01,0,10.546849315068492,52.08,Nevers,58,1970,
1971-01-01,0,10.503835616438357,18.27,Nevers,58,1971,
1972-01-01,0,10.274590163934429,10.57,Nevers,58,1972,
1973-01-01,0,10.383561643835616,13.3,Nevers,58,1973,
1974-01-01,1,11.01917808219178,7.84,Nevers,58,1974,
1975-01-01,0,10.643835616438356,21.7,Nevers,58,1975,
1976-01-01,2,11.46639344262295,9.87,Nevers,58,1976,
1977-01-01,0,10.705753424657534,6.3,Nevers,58,1977,
1978-01-01,0,10.396438356164383,28.84,Nevers,58,1978,
1979-01-01,0,10.402191780821918,31.15,Nevers,58,1979,
1980-01-01,0,9.963934426229509,28.35,Nevers,58,1980,
1981-01-01,0,10.625479452054796,24.43,Nevers,58,1981,
1982-01-01,0,11.62191780821918,5.67,Nevers,58,1982,
1983-01-01,1,11.156164383561643,10.08,Nevers,58,1983,
1984-01-01,0,10.588524590163937,12.95,Nevers,58,1984,
1985-01-01,0,10.095890410958903,34.230000000000004,Nevers,58,1985,
1986-01-01,1,10.52,25.41,Nevers,58,1986,
1987-01-01,0,10.376986301369865,21.77,Nevers,58,1987,
1988-01-01,0,11.507377049180327,8.68,Nevers,58,1988,
1989-01-01,0,11.980547945205478,1.26,Nevers,58,1989,
1990-01-01,2,12.121095890410958,12.74,Nevers,58,1990,
1991-01-01,0,10.936712328767124,21.07,Nevers,58,1991,
1992-01-01,1,11.240983606557377,3.01,Nevers,58,1992,
1993-01-01,0,11.071780821917809,10.01,Nevers,58,1993,
1994-01-01,0,12.353424657534246,3.22,Nevers,58,1994,
1995-01-01,2,11.793972602739728,14.49,Nevers,58,1995,
1996-01-01,0,10.73551912568306,19.95,Nevers,58,1996,
1997-01-01,0,11.957260273972604,7.56,Nevers,58,1997,
1998-01-01,3,11.21013698630137,10.71,Nevers,58,1998,
1999-01-01,1,11.76958904109589,36.54,Nevers,58,1999,
2000-01-01,0,11.983879781420766,0.98,Nevers,58,2000,
2001-01-01,0,11.39972602739726,12.18,Nevers,58,2001,
2002-01-01,1,12.127397260273971,0.07,Nevers,58,2002,
2003-01-01,11,12.543287671232877,18.06,Nevers,58,2003,
2004-01-01,0,11.308196721311475,23.17,Nevers,58,2004,
2005-01-01,3,11.510136986301369,28.21,Nevers,58,2005,
2006-01-01,4,12.090136986301369,27.3,Nevers,58,2006,
2007-01-01,0,11.697534246575344,15.12,Nevers,58,2007,
2008-01-01,0,11.124590163934426,12.25,Nevers,58,2008,
2009-01-01,1,11.66958904109589,18.62,Nevers,58,2009,
2010-01-01,1,10.545205479452054,41.370000000000005,Nevers,58,2010,
2011-01-01,1,12.636712328767125,3.5,Nevers,58,2011,
2012-01-01,2,11.59016393442623,7.77,Nevers,58,2012,
2013-01-01,3,11.06958904109589,24.64,Nevers,58,2013,
2014-01-01,1,12.584109589041097,1.75,Nevers,58,2014,
2015-01-01,3,12.462739726027396,6.44,Nevers,58,2015,
2016-01-01,2,11.8,6.79,Nevers,58,2016,
2017-01-01,1,11.842465753424657,12.53,Nevers,58,2017,
2018-01-01,6,13.003013698630138,26.11,Nevers,58,2018,
2019-01-01,7,12.583013698630138,15.82,Nevers,58,2019,
2020-01-01,3,13.133879781420765,0.63,Nevers,58,2020,
2021-01-01,0,11.442739726027398,10.64,Nevers,58,2021,
2022-01-01,3,13.101095890410958,5.67,Nevers,58,2022,
2023-01-01,0,12.966027397260277,10.43,Nevers,58,2023,
2024-01-01,1,12.310928961748637,8.05,Nevers,58,2024,
2025-01-01,6,12.536986301369865,4.34,Nevers,58,2025,
1950-01-01,0,10.19095890410959,42.63,Bar-le-Duc,55,1950,
1951-01-01,0,10.137534246575342,10.92,Bar-le-Duc,55,1951,
1952-01-01,0,9.890983606557375,78.61,Bar-le-Duc,55,1952,
1953-01-01,0,10.324931506849314,33.11,Bar-le-Duc,55,1953,
1954-01-01,0,9.349315068493151,30.87,Bar-le-Duc,55,1954,
1955-01-01,0,9.69095890410959,35.7,Bar-le-Duc,55,1955,
1956-01-01,0,8.683879781420766,33.53,Bar-le-Duc,55,1956,
1957-01-01,0,10.28164383561644,14.56,Bar-le-Duc,55,1957,
1958-01-01,0,10.012602739726027,65.1,Bar-le-Duc,55,1958,
1959-01-01,0,11.376712328767123,35.91,Bar-le-Duc,55,1959,
1960-01-01,0,10.291530054644808,25.2,Bar-le-Duc,55,1960,
1961-01-01,0,11.146849315068494,12.88,Bar-le-Duc,55,1961,
1962-01-01,0,9.058904109589042,43.33,Bar-le-Duc,55,1962,
1963-01-01,0,8.941369863013698,22.68,Bar-le-Duc,55,1963,
1964-01-01,1,10.273770491803278,32.2,Bar-le-Duc,55,1964,
1965-01-01,0,9.447945205479453,43.120000000000005,Bar-le-Duc,55,1965,
1966-01-01,0,10.322465753424655,21.42,Bar-le-Duc,55,1966,
1967-01-01,0,10.192328767123287,36.54,Bar-le-Duc,55,1967,
1968-01-01,0,9.584426229508196,70.84,Bar-le-Duc,55,1968,
1969-01-01,0,9.641643835616438,74.41,Bar-le-Duc,55,1969,
1970-01-01,0,9.572054794520549,86.24000000000001,Bar-le-Duc,55,1970,
1971-01-01,0,10.105753424657534,24.99,Bar-le-Duc,55,1971,
1972-01-01,0,9.457650273224044,20.72,Bar-le-Duc,55,1972,
1973-01-01,0,9.767945205479451,31.64,Bar-le-Duc,55,1973,
1974-01-01,0,10.271232876712329,18.34,Bar-le-Duc,55,1974,
1975-01-01,0,10.211506849315068,28.35,Bar-le-Duc,55,1975,
1976-01-01,0,10.656284153005464,33.88,Bar-le-Duc,55,1976,
1977-01-01,0,10.145479452054794,31.15,Bar-le-Duc,55,1977,
1978-01-01,0,9.258082191780822,52.78,Bar-le-Duc,55,1978,
1979-01-01,0,9.48082191780822,40.32,Bar-le-Duc,55,1979,
1980-01-01,0,9.258469945355191,31.36,Bar-le-Duc,55,1980,
1981-01-01,0,9.846027397260274,57.05,Bar-le-Duc,55,1981,
1982-01-01,0,10.737260273972602,21.63,Bar-le-Duc,55,1982,
1983-01-01,1,10.542739726027396,23.17,Bar-le-Duc,55,1983,
1984-01-01,0,9.81120218579235,47.04,Bar-le-Duc,55,1984,
1985-01-01,0,9.093972602739727,56.77,Bar-le-Duc,55,1985,
1986-01-01,0,9.534246575342468,61.88,Bar-le-Duc,55,1986,
1987-01-01,0,9.456438356164384,35.49,Bar-le-Duc,55,1987,
1988-01-01,0,10.750819672131149,27.16,Bar-le-Duc,55,1988,
1989-01-01,0,11.232054794520549,6.65,Bar-le-Duc,55,1989,
1990-01-01,0,11.195342465753424,34.93,Bar-le-Duc,55,1990,
1991-01-01,0,10.18,24.78,Bar-le-Duc,55,1991,
1992-01-01,0,10.797814207650273,3.29,Bar-le-Duc,55,1992,
1993-01-01,0,10.431232876712327,24.92,Bar-le-Duc,55,1993,
1994-01-01,0,11.510684931506848,21.49,Bar-le-Duc,55,1994,
1995-01-01,1,10.816986301369862,31.01,Bar-le-Duc,55,1995,
1996-01-01,0,9.362841530054643,38.78,Bar-le-Duc,55,1996,
1997-01-01,0,10.607945205479451,23.17,Bar-le-Duc,55,1997,
1998-01-01,2,10.363835616438356,15.89,Bar-le-Duc,55,1998,
1999-01-01,0,10.977534246575344,57.61,Bar-le-Duc,55,1999,
2000-01-01,0,11.13934426229508,8.12,Bar-le-Duc,55,2000,
2001-01-01,0,10.55041095890411,37.52,Bar-le-Duc,55,2001,
2002-01-01,0,11.267123287671232,4.2,Bar-le-Duc,55,2002,
2003-01-01,10,11.492602739726028,23.45,Bar-le-Duc,55,2003,
2004-01-01,0,10.42704918032787,44.73,Bar-le-Duc,55,2004,
2005-01-01,0,10.752876712328767,48.09,Bar-le-Duc,55,2005,
2006-01-01,0,11.265753424657534,27.02,Bar-le-Duc,55,2006,
2007-01-01,0,11.08109589041096,12.25,Bar-le-Duc,55,2007,
2008-01-01,0,10.45,29.61,Bar-le-Duc,55,2008,
2009-01-01,1,10.888493150684932,29.19,Bar-le-Duc,55,2009,
2010-01-01,0,9.674520547945203,89.88,Bar-le-Duc,55,2010,
2011-01-01,0,11.673698630136986,14.35,Bar-le-Duc,55,2011,
2012-01-01,1,10.702185792349727,19.6,Bar-le-Duc,55,2012,
2013-01-01,0,10.236438356164385,36.89,Bar-le-Duc,55,2013,
2014-01-01,0,11.864109589041094,14.28,Bar-le-Duc,55,2014,
2015-01-01,4,11.637534246575342,22.19,Bar-le-Duc,55,2015,
2016-01-01,0,10.940983606557378,14.98,Bar-le-Duc,55,2016,
2017-01-01,0,10.696712328767124,37.87,Bar-le-Duc,55,2017,
2018-01-01,1,11.793150684931506,35.07,Bar-le-Duc,55,2018,
2019-01-01,3,11.284931506849317,31.22,Bar-le-Duc,55,2019,
2020-01-01,3,11.922131147540984,21.91,Bar-le-Duc,55,2020,
2021-01-01,0,10.146301369863014,36.26,Bar-le-Duc,55,2021,
2022-01-01,1,11.771780821917808,10.57,Bar-le-Duc,55,2022,
2023-01-01,0,11.690136986301368,12.53,Bar-le-Duc,55,2023,
2024-01-01,0,11.20327868852459,19.46,Bar-le-Duc,55,2024,
2025-01-01,2,11.20054794520548,15.54,Bar-le-Duc,55,2025,
1950-01-01,0,11.510136986301369,33.46,Lyon,69,1950,
1951-01-01,0,11.103561643835617,17.43,Lyon,69,1951,
1952-01-01,3,11.408469945355192,70.98,Lyon,69,1952,
1953-01-01,0,11.156712328767124,22.89,Lyon,69,1953,
1954-01-01,0,10.465753424657532,32.41,Lyon,69,1954,
1955-01-01,0,11.242465753424655,48.44,Lyon,69,1955,
1956-01-01,0,9.723224043715849,28.56,Lyon,69,1956,
1957-01-01,0,11.202739726027398,21.84,Lyon,69,1957,
1958-01-01,0,11.21972602739726,29.96,Lyon,69,1958,
1959-01-01,0,12.442465753424658,14.0,Lyon,69,1959,
1960-01-01,0,11.410655737704918,18.69,Lyon,69,1960,
1961-01-01,0,12.247397260273972,13.16,Lyon,69,1961,
1962-01-01,0,10.646849315068494,34.02,Lyon,69,1962,
1963-01-01,0,10.013972602739726,35.77,Lyon,69,1963,
1964-01-01,1,11.284699453551912,33.46,Lyon,69,1964,
1965-01-01,0,10.87808219178082,30.66,Lyon,69,1965,
1966-01-01,0,11.44,17.08,Lyon,69,1966,
1967-01-01,0,11.28986301369863,30.73,Lyon,69,1967,
1968-01-01,1,10.889617486338798,39.48,Lyon,69,1968,
1969-01-01,0,10.784657534246575,22.12,Lyon,69,1969,
1970-01-01,0,10.863835616438356,64.33,Lyon,69,1970,
1971-01-01,0,10.703287671232877,31.08,Lyon,69,1971,
1972-01-01,0,10.89016393442623,13.02,Lyon,69,1972,
1973-01-01,0,10.68027397260274,35.98,Lyon,69,1973,
1974-01-01,0,11.396438356164383,19.67,Lyon,69,1974,
1975-01-01,0,10.92054794520548,15.05,Lyon,69,1975,
1976-01-01,0,11.577049180327869,35.7,Lyon,69,1976,
1977-01-01,0,11.129041095890411,11.9,Lyon,69,1977,
1978-01-01,0,10.550958904109589,39.34,Lyon,69,1978,
1979-01-01,0,10.963287671232877,37.59,Lyon,69,1979,
1980-01-01,0,10.36775956284153,37.1,Lyon,69,1980,
1981-01-01,0,11.057534246575342,41.23,Lyon,69,1981,
1982-01-01,0,11.867945205479453,31.15,Lyon,69,1982,
1983-01-01,5,11.584109589041097,20.65,Lyon,69,1983,
1984-01-01,0,10.841256830601091,17.36,Lyon,69,1984,
1985-01-01,0,10.667671232876712,26.39,Lyon,69,1985,
1986-01-01,0,11.150958904109588,48.79,Lyon,69,1986,
1987-01-01,0,10.93041095890411,24.78,Lyon,69,1987,
1988-01-01,0,11.972131147540985,17.78,Lyon,69,1988,
1989-01-01,1,12.404383561643836,17.01,Lyon,69,1989,
1990-01-01,0,12.16054794520548,53.69,Lyon,69,1990,
1991-01-01,0,11.563287671232878,14.21,Lyon,69,1991,
1992-01-01,0,11.66584699453552,5.46,Lyon,69,1992,
1993-01-01,0,11.413972602739728,14.77,Lyon,69,1993,
1994-01-01,0,12.77041095890411,35.28,Lyon,69,1994,
1995-01-01,1,11.949315068493153,24.08,Lyon,69,1995,
1996-01-01,0,11.095081967213115,39.34,Lyon,69,1996,
1997-01-01,0,12.352876712328769,22.47,Lyon,69,1997,
1998-01-01,2,11.587671232876712,13.51,Lyon,69,1998,
1999-01-01,0,12.048219178082192,54.67,Lyon,69,1999,
2000-01-01,0,12.424863387978142,5.39,Lyon,69,2000,
2001-01-01,0,11.963287671232878,23.94,Lyon,69,2001,
2002-01-01,0,12.407945205479452,0.42,Lyon,69,2002,
2003-01-01,18,13.30082191780822,16.24,Lyon,69,2003,
2004-01-01,0,11.891256830601092,32.9,Lyon,69,2004,
2005-01-01,2,11.874246575342466,44.38,Lyon,69,2005,
2006-01-01,3,12.558356164383564,27.44,Lyon,69,2006,
2007-01-01,0,12.09917808219178,13.58,Lyon,69,2007,
2008-01-01,0,11.645628415300546,25.62,Lyon,69,2008,
2009-01-01,2,12.58958904109589,16.38,Lyon,69,2009,
2010-01-01,0,11.409041095890412,67.06,Lyon,69,2010,
2011-01-01,1,13.096438356164382,5.88,Lyon,69,2011,
2012-01-01,1,12.148907103825136,17.36,Lyon,69,2012,
2013-01-01,1,11.55945205479452,40.88,Lyon,69,2013,
2014-01-01,0,13.16904109589041,3.22,Lyon,69,2014,
2015-01-01,12,13.08904109589041,20.02,Lyon,69,2015,
2016-01-01,0,12.301912568306012,15.05,Lyon,69,2016,
2017-01-01,9,12.74027397260274,22.19,Lyon,69,2017,
2018-01-01,7,13.462191780821918,12.32,Lyon,69,2018,
2019-01-01,9,12.964383561643835,22.54,Lyon,69,2019,
2020-01-01,6,13.567486338797814,2.38,Lyon,69,2020,
2021-01-01,0,12.011780821917808,25.9,Lyon,69,2021,
2022-01-01,4,13.86054794520548,17.15,Lyon,69,2022,
2023-01-01,9,13.665205479452055,4.48,Lyon,69,2023,
2024-01-01,2,12.768032786885248,6.93,Lyon,69,2024,
2025-01-01,14,13.364931506849317,3.3600000000000003,Lyon,69,2025,
1950-01-01,0,11.266301369863012,5.879999999999999,Le Mans,72,1950,
1951-01-01,0,10.849315068493151,0.35,Le Mans,72,1951,
1952-01-01,1,11.036612021857923,23.38,Le Mans,72,1952,
1953-01-01,0,11.1213698630137,10.85,Le Mans,72,1953,
1954-01-01,0,10.658904109589042,3.08,Le Mans,72,1954,
1955-01-01,0,10.967123287671232,13.72,Le Mans,72,1955,
1956-01-01,0,10.07158469945355,19.39,Le Mans,72,1956,
1957-01-01,0,11.506575342465752,0.14,Le Mans,72,1957,
1958-01-01,0,11.077534246575343,7.84,Le Mans,72,1958,
1959-01-01,0,12.414246575342466,4.62,Le Mans,72,1959,
1960-01-01,0,11.272131147540984,12.39,Le Mans,72,1960,
1961-01-01,0,12.048767123287671,2.1,Le Mans,72,1961,
1962-01-01,0,10.33753424657534,15.12,Le Mans,72,1962,
1963-01-01,0,9.82931506849315,10.92,Le Mans,72,1963,
1964-01-01,0,10.89016393442623,30.45,Le Mans,72,1964,
1965-01-01,0,10.573698630136986,8.05,Le Mans,72,1965,
1966-01-01,0,11.216986301369865,3.71,Le Mans,72,1966,
1967-01-01,0,10.96958904109589,8.05,Le Mans,72,1967,
1968-01-01,0,10.768852459016394,14.7,Le Mans,72,1968,
1969-01-01,0,11.055890410958904,11.34,Le Mans,72,1969,
1970-01-01,0,10.946575342465753,18.13,Le Mans,72,1970,
1971-01-01,0,10.860821917808218,13.79,Le Mans,72,1971,
1972-01-01,0,10.520765027322405,2.1,Le Mans,72,1972,
1973-01-01,0,10.803561643835616,3.71,Le Mans,72,1973,
1974-01-01,0,11.083287671232878,3.92,Le Mans,72,1974,
1975-01-01,0,10.92931506849315,4.27,Le Mans,72,1975,
1976-01-01,0,11.704918032786884,7.28,Le Mans,72,1976,
1977-01-01,0,10.932328767123288,1.68,Le Mans,72,1977,
1978-01-01,0,10.581369863013698,19.39,Le Mans,72,1978,
1979-01-01,0,10.484383561643837,21.91,Le Mans,72,1979,
1980-01-01,0,10.281147540983609,11.76,Le Mans,72,1980,
1981-01-01,0,11.08931506849315,15.750000000000002,Le Mans,72,1981,
1982-01-01,0,11.762191780821915,3.92,Le Mans,72,1982,
1983-01-01,0,11.487397260273973,4.550000000000001,Le Mans,72,1983,
1984-01-01,0,11.040983606557376,4.83,Le Mans,72,1984,
1985-01-01,0,10.196164383561644,27.3,Le Mans,72,1985,
1986-01-01,0,10.487397260273973,23.94,Le Mans,72,1986,
1987-01-01,0,10.517534246575345,12.74,Le Mans,72,1987,
1988-01-01,0,11.75245901639344,0.91,Le Mans,72,1988,
1989-01-01,0,12.39972602739726,5.6000000000000005,Le Mans,72,1989,
1990-01-01,2,12.4586301369863,0.0,Le Mans,72,1990,
1991-01-01,0,11.035342465753423,8.19,Le Mans,72,1991,
1992-01-01,0,11.505464480874316,0.14,Le Mans,72,1992,
1993-01-01,0,11.156986301369864,5.319999999999999,Le Mans,72,1993,
1994-01-01,0,12.366027397260275,0.91,Le Mans,72,1994,
1995-01-01,0,12.147397260273973,1.89,Le Mans,72,1995,
1996-01-01,0,10.912841530054644,22.68,Le Mans,72,1996,
1997-01-01,0,12.092602739726027,8.75,Le Mans,72,1997,
1998-01-01,0,11.483013698630138,0.77,Le Mans,72,1998,
1999-01-01,0,12.161643835616438,7.21,Le Mans,72,1999,
2000-01-01,0,11.795901639344264,0.21,Le Mans,72,2000,
2001-01-01,0,11.678356164383562,2.94,Le Mans,72,2001,
2002-01-01,0,12.143013698630137,0.49,Le Mans,72,2002,
2003-01-01,8,12.4586301369863,8.33,Le Mans,72,2003,
2004-01-01,0,11.806284153005466,11.48,Le Mans,72,2004,
2005-01-01,0,12.042465753424658,13.86,Le Mans,72,2005,
2006-01-01,0,12.2786301369863,9.52,Le Mans,72,2006,
2007-01-01,0,11.941095890410958,2.45,Le Mans,72,2007,
2008-01-01,0,11.392622950819671,4.2700000000000005,Le Mans,72,2008,
2009-01-01,0,11.816438356164385,9.66,Le Mans,72,2009,
2010-01-01,0,10.792328767123289,32.13,Le Mans,72,2010,
2011-01-01,0,12.797808219178082,0.0,Le Mans,72,2011,
2012-01-01,0,11.554918032786889,10.57,Le Mans,72,2012,
2013-01-01,0,11.457808219178084,18.55,Le Mans,72,2013,
2014-01-01,0,12.455342465753423,0.0,Le Mans,72,2014,
2015-01-01,0,12.504383561643836,1.82,Le Mans,72,2015,
2016-01-01,0,12.010382513661202,3.3600000000000003,Le Mans,72,2016,
2017-01-01,0,12.332602739726026,0.49,Le Mans,72,2017,
2018-01-01,0,12.862191780821917,17.01,Le Mans,72,2018,
2019-01-01,5,12.566849315068492,2.03,Le Mans,72,2019,
2020-01-01,0,13.156830601092896,0.0,Le Mans,72,2020,
2021-01-01,0,11.624931506849316,10.57,Le Mans,72,2021,
2022-01-01,1,13.326575342465754,0.77,Le Mans,72,2022,
2023-01-01,0,13.16109589041096,2.73,Le Mans,72,2023,
2024-01-01,0,12.383060109289618,12.67,Le Mans,72,2024,
2025-01-01,1,12.919452054794522,5.81,Le Mans,72,2025,
1950-01-01 00:00:00,0,9.483287671232876,55.37,Charleville-Mézières,8,1950,
1951-01-01 00:00:00,0,9.664931506849314,24.36,Charleville-Mézières,8,1951,
1952-01-01 00:00:00,0,9.364207650273224,98.56,Charleville-Mézières,8,1952,
1953-01-01 00:00:00,0,9.86958904109589,41.09,Charleville-Mézières,8,1953,
1954-01-01 00:00:00,0,8.912054794520548,32.06,Charleville-Mézières,8,1954,
1955-01-01 00:00:00,0,9.03890410958904,48.44,Charleville-Mézières,8,1955,
1956-01-01 00:00:00,0,8.244262295081967,43.82,Charleville-Mézières,8,1956,
1957-01-01 00:00:00,0,9.898630136986302,22.96,Charleville-Mézières,8,1957,
1958-01-01 00:00:00,0,9.432328767123288,46.06,Charleville-Mézières,8,1958,
1959-01-01 00:00:00,0,10.848767123287672,22.54,Charleville-Mézières,8,1959,
1960-01-01 00:00:00,0,9.856830601092897,24.71,Charleville-Mézières,8,1960,
1961-01-01 00:00:00,0,10.55972602739726,15.05,Charleville-Mézières,8,1961,
1962-01-01 00:00:00,0,8.445205479452055,38.57,Charleville-Mézières,8,1962,
1963-01-01 00:00:00,0,8.273972602739725,26.11,Charleville-Mézières,8,1963,
1964-01-01 00:00:00,0,9.75655737704918,28.91,Charleville-Mézières,8,1964,
1965-01-01 00:00:00,0,9.006575342465753,45.29,Charleville-Mézières,8,1965,
1966-01-01 00:00:00,0,9.791780821917808,23.24,Charleville-Mézières,8,1966,
1967-01-01 00:00:00,0,9.70164383561644,27.37,Charleville-Mézières,8,1967,
1968-01-01 00:00:00,0,9.1327868852459,70.21,Charleville-Mézières,8,1968,
1969-01-01 00:00:00,0,9.325753424657536,63.21,Charleville-Mézières,8,1969,
1970-01-01 00:00:00,0,9.172328767123288,92.4,Charleville-Mézières,8,1970,
1971-01-01 00:00:00,0,9.612328767123287,33.53,Charleville-Mézières,8,1971,
1972-01-01 00:00:00,0,9.081420765027325,33.95,Charleville-Mézières,8,1972,
1973-01-01 00:00:00,0,9.394520547945206,29.75,Charleville-Mézières,8,1973,
1974-01-01 00:00:00,0,9.768219178082193,19.53,Charleville-Mézières,8,1974,
1975-01-01 00:00:00,0,9.752602739726028,48.16,Charleville-Mézières,8,1975,
1976-01-01 00:00:00,0,10.177868852459016,31.22,Charleville-Mézières,8,1976,
1977-01-01 00:00:00,0,9.574794520547943,36.33,Charleville-Mézières,8,1977,
1978-01-01 00:00:00,0,8.827397260273973,56.21,Charleville-Mézières,8,1978,
1979-01-01 00:00:00,0,8.771780821917808,56.84,Charleville-Mézières,8,1979,
1980-01-01 00:00:00,0,8.871311475409836,28.42,Charleville-Mézières,8,1980,
1981-01-01 00:00:00,0,9.365753424657534,72.17,Charleville-Mézières,8,1981,
1982-01-01 00:00:00,0,10.087671232876712,18.34,Charleville-Mézières,8,1982,
1983-01-01 00:00:00,0,10.07068493150685,36.05,Charleville-Mézières,8,1983,
1984-01-01 00:00:00,0,9.44726775956284,65.73,Charleville-Mézières,8,1984,
1985-01-01 00:00:00,0,8.56986301369863,61.88,Charleville-Mézières,8,1985,
1986-01-01 00:00:00,0,9.08958904109589,49.7,Charleville-Mézières,8,1986,
1987-01-01 00:00:00,0,8.911232876712328,48.44,Charleville-Mézières,8,1987,
1988-01-01 00:00:00,0,10.310109289617486,52.57,Charleville-Mézières,8,1988,
1989-01-01 00:00:00,0,10.75068493150685,12.67,Charleville-Mézières,8,1989,
1990-01-01 00:00:00,0,10.764109589041096,32.76,Charleville-Mézières,8,1990,
1991-01-01 00:00:00,0,9.705753424657534,25.27,Charleville-Mézières,8,1991,
1992-01-01 00:00:00,0,10.242349726775956,10.36,Charleville-Mézières,8,1992,
1993-01-01 00:00:00,0,9.865479452054794,27.23,Charleville-Mézières,8,1993,
1994-01-01 00:00:00,0,10.95945205479452,15.96,Charleville-Mézières,8,1994,
1995-01-01 00:00:00,0,10.615890410958905,36.54,Charleville-Mézières,8,1995,
1996-01-01 00:00:00,0,8.815027322404372,50.26,Charleville-Mézières,8,1996,
1997-01-01 00:00:00,0,10.19095890410959,10.64,Charleville-Mézières,8,1997,
1998-01-01 00:00:00,0,9.894520547945206,14.77,Charleville-Mézières,8,1998,
1999-01-01 00:00:00,0,10.550958904109589,53.2,Charleville-Mézières,8,1999,
2000-01-01 00:00:00,0,10.585792349726775,10.5,Charleville-Mézières,8,2000,
2001-01-01 00:00:00,0,10.20931506849315,44.73,Charleville-Mézières,8,2001,
2002-01-01 00:00:00,0,10.818904109589042,3.01,Charleville-Mézières,8,2002,
2003-01-01 00:00:00,0,10.828219178082191,27.23,Charleville-Mézières,8,2003,
2004-01-01 00:00:00,0,10.031693989071035,43.82,Charleville-Mézières,8,2004,
2005-01-01 00:00:00,0,10.463561643835616,52.85,Charleville-Mézières,8,2005,
2006-01-01 00:00:00,0,10.790958904109589,33.74,Charleville-Mézières,8,2006,
2007-01-01 00:00:00,0,10.844657534246576,9.94,Charleville-Mézières,8,2007,
2008-01-01 00:00:00,0,10.15792349726776,34.23,Charleville-Mézières,8,2008,
2009-01-01 00:00:00,0,10.372602739726029,37.66,Charleville-Mézières,8,2009,
2010-01-01 00:00:00,0,9.207397260273972,93.1,Charleville-Mézières,8,2010,
2011-01-01 00:00:00,0,11.20986301369863,18.83,Charleville-Mézières,8,2011,
2012-01-01 00:00:00,0,10.220218579234972,26.04,Charleville-Mézières,8,2012,
2013-01-01 00:00:00,0,9.828493150684931,51.73,Charleville-Mézières,8,2013,
2014-01-01 00:00:00,0,11.40931506849315,20.72,Charleville-Mézières,8,2014,
2015-01-01 00:00:00,0,10.964931506849316,23.52,Charleville-Mézières,8,2015,
2016-01-01 00:00:00,0,10.603005464480876,25.2,Charleville-Mézières,8,2016,
2017-01-01 00:00:00,0,10.1413698630137,36.82,Charleville-Mézières,8,2017,
2018-01-01 00:00:00,0,11.091780821917808,38.85,Charleville-Mézières,8,2018,
2019-01-01 00:00:00,0,10.563013698630137,27.51,Charleville-Mézières,8,2019,
2020-01-01 00:00:00,0,11.313387978142076,18.13,Charleville-Mézières,8,2020,
2021-01-01 00:00:00,0,9.58164383561644,48.3,Charleville-Mézières,8,2021,
2022-01-01 00:00:00,0,11.147397260273973,15.75,Charleville-Mézières,8,2022,
2023-01-01 00:00:00,0,11.058630136986302,19.95,Charleville-Mézières,8,2023,
2024-01-01 00:00:00,0,10.655464480874317,15.68,Charleville-Mézières,8,2024,
2025-01-01 00:00:00,0,10.818904109589042,19.53,Charleville-Mézières,8,2025,
1950-01-01 00:00:00,0,15.222465753424656,28.14,Nice,6,1950,
1951-01-01 00:00:00,0,14.555068493150683,24.5,Nice,6,1951,
1952-01-01 00:00:00,0,14.90327868852459,15.05,Nice,6,1952,
1953-01-01 00:00:00,0,14.772602739726029,13.93,Nice,6,1953,
1954-01-01 00:00:00,0,14.256986301369864,31.57,Nice,6,1954,
1955-01-01 00:00:00,0,14.846027397260274,36.96,Nice,6,1955,
1956-01-01 00:00:00,0,13.655464480874317,73.78,Nice,6,1956,
1957-01-01 00:00:00,0,14.694520547945206,27.65,Nice,6,1957,
1958-01-01 00:00:00,0,14.686301369863012,35.35,Nice,6,1958,
1959-01-01 00:00:00,0,14.992054794520548,38.15,Nice,6,1959,
1960-01-01 00:00:00,0,14.33688524590164,49.14,Nice,6,1960,
1961-01-01 00:00:00,0,15.507397260273972,16.45,Nice,6,1961,
1962-01-01 00:00:00,0,14.503287671232876,30.87,Nice,6,1962,
1963-01-01 00:00:00,0,14.188493150684932,68.04,Nice,6,1963,
1964-01-01 00:00:00,0,15.196448087431692,20.09,Nice,6,1964,
1965-01-01 00:00:00,0,14.444657534246575,18.83,Nice,6,1965,
1966-01-01 00:00:00,0,14.77780821917808,30.45,Nice,6,1966,
1967-01-01 00:00:00,0,15.104109589041096,33.46,Nice,6,1967,
1968-01-01 00:00:00,0,14.603551912568305,18.06,Nice,6,1968,
1969-01-01 00:00:00,0,14.398082191780825,41.44,Nice,6,1969,
1970-01-01 00:00:00,0,14.774520547945205,47.32,Nice,6,1970,
1971-01-01 00:00:00,0,14.5586301369863,42.42,Nice,6,1971,
1972-01-01 00:00:00,0,14.294808743169398,62.72,Nice,6,1972,
1973-01-01 00:00:00,0,14.607671232876712,29.54,Nice,6,1973,
1974-01-01 00:00:00,0,14.491780821917809,33.67,Nice,6,1974,
1975-01-01 00:00:00,0,14.632876712328768,50.47,Nice,6,1975,
1976-01-01 00:00:00,0,14.225956284153003,33.53,Nice,6,1976,
1977-01-01 00:00:00,0,14.438356164383562,25.83,Nice,6,1977,
1978-01-01 00:00:00,0,14.396712328767125,54.53,Nice,6,1978,
1979-01-01 00:00:00,0,14.5186301369863,43.12,Nice,6,1979,
1980-01-01 00:00:00,0,14.002185792349728,28.21,Nice,6,1980,
1981-01-01 00:00:00,0,14.465753424657532,36.75,Nice,6,1981,
1982-01-01 00:00:00,0,15.09835616438356,19.18,Nice,6,1982,
1983-01-01 00:00:00,0,15.026849315068494,32.480000000000004,Nice,6,1983,
1984-01-01 00:00:00,0,13.961475409836064,20.72,Nice,6,1984,
1985-01-01 00:00:00,0,14.846027397260274,54.11,Nice,6,1985,
1986-01-01 00:00:00,0,15.00876712328767,67.34,Nice,6,1986,
1987-01-01 00:00:00,0,14.863835616438356,51.8,Nice,6,1987,
1988-01-01 00:00:00,0,15.400273224043715,13.44,Nice,6,1988,
1989-01-01 00:00:00,0,15.463835616438356,3.5,Nice,6,1989,
1990-01-01 00:00:00,0,15.49780821917808,16.03,Nice,6,1990,
1991-01-01 00:00:00,0,14.722739726027395,36.05,Nice,6,1991,
1992-01-01 00:00:00,0,15.214207650273224,6.720000000000001,Nice,6,1992,
1993-01-01 00:00:00,0,14.830136986301367,24.92,Nice,6,1993,
1994-01-01 00:00:00,0,15.851780821917806,13.09,Nice,6,1994,
1995-01-01 00:00:00,0,14.996164383561643,12.53,Nice,6,1995,
1996-01-01 00:00:00,0,14.710109289617485,45.15,Nice,6,1996,
1997-01-01 00:00:00,0,15.706849315068494,13.72,Nice,6,1997,
1998-01-01 00:00:00,0,15.198082191780822,11.62,Nice,6,1998,
1999-01-01 00:00:00,0,15.131232876712328,20.58,Nice,6,1999,
2000-01-01 00:00:00,0,15.693169398907104,10.01,Nice,6,2000,
2001-01-01 00:00:00,0,15.795342465753423,23.52,Nice,6,2001,
2002-01-01 00:00:00,0,15.497260273972604,17.29,Nice,6,2002,
2003-01-01 00:00:00,0,16.01041095890411,20.86,Nice,6,2003,
2004-01-01 00:00:00,0,15.42431693989071,20.44,Nice,6,2004,
2005-01-01 00:00:00,0,15.043287671232877,36.33,Nice,6,2005,
2006-01-01 00:00:00,0,15.901917808219178,15.82,Nice,6,2006,
2007-01-01 00:00:00,0,15.776712328767124,5.74,Nice,6,2007,
2008-01-01 00:00:00,0,15.326502732240437,54.11,Nice,6,2008,
2009-01-01 00:00:00,0,15.755342465753424,33.32,Nice,6,2009,
2010-01-01 00:00:00,0,14.7213698630137,52.78,Nice,6,2010,
2011-01-01 00:00:00,0,15.908219178082192,17.01,Nice,6,2011,
2012-01-01 00:00:00,0,15.690983606557376,36.26,Nice,6,2012,
2013-01-01 00:00:00,0,15.255068493150686,55.65,Nice,6,2013,
2014-01-01 00:00:00,0,16.179726027397262,25.06,Nice,6,2014,
2015-01-01 00:00:00,0,16.465479452054794,22.12,Nice,6,2015,
2016-01-01 00:00:00,0,16.145081967213116,18.83,Nice,6,2016,
2017-01-01 00:00:00,0,15.940821917808218,0.14,Nice,6,2017,
2018-01-01 00:00:00,0,16.51041095890411,16.45,Nice,6,2018,
2019-01-01 00:00:00,0,16.09972602739726,0.35,Nice,6,2019,
2020-01-01 00:00:00,0,16.06311475409836,0.0,Nice,6,2020,
2021-01-01 00:00:00,0,15.90082191780822,0.21,Nice,6,2021,
2022-01-01 00:00:00,0,17.145753424657535,0.35,Nice,6,2022,
2023-01-01 00:00:00,0,16.69013698630137,1.26,Nice,6,2023,
2024-01-01 00:00:00,0,16.136612021857925,0.07,Nice,6,2024,
2025-01-01 00:00:00,0,16.61808219178082,1.82,Nice,6,2025,
1950-01-01 00:00:00,0,12.910136986301367,8.54,Périgueux,24,1950,
1951-01-01 00:00:00,0,12.081369863013698,1.4,Périgueux,24,1951,
1952-01-01 00:00:00,1,12.726229508196722,14.0,Périgueux,24,1952,
1953-01-01 00:00:00,0,12.603561643835617,9.59,Périgueux,24,1953,
1954-01-01 00:00:00,0,11.810684931506849,4.62,Périgueux,24,1954,
1955-01-01 00:00:00,0,13.091780821917808,16.8,Périgueux,24,1955,
1956-01-01 00:00:00,0,11.24672131147541,5.88,Périgueux,24,1956,
1957-01-01 00:00:00,0,12.489315068493152,0.42,Périgueux,24,1957,
1958-01-01 00:00:00,0,12.583287671232876,12.46,Périgueux,24,1958,
1959-01-01 00:00:00,0,13.72,2.31,Périgueux,24,1959,
1960-01-01 00:00:00,0,12.531967213114754,15.68,Périgueux,24,1960,
1961-01-01 00:00:00,0,13.78164383561644,0.56,Périgueux,24,1961,
1962-01-01 00:00:00,0,12.213424657534246,5.74,Périgueux,24,1962,
1963-01-01 00:00:00,0,11.612602739726029,2.73,Périgueux,24,1963,
1964-01-01 00:00:00,0,12.508469945355191,11.76,Périgueux,24,1964,
1965-01-01 00:00:00,0,12.203561643835616,8.469999999999999,Périgueux,24,1965,
1966-01-01 00:00:00,0,12.808219178082192,1.0499999999999998,Périgueux,24,1966,
1967-01-01 00:00:00,0,12.484383561643837,19.6,Périgueux,24,1967,
1968-01-01 00:00:00,0,12.364207650273224,10.92,Périgueux,24,1968,
1969-01-01 00:00:00,0,12.14109589041096,14.35,Périgueux,24,1969,
1970-01-01 00:00:00,0,12.338356164383562,7.0,Périgueux,24,1970,
1971-01-01 00:00:00,0,12.19205479452055,10.85,Périgueux,24,1971,
1972-01-01 00:00:00,0,12.012841530054644,0.98,Périgueux,24,1972,
1973-01-01 00:00:00,0,11.972054794520549,7.49,Périgueux,24,1973,
1974-01-01 00:00:00,0,12.34027397260274,2.31,Périgueux,24,1974,
1975-01-01 00:00:00,1,12.347397260273974,10.15,Périgueux,24,1975,
1976-01-01 00:00:00,0,12.741803278688524,3.3600000000000003,Périgueux,24,1976,
1977-01-01 00:00:00,0,12.263561643835615,1.05,Périgueux,24,1977,
1978-01-01 00:00:00,0,12.174520547945203,19.880000000000003,Périgueux,24,1978,
1979-01-01 00:00:00,0,12.08164383561644,7.979999999999999,Périgueux,24,1979,
1980-01-01 00:00:00,0,11.662568306010929,4.83,Périgueux,24,1980,
1981-01-01 00:00:00,0,12.416164383561645,11.9,Périgueux,24,1981,
1982-01-01 00:00:00,1,13.304383561643837,0.63,Périgueux,24,1982,
1983-01-01 00:00:00,1,12.856712328767124,3.64,Périgueux,24,1983,
1984-01-01 00:00:00,0,12.291256830601094,0.49,Périgueux,24,1984,
1985-01-01 00:00:00,1,12.256712328767122,7.28,Périgueux,24,1985,
1986-01-01 00:00:00,0,12.446575342465753,25.9,Périgueux,24,1986,
1987-01-01 00:00:00,1,12.43095890410959,18.13,Périgueux,24,1987,
1988-01-01 00:00:00,0,13.095901639344262,2.24,Périgueux,24,1988,
1989-01-01 00:00:00,2,14.063561643835616,0.49,Périgueux,24,1989,
1990-01-01 00:00:00,3,13.784931506849317,0.28,Périgueux,24,1990,
1991-01-01 00:00:00,2,12.641643835616438,21.07,Périgueux,24,1991,
1992-01-01 00:00:00,0,12.667486338797817,0.28,Périgueux,24,1992,
1993-01-01 00:00:00,0,12.643013698630137,3.29,Périgueux,24,1993,
1994-01-01 00:00:00,0,13.77890410958904,0.21,Périgueux,24,1994,
1995-01-01 00:00:00,1,13.541643835616435,1.12,Périgueux,24,1995,
1996-01-01 00:00:00,0,12.815300546448086,7.91,Périgueux,24,1996,
1997-01-01 00:00:00,0,13.89917808219178,6.859999999999999,Périgueux,24,1997,
1998-01-01 00:00:00,3,12.902465753424655,0.14,Périgueux,24,1998,
1999-01-01 00:00:00,0,13.21945205479452,4.2700000000000005,Périgueux,24,1999,
2000-01-01 00:00:00,0,13.306830601092896,2.73,Périgueux,24,2000,
2001-01-01 00:00:00,0,12.99780821917808,5.04,Périgueux,24,2001,
2002-01-01 00:00:00,0,13.43890410958904,0.0,Périgueux,24,2002,
2003-01-01 00:00:00,12,14.092328767123288,10.71,Périgueux,24,2003,
2004-01-01 00:00:00,0,12.950819672131148,8.89,Périgueux,24,2004,
2005-01-01 00:00:00,0,13.193424657534248,7.0,Périgueux,24,2005,
2006-01-01 00:00:00,0,13.648493150684931,7.91,Périgueux,24,2006,
2007-01-01 00:00:00,0,13.140821917808218,10.08,Périgueux,24,2007,
2008-01-01 00:00:00,0,12.66311475409836,1.4700000000000002,Périgueux,24,2008,
2009-01-01 00:00:00,1,13.407945205479452,4.97,Périgueux,24,2009,
2010-01-01 00:00:00,0,12.244109589041097,18.83,Périgueux,24,2010,
2011-01-01 00:00:00,1,14.377808219178082,0.0,Périgueux,24,2011,
2012-01-01 00:00:00,1,13.12568306010929,8.61,Périgueux,24,2012,
2013-01-01 00:00:00,0,12.776986301369863,19.53,Périgueux,24,2013,
2014-01-01 00:00:00,0,13.924109589041096,0.07,Périgueux,24,2014,
2015-01-01 00:00:00,3,13.954794520547946,0.77,Périgueux,24,2015,
2016-01-01 00:00:00,1,13.64535519125683,1.05,Périgueux,24,2016,
2017-01-01 00:00:00,0,12.91890410958904,1.96,Périgueux,24,2017,
2018-01-01 00:00:00,0,13.664109589041097,5.180000000000001,Périgueux,24,2018,
2019-01-01 00:00:00,5,13.391506849315068,1.12,Périgueux,24,2019,
2020-01-01 00:00:00,0,13.981693989071038,0.77,Périgueux,24,2020,
2021-01-01 00:00:00,0,12.516438356164384,0.91,Périgueux,24,2021,
2022-01-01 00:00:00,4,14.444383561643836,3.92,Périgueux,24,2022,
2023-01-01 00:00:00,2,13.972602739726028,13.37,Périgueux,24,2023,
2024-01-01 00:00:00,1,13.198360655737703,1.75,Périgueux,24,2024,
2025-01-01 00:00:00,7,13.89917808219178,5.74,Périgueux,24,2025,
1950-01-01 00:00:00,0,9.517808219178082,57.47,Epinal,88,1950,
1951-01-01 00:00:00,0,9.43013698630137,28.56,Epinal,88,1951,
1952-01-01 00:00:00,1,9.12622950819672,155.89,Epinal,88,1952,
1953-01-01 00:00:00,0,9.421643835616438,70.63,Epinal,88,1953,
1954-01-01 00:00:00,0,8.455890410958904,65.66,Epinal,88,1954,
1955-01-01 00:00:00,0,8.95068493150685,51.38,Epinal,88,1955,
1956-01-01 00:00:00,0,7.784972677595629,55.370000000000005,Epinal,88,1956,
1957-01-01 00:00:00,0,9.406301369863014,32.9,Epinal,88,1957,
1958-01-01 00:00:00,0,9.238630136986302,104.16,Epinal,88,1958,
1959-01-01 00:00:00,0,10.6413698630137,62.79,Epinal,88,1959,
1960-01-01 00:00:00,0,9.471311475409836,43.75,Epinal,88,1960,
1961-01-01 00:00:00,0,10.355068493150684,33.39,Epinal,88,1961,
1962-01-01 00:00:00,0,8.237260273972602,99.75,Epinal,88,1962,
1963-01-01 00:00:00,0,7.953150684931507,35.910000000000004,Epinal,88,1963,
1964-01-01 00:00:00,1,9.5551912568306,58.17,Epinal,88,1964,
1965-01-01 00:00:00,0,8.55945205479452,104.65,Epinal,88,1965,
1966-01-01 00:00:00,0,9.451506849315068,69.09,Epinal,88,1966,
1967-01-01 00:00:00,0,9.327945205479452,59.36,Epinal,88,1967,
1968-01-01 00:00:00,0,8.771311475409837,138.32,Epinal,88,1968,
1969-01-01 00:00:00,0,8.623013698630137,120.61,Epinal,88,1969,
1970-01-01 00:00:00,0,8.705205479452054,109.13,Epinal,88,1970,
1971-01-01 00:00:00,0,9.23917808219178,45.36,Epinal,88,1971,
1972-01-01 00:00:00,0,8.712841530054645,28.49,Epinal,88,1972,
1973-01-01 00:00:00,0,8.78986301369863,95.9,Epinal,88,1973,
1974-01-01 00:00:00,0,9.592602739726027,50.26,Epinal,88,1974,
1975-01-01 00:00:00,0,9.36958904109589,52.22,Epinal,88,1975,
1976-01-01 00:00:00,0,9.753825136612022,71.12,Epinal,88,1976,
1977-01-01 00:00:00,0,9.37205479452055,65.94,Epinal,88,1977,
1978-01-01 00:00:00,0,8.473424657534247,84.63,Epinal,88,1978,
1979-01-01 00:00:00,0,8.910136986301369,78.96,Epinal,88,1979,
1980-01-01 00:00:00,0,8.437704918032786,67.27,Epinal,88,1980,
1981-01-01 00:00:00,0,9.0213698630137,141.54,Epinal,88,1981,
1982-01-01 00:00:00,0,9.865753424657534,52.71,Epinal,88,1982,
1983-01-01 00:00:00,2,9.83972602739726,60.27,Epinal,88,1983,
1984-01-01 00:00:00,0,8.927322404371585,86.10000000000001,Epinal,88,1984,
1985-01-01 00:00:00,0,8.551232876712328,86.8,Epinal,88,1985,
1986-01-01 00:00:00,0,8.707123287671232,115.08,Epinal,88,1986,
1987-01-01 00:00:00,0,8.79068493150685,55.65,Epinal,88,1987,
1988-01-01 00:00:00,0,10.03497267759563,70.77,Epinal,88,1988,
1989-01-01 00:00:00,0,10.534520547945204,15.47,Epinal,88,1989,
1990-01-01 00:00:00,0,10.39890410958904,62.3,Epinal,88,1990,
1991-01-01 00:00:00,0,9.544931506849316,48.44,Epinal,88,1991,
1992-01-01 00:00:00,0,10.167486338797817,24.64,Epinal,88,1992,
1993-01-01 00:00:00,0,9.5413698630137,60.06,Epinal,88,1993,
1994-01-01 00:00:00,0,10.84849315068493,28.35,Epinal,88,1994,
1995-01-01 00:00:00,0,9.96931506849315,63.98,Epinal,88,1995,
1996-01-01 00:00:00,0,8.750273224043715,61.6,Epinal,88,1996,
1997-01-01 00:00:00,0,10.007945205479452,20.3,Epinal,88,1997,
1998-01-01 00:00:00,1,9.591506849315069,36.96,Epinal,88,1998,
1999-01-01 00:00:00,0,10.056164383561644,110.11,Epinal,88,1999,
2000-01-01 00:00:00,0,10.53415300546448,34.160000000000004,Epinal,88,2000,
2001-01-01 00:00:00,0,9.946301369863011,70.07000000000001,Epinal,88,2001,
2002-01-01 00:00:00,0,10.523287671232875,15.61,Epinal,88,2002,
2003-01-01 00:00:00,8,10.95041095890411,50.05,Epinal,88,2003,
2004-01-01 00:00:00,0,9.747267759562842,72.52,Epinal,88,2004,
2005-01-01 00:00:00,0,9.882465753424658,86.59,Epinal,88,2005,
2006-01-01 00:00:00,0,10.524931506849317,61.04,Epinal,88,2006,
2007-01-01 00:00:00,0,10.31780821917808,53.13,Epinal,88,2007,
2008-01-01 00:00:00,0,9.78415300546448,70.35,Epinal,88,2008,
2009-01-01 00:00:00,0,10.261643835616438,62.79,Epinal,88,2009,
2010-01-01 00:00:00,0,8.944109589041096,134.26,Epinal,88,2010,
2011-01-01 00:00:00,0,10.983287671232876,36.54,Epinal,88,2011,
2012-01-01 00:00:00,1,10.103278688524592,45.99,Epinal,88,2012,
2013-01-01 00:00:00,0,9.6786301369863,63.42,Epinal,88,2013,
2014-01-01 00:00:00,0,11.300547945205478,31.08,Epinal,88,2014,
2015-01-01 00:00:00,5,11.057808219178082,49.07,Epinal,88,2015,
2016-01-01 00:00:00,0,10.29617486338798,47.67,Epinal,88,2016,
2017-01-01 00:00:00,0,10.398630136986302,56.28,Epinal,88,2017,
2018-01-01 00:00:00,0,11.593972602739727,48.37,Epinal,88,2018,
2019-01-01 00:00:00,3,10.921643835616438,42.63,Epinal,88,2019,
2020-01-01 00:00:00,3,11.548633879781422,22.19,Epinal,88,2020,
2021-01-01 00:00:00,0,9.762739726027398,71.82,Epinal,88,2021,
2022-01-01 00:00:00,2,11.704109589041096,36.26,Epinal,88,2022,
2023-01-01 00:00:00,0,11.484931506849316,24.36,Epinal,88,2023,
2024-01-01 00:00:00,0,11.040983606557376,28.0,Epinal,88,2024,
2025-01-01 00:00:00,3,11.155342465753424,14.28,Epinal,88,2025,
1950-01-01 00:00:00,0,10.347123287671232,18.62,Beauvais,60,1950,
1951-01-01 00:00:00,0,10.295342465753423,7.91,Beauvais,60,1951,
1952-01-01 00:00:00,0,10.192076502732242,44.24,Beauvais,60,1952,
1953-01-01 00:00:00,0,10.376438356164384,16.1,Beauvais,60,1953,
1954-01-01 00:00:00,0,9.772602739726029,17.78,Beauvais,60,1954,
1955-01-01 00:00:00,0,9.983561643835616,25.69,Beauvais,60,1955,
1956-01-01 00:00:00,0,9.172131147540984,13.79,Beauvais,60,1956,
1957-01-01 00:00:00,0,10.734246575342466,5.25,Beauvais,60,1957,
1958-01-01 00:00:00,0,10.230684931506849,34.02,Beauvais,60,1958,
1959-01-01 00:00:00,0,11.423561643835615,12.11,Beauvais,60,1959,
1960-01-01 00:00:00,0,10.514207650273224,7.77,Beauvais,60,1960,
1961-01-01 00:00:00,0,11.26109589041096,0.98,Beauvais,60,1961,
1962-01-01 00:00:00,0,9.355068493150684,33.25,Beauvais,60,1962,
1963-01-01 00:00:00,0,9.164383561643836,13.16,Beauvais,60,1963,
1964-01-01 00:00:00,0,10.192622950819672,13.37,Beauvais,60,1964,
1965-01-01 00:00:00,0,9.712602739726028,29.82,Beauvais,60,1965,
1966-01-01 00:00:00,0,10.39917808219178,5.25,Beauvais,60,1966,
1967-01-01 00:00:00,0,10.351780821917808,3.29,Beauvais,60,1967,
1968-01-01 00:00:00,0,9.806284153005464,48.51,Beauvais,60,1968,
1969-01-01 00:00:00,0,10.188767123287672,34.09,Beauvais,60,1969,
1970-01-01 00:00:00,0,10.11041095890411,43.54,Beauvais,60,1970,
1971-01-01 00:00:00,0,10.326027397260274,14.98,Beauvais,60,1971,
1972-01-01 00:00:00,0,9.76120218579235,18.83,Beauvais,60,1972,
1973-01-01 00:00:00,0,10.155068493150685,11.48,Beauvais,60,1973,
1974-01-01 00:00:00,0,10.415068493150685,12.11,Beauvais,60,1974,
1975-01-01 00:00:00,0,10.24958904109589,18.97,Beauvais,60,1975,
1976-01-01 00:00:00,0,10.883060109289618,10.36,Beauvais,60,1976,
1977-01-01 00:00:00,0,10.243013698630136,6.44,Beauvais,60,1977,
1978-01-01 00:00:00,0,9.668219178082191,66.01,Beauvais,60,1978,
1979-01-01 00:00:00,0,9.653972602739726,19.67,Beauvais,60,1979,
1980-01-01 00:00:00,0,9.62896174863388,11.55,Beauvais,60,1980,
1981-01-01 00:00:00,0,10.303561643835616,26.04,Beauvais,60,1981,
1982-01-01 00:00:00,0,10.891780821917807,13.93,Beauvais,60,1982,
1983-01-01 00:00:00,0,10.86027397260274,13.16,Beauvais,60,1983,
1984-01-01 00:00:00,0,10.247267759562842,22.12,Beauvais,60,1984,
1985-01-01 00:00:00,0,9.46164383561644,17.22,Beauvais,60,1985,
1986-01-01 00:00:00,0,9.817260273972604,28.98,Beauvais,60,1986,
1987-01-01 00:00:00,0,9.65780821917808,18.62,Beauvais,60,1987,
1988-01-01 00:00:00,0,10.97704918032787,4.83,Beauvais,60,1988,
1989-01-01 00:00:00,0,11.509589041095891,9.66,Beauvais,60,1989,
1990-01-01 00:00:00,2,11.666849315068491,8.75,Beauvais,60,1990,
1991-01-01 00:00:00,0,10.316164383561643,8.190000000000001,Beauvais,60,1991,
1992-01-01 00:00:00,0,10.812841530054644,3.5,Beauvais,60,1992,
1993-01-01 00:00:00,0,10.431232876712327,8.61,Beauvais,60,1993,
1994-01-01 00:00:00,0,11.613150684931508,12.46,Beauvais,60,1994,
1995-01-01 00:00:00,0,11.342191780821915,10.92,Beauvais,60,1995,
1996-01-01 00:00:00,0,9.686338797814209,17.849999999999998,Beauvais,60,1996,
1997-01-01 00:00:00,0,11.145479452054794,10.15,Beauvais,60,1997,
1998-01-01 00:00:00,0,10.82109589041096,2.94,Beauvais,60,1998,
1999-01-01 00:00:00,0,11.484109589041095,18.55,Beauvais,60,1999,
2000-01-01 00:00:00,0,11.176775956284152,4.76,Beauvais,60,2000,
2001-01-01 00:00:00,0,10.963287671232877,11.9,Beauvais,60,2001,
2002-01-01 00:00:00,0,11.445205479452056,0.42,Beauvais,60,2002,
2003-01-01 00:00:00,7,11.643561643835616,11.41,Beauvais,60,2003,
2004-01-01 00:00:00,0,11.028415300546447,17.01,Beauvais,60,2004,
2005-01-01 00:00:00,0,11.257260273972602,22.75,Beauvais,60,2005,
2006-01-01 00:00:00,1,11.45013698630137,14.14,Beauvais,60,2006,
2007-01-01 00:00:00,0,11.446849315068494,4.62,Beauvais,60,2007,
2008-01-01 00:00:00,0,10.862021857923498,17.78,Beauvais,60,2008,
2009-01-01 00:00:00,0,11.07890410958904,22.82,Beauvais,60,2009,
2010-01-01 00:00:00,0,9.893150684931507,36.26,Beauvais,60,2010,
2011-01-01 00:00:00,0,12.012602739726027,0.49,Beauvais,60,2011,
2012-01-01 00:00:00,1,10.997814207650272,12.74,Beauvais,60,2012,
2013-01-01 00:00:00,0,10.562465753424656,53.48,Beauvais,60,2013,
2014-01-01 00:00:00,0,11.804109589041095,0.63,Beauvais,60,2014,
2015-01-01 00:00:00,1,11.650136986301373,4.55,Beauvais,60,2015,
2016-01-01 00:00:00,1,11.239071038251366,4.41,Beauvais,60,2016,
2017-01-01 00:00:00,0,11.12931506849315,10.57,Beauvais,60,2017,
2018-01-01 00:00:00,1,11.58164383561644,19.04,Beauvais,60,2018,
2019-01-01 00:00:00,2,11.20931506849315,24.43,Beauvais,60,2019,
2020-01-01 00:00:00,2,11.989344262295084,7.07,Beauvais,60,2020,
2021-01-01 00:00:00,0,10.472054794520549,11.76,Beauvais,60,2021,
2022-01-01 00:00:00,2,11.928219178082191,10.43,Beauvais,60,2022,
2023-01-01 00:00:00,0,11.935068493150686,2.66,Beauvais,60,2023,
2024-01-01 00:00:00,1,11.380054644808745,14.14,Beauvais,60,2024,
2025-01-01 00:00:00,1,11.289315068493153,20.86,Beauvais,60,2025,
1950-01-01 00:00:00,0,11.027397260273972,19.46,Limoges,87,1950,
1951-01-01 00:00:00,0,10.354246575342469,24.64,Limoges,87,1951,
1952-01-01 00:00:00,0,10.907377049180328,41.44,Limoges,87,1952,
1953-01-01 00:00:00,0,10.828219178082191,21.77,Limoges,87,1953,
1954-01-01 00:00:00,0,9.974794520547944,16.1,Limoges,87,1954,
1955-01-01 00:00:00,0,11.163013698630136,32.34,Limoges,87,1955,
1956-01-01 00:00:00,0,9.329781420765029,14.42,Limoges,87,1956,
1957-01-01 00:00:00,0,10.788493150684932,7.07,Limoges,87,1957,
1958-01-01 00:00:00,0,10.734794520547943,38.36,Limoges,87,1958,
1959-01-01 00:00:00,0,12.023013698630136,7.7,Limoges,87,1959,
1960-01-01 00:00:00,0,10.790710382513662,26.32,Limoges,87,1960,
1961-01-01 00:00:00,0,11.982191780821918,4.34,Limoges,87,1961,
1962-01-01 00:00:00,0,10.242191780821916,17.71,Limoges,87,1962,
1963-01-01 00:00:00,0,9.834246575342464,13.23,Limoges,87,1963,
1964-01-01 00:00:00,0,10.816666666666666,20.93,Limoges,87,1964,
1965-01-01 00:00:00,0,10.378904109589042,22.82,Limoges,87,1965,
1966-01-01 00:00:00,0,10.974246575342466,8.26,Limoges,87,1966,
1967-01-01 00:00:00,0,10.704931506849316,21.49,Limoges,87,1967,
1968-01-01 00:00:00,0,10.565573770491802,28.77,Limoges,87,1968,
1969-01-01 00:00:00,0,10.446301369863011,30.03,Limoges,87,1969,
1970-01-01 00:00:00,0,10.574246575342466,37.1,Limoges,87,1970,
1971-01-01 00:00:00,0,10.52191780821918,28.7,Limoges,87,1971,
1972-01-01 00:00:00,0,10.32568306010929,19.32,Limoges,87,1972,
1973-01-01 00:00:00,0,10.226849315068494,28.28,Limoges,87,1973,
1974-01-01 00:00:00,0,10.643287671232876,7.0,Limoges,87,1974,
1975-01-01 00:00:00,1,10.583287671232878,39.41,Limoges,87,1975,
1976-01-01 00:00:00,0,10.959836065573771,11.41,Limoges,87,1976,
1977-01-01 00:00:00,0,10.581917808219178,11.97,Limoges,87,1977,
1978-01-01 00:00:00,0,10.36164383561644,41.65,Limoges,87,1978,
1979-01-01 00:00:00,0,10.367945205479453,25.27,Limoges,87,1979,
1980-01-01 00:00:00,0,9.830874316939893,29.19,Limoges,87,1980,
1981-01-01 00:00:00,0,10.607123287671232,32.27,Limoges,87,1981,
1982-01-01 00:00:00,0,11.462191780821918,6.44,Limoges,87,1982,
1983-01-01 00:00:00,1,11.143835616438356,14.0,Limoges,87,1983,
1984-01-01 00:00:00,0,10.461475409836066,7.07,Limoges,87,1984,
1985-01-01 00:00:00,0,10.33890410958904,27.72,Limoges,87,1985,
1986-01-01 00:00:00,0,10.62054794520548,42.84,Limoges,87,1986,
1987-01-01 00:00:00,0,10.681095890410958,32.9,Limoges,87,1987,
1988-01-01 00:00:00,0,11.337158469945354,12.81,Limoges,87,1988,
1989-01-01 00:00:00,0,12.109041095890412,11.62,Limoges,87,1989,
1990-01-01 00:00:00,1,11.94191780821918,7.98,Limoges,87,1990,
1991-01-01 00:00:00,0,10.836986301369864,29.82,Limoges,87,1991,
1992-01-01 00:00:00,0,11.056010928961747,4.48,Limoges,87,1992,
1993-01-01 00:00:00,0,10.886575342465752,8.05,Limoges,87,1993,
1994-01-01 00:00:00,0,12.087397260273972,5.88,Limoges,87,1994,
1995-01-01 00:00:00,0,11.70794520547945,7.07,Limoges,87,1995,
1996-01-01 00:00:00,0,10.9103825136612,28.49,Limoges,87,1996,
1997-01-01 00:00:00,0,12.053972602739725,11.13,Limoges,87,1997,
1998-01-01 00:00:00,1,11.085753424657534,3.71,Limoges,87,1998,
1999-01-01 00:00:00,0,11.517808219178082,23.87,Limoges,87,1999,
2000-01-01 00:00:00,0,11.680054644808742,1.89,Limoges,87,2000,
2001-01-01 00:00:00,0,11.16876712328767,15.61,Limoges,87,2001,
2002-01-01 00:00:00,0,11.793150684931506,1.75,Limoges,87,2002,
2003-01-01 00:00:00,9,12.36986301369863,19.81,Limoges,87,2003,
2004-01-01 00:00:00,0,11.257377049180327,16.87,Limoges,87,2004,
2005-01-01 00:00:00,0,11.355616438356163,24.08,Limoges,87,2005,
2006-01-01 00:00:00,0,11.981917808219178,14.35,Limoges,87,2006,
2007-01-01 00:00:00,0,11.455342465753423,21.98,Limoges,87,2007,
2008-01-01 00:00:00,0,10.905737704918034,14.63,Limoges,87,2008,
2009-01-01 00:00:00,0,11.55945205479452,12.32,Limoges,87,2009,
2010-01-01 00:00:00,0,10.370958904109589,54.81,Limoges,87,2010,
2011-01-01 00:00:00,1,12.515890410958905,2.59,Limoges,87,2011,
2012-01-01 00:00:00,1,11.369672131147542,14.77,Limoges,87,2012,
2013-01-01 00:00:00,0,10.925753424657534,34.72,Limoges,87,2013,
2014-01-01 00:00:00,0,12.213972602739728,3.08,Limoges,87,2014,
2015-01-01 00:00:00,1,12.227123287671231,8.4,Limoges,87,2015,
2016-01-01 00:00:00,0,11.893169398907103,3.85,Limoges,87,2016,
2017-01-01 00:00:00,0,11.61753424657534,4.0600000000000005,Limoges,87,2017,
2018-01-01 00:00:00,0,12.45013698630137,15.82,Limoges,87,2018,
2019-01-01 00:00:00,3,12.08958904109589,13.93,Limoges,87,2019,
2020-01-01 00:00:00,1,12.587431693989071,1.8200000000000005,Limoges,87,2020,
2021-01-01 00:00:00,0,11.233150684931507,9.31,Limoges,87,2021,
2022-01-01 00:00:00,1,13.0413698630137,6.23,Limoges,87,2022,
2023-01-01 00:00:00,2,12.626849315068494,7.56,Limoges,87,2023,
2024-01-01 00:00:00,2,12.019125683060109,6.51,Limoges,87,2024,
2025-01-01 00:00:00,7,12.586849315068491,18.69,Limoges,87,2025,
1950-01-01 00:00:00,0,10.77917808219178,18.76,Bobigny,93,1950,
1951-01-01 00:00:00,0,10.556164383561644,2.59,Bobigny,93,1951,
1952-01-01 00:00:00,0,10.603551912568308,30.87,Bobigny,93,1952,
1953-01-01 00:00:00,0,10.724931506849314,12.53,Bobigny,93,1953,
1954-01-01 00:00:00,0,10.173698630136986,15.26,Bobigny,93,1954,
1955-01-01 00:00:00,0,10.4786301369863,21.21,Bobigny,93,1955,
1956-01-01 00:00:00,0,9.450546448087431,14.84,Bobigny,93,1956,
1957-01-01 00:00:00,0,11.028767123287672,3.71,Bobigny,93,1957,
1958-01-01 00:00:00,0,10.54986301369863,36.26,Bobigny,93,1958,
1959-01-01 00:00:00,1,11.874794520547946,11.83,Bobigny,93,1959,
1960-01-01 00:00:00,0,10.91775956284153,7.35,Bobigny,93,1960,
1961-01-01 00:00:00,0,11.755616438356164,0.63,Bobigny,93,1961,
1962-01-01 00:00:00,0,9.774246575342463,26.46,Bobigny,93,1962,
1963-01-01 00:00:00,0,9.57095890410959,10.5,Bobigny,93,1963,
1964-01-01 00:00:00,0,10.665300546448089,10.22,Bobigny,93,1964,
1965-01-01 00:00:00,0,10.094794520547945,14.35,Bobigny,93,1965,
1966-01-01 00:00:00,0,10.761917808219176,4.41,Bobigny,93,1966,
1967-01-01 00:00:00,0,10.704109589041096,2.87,Bobigny,93,1967,
1968-01-01 00:00:00,0,10.193715846994536,32.62,Bobigny,93,1968,
1969-01-01 00:00:00,0,10.475068493150683,24.78,Bobigny,93,1969,
1970-01-01 00:00:00,0,10.416712328767122,42.0,Bobigny,93,1970,
1971-01-01 00:00:00,0,10.54,11.2,Bobigny,93,1971,
1972-01-01 00:00:00,0,10.068579234972676,8.68,Bobigny,93,1972,
1973-01-01 00:00:00,0,10.43890410958904,10.78,Bobigny,93,1973,
1974-01-01 00:00:00,0,10.835890410958903,8.26,Bobigny,93,1974,
1975-01-01 00:00:00,0,10.536712328767123,13.44,Bobigny,93,1975,
1976-01-01 00:00:00,4,11.276229508196725,9.52,Bobigny,93,1976,
1977-01-01 00:00:00,0,10.576712328767124,2.24,Bobigny,93,1977,
1978-01-01 00:00:00,0,9.927397260273972,47.81,Bobigny,93,1978,
1979-01-01 00:00:00,0,10.05041095890411,14.56,Bobigny,93,1979,
1980-01-01 00:00:00,0,9.919945355191256,11.2,Bobigny,93,1980,
1981-01-01 00:00:00,0,10.614246575342465,18.55,Bobigny,93,1981,
1982-01-01 00:00:00,0,11.35232876712329,14.28,Bobigny,93,1982,
1983-01-01 00:00:00,0,11.169315068493152,10.22,Bobigny,93,1983,
1984-01-01 00:00:00,0,10.53497267759563,13.79,Bobigny,93,1984,
1985-01-01 00:00:00,0,9.796712328767123,10.01,Bobigny,93,1985,
1986-01-01 00:00:00,0,10.133972602739728,24.64,Bobigny,93,1986,
1987-01-01 00:00:00,0,9.944383561643836,25.69,Bobigny,93,1987,
1988-01-01 00:00:00,0,11.380054644808745,3.36,Bobigny,93,1988,
1989-01-01 00:00:00,0,11.812054794520549,2.87,Bobigny,93,1989,
1990-01-01 00:00:00,1,12.08876712328767,8.05,Bobigny,93,1990,
1991-01-01 00:00:00,0,10.691506849315068,6.16,Bobigny,93,1991,
1992-01-01 00:00:00,1,11.137158469945357,1.89,Bobigny,93,1992,
1993-01-01 00:00:00,0,10.791506849315068,5.11,Bobigny,93,1993,
1994-01-01 00:00:00,0,12.03835616438356,6.23,Bobigny,93,1994,
1995-01-01 00:00:00,0,11.63808219178082,11.41,Bobigny,93,1995,
1996-01-01 00:00:00,0,10.195628415300549,17.22,Bobigny,93,1996,
1997-01-01 00:00:00,0,11.471780821917807,14.000000000000002,Bobigny,93,1997,
1998-01-01 00:00:00,0,11.143287671232876,3.22,Bobigny,93,1998,
1999-01-01 00:00:00,0,11.809863013698632,19.04,Bobigny,93,1999,
2000-01-01 00:00:00,0,11.582513661202183,2.87,Bobigny,93,2000,
2001-01-01 00:00:00,0,11.312876712328766,3.99,Bobigny,93,2001,
2002-01-01 00:00:00,0,11.865753424657534,0.49,Bobigny,93,2002,
2003-01-01 00:00:00,6,12.073150684931507,8.82,Bobigny,93,2003,
2004-01-01 00:00:00,0,11.412295081967212,17.99,Bobigny,93,2004,
2005-01-01 00:00:00,0,11.627397260273971,21.07,Bobigny,93,2005,
2006-01-01 00:00:00,1,11.90876712328767,11.06,Bobigny,93,2006,
2007-01-01 00:00:00,0,11.77780821917808,1.89,Bobigny,93,2007,
2008-01-01 00:00:00,0,11.186612021857924,8.82,Bobigny,93,2008,
2009-01-01 00:00:00,0,11.487671232876712,14.56,Bobigny,93,2009,
2010-01-01 00:00:00,0,10.355342465753424,40.95,Bobigny,93,2010,
2011-01-01 00:00:00,0,12.46027397260274,0.07,Bobigny,93,2011,
2012-01-01 00:00:00,0,11.46120218579235,7.49,Bobigny,93,2012,
2013-01-01 00:00:00,0,11.037808219178082,37.94,Bobigny,93,2013,
2014-01-01 00:00:00,0,12.18219178082192,1.4,Bobigny,93,2014,
2015-01-01 00:00:00,1,12.17123287671233,2.59,Bobigny,93,2015,
2016-01-01 00:00:00,1,11.633879781420765,3.29,Bobigny,93,2016,
2017-01-01 00:00:00,1,12.022739726027398,4.55,Bobigny,93,2017,
2018-01-01 00:00:00,0,12.611506849315068,23.17,Bobigny,93,2018,
2019-01-01 00:00:00,2,12.248767123287672,19.6,Bobigny,93,2019,
2020-01-01 00:00:00,4,13.051912568306012,0.91,Bobigny,93,2020,
2021-01-01 00:00:00,0,11.416164383561645,10.15,Bobigny,93,2021,
2022-01-01 00:00:00,1,12.903835616438355,8.469999999999999,Bobigny,93,2022,
2023-01-01 00:00:00,0,12.884109589041095,4.13,Bobigny,93,2023,
2024-01-01 00:00:00,2,12.313661202185791,11.76,Bobigny,93,2024,
2025-01-01 00:00:00,1,12.841643835616438,7.279999999999999,Bobigny,93,2025,
1950-01-01 00:00:00,0,11.02986301369863,1.89,Caen,14,1950,
1951-01-01 00:00:00,0,10.97068493150685,0.56,Caen,14,1951,
1952-01-01 00:00:00,0,10.906010928961749,20.44,Caen,14,1952,
1953-01-01 00:00:00,1,10.97945205479452,15.75,Caen,14,1953,
1954-01-01 00:00:00,0,10.455616438356165,5.39,Caen,14,1954,
1955-01-01 00:00:00,0,10.61917808219178,15.89,Caen,14,1955,
1956-01-01 00:00:00,0,9.88360655737705,17.990000000000002,Caen,14,1956,
1957-01-01 00:00:00,1,11.476712328767125,0.21,Caen,14,1957,
1958-01-01 00:00:00,0,10.914794520547945,25.48,Caen,14,1958,
1959-01-01 00:00:00,2,12.07150684931507,2.38,Caen,14,1959,
1960-01-01 00:00:00,0,11.168306010928962,9.59,Caen,14,1960,
1961-01-01 00:00:00,1,11.673150684931509,0.42,Caen,14,1961,
1962-01-01 00:00:00,0,10.077534246575343,19.95,Caen,14,1962,
1963-01-01 00:00:00,0,9.633424657534244,12.11,Caen,14,1963,
1964-01-01 00:00:00,1,10.645901639344263,14.91,Caen,14,1964,
1965-01-01 00:00:00,0,10.42054794520548,7.35,Caen,14,1965,
1966-01-01 00:00:00,0,10.907123287671231,6.58,Caen,14,1966,
1967-01-01 00:00:00,0,10.949041095890411,7.07,Caen,14,1967,
1968-01-01 00:00:00,1,10.625409836065574,8.540000000000001,Caen,14,1968,
1969-01-01 00:00:00,0,10.986849315068492,15.33,Caen,14,1969,
1970-01-01 00:00:00,0,10.923835616438357,32.55,Caen,14,1970,
1971-01-01 00:00:00,0,10.98,12.74,Caen,14,1971,
1972-01-01 00:00:00,0,10.45,7.49,Caen,14,1972,
1973-01-01 00:00:00,0,10.70986301369863,3.22,Caen,14,1973,
1974-01-01 00:00:00,0,10.94082191780822,1.4,Caen,14,1974,
1975-01-01 00:00:00,2,10.933424657534246,4.76,Caen,14,1975,
1976-01-01 00:00:00,5,11.454098360655736,9.52,Caen,14,1976,
1977-01-01 00:00:00,0,10.853150684931506,3.5,Caen,14,1977,
1978-01-01 00:00:00,0,10.533972602739729,28.14,Caen,14,1978,
1979-01-01 00:00:00,0,10.34,20.09,Caen,14,1979,
1980-01-01 00:00:00,0,10.450546448087431,6.23,Caen,14,1980,
1981-01-01 00:00:00,0,11.075068493150685,12.53,Caen,14,1981,
1982-01-01 00:00:00,0,11.553150684931506,11.69,Caen,14,1982,
1983-01-01 00:00:00,1,11.352876712328769,2.87,Caen,14,1983,
1984-01-01 00:00:00,0,10.996994535519129,7.28,Caen,14,1984,
1985-01-01 00:00:00,0,10.303013698630137,14.98,Caen,14,1985,
1986-01-01 00:00:00,2,10.401643835616438,20.37,Caen,14,1986,
1987-01-01 00:00:00,0,10.46931506849315,14.91,Caen,14,1987,
1988-01-01 00:00:00,0,11.515027322404372,3.01,Caen,14,1988,
1989-01-01 00:00:00,0,12.15945205479452,2.66,Caen,14,1989,
1990-01-01 00:00:00,4,12.305479452054794,1.54,Caen,14,1990,
1991-01-01 00:00:00,0,10.927397260273972,7.979999999999999,Caen,14,1991,
1992-01-01 00:00:00,1,11.300546448087433,0.0,Caen,14,1992,
1993-01-01 00:00:00,0,11.029041095890411,2.1,Caen,14,1993,
1994-01-01 00:00:00,0,12.006575342465752,1.12,Caen,14,1994,
1995-01-01 00:00:00,3,11.984109589041095,0.42,Caen,14,1995,
1996-01-01 00:00:00,1,10.652185792349728,15.26,Caen,14,1996,
1997-01-01 00:00:00,0,11.665479452054791,8.68,Caen,14,1997,
1998-01-01 00:00:00,0,11.532054794520548,0.0,Caen,14,1998,
1999-01-01 00:00:00,0,12.091506849315069,5.6,Caen,14,1999,
2000-01-01 00:00:00,0,11.710109289617485,0.8400000000000001,Caen,14,2000,
2001-01-01 00:00:00,1,11.546849315068494,2.52,Caen,14,2001,
2002-01-01 00:00:00,0,11.967671232876713,0.14,Caen,14,2002,
2003-01-01 00:00:00,7,12.111506849315068,5.74,Caen,14,2003,
2004-01-01 00:00:00,1,11.737158469945356,9.66,Caen,14,2004,
2005-01-01 00:00:00,3,11.90054794520548,8.26,Caen,14,2005,
2006-01-01 00:00:00,2,12.059178082191782,11.62,Caen,14,2006,
2007-01-01 00:00:00,0,11.773972602739724,7.35,Caen,14,2007,
2008-01-01 00:00:00,0,11.421311475409835,2.52,Caen,14,2008,
2009-01-01 00:00:00,0,11.513698630136986,8.68,Caen,14,2009,
2010-01-01 00:00:00,0,10.558630136986302,27.16,Caen,14,2010,
2011-01-01 00:00:00,1,12.445205479452056,0.07,Caen,14,2011,
2012-01-01 00:00:00,0,11.456284153005464,7.07,Caen,14,2012,
2013-01-01 00:00:00,2,11.206849315068494,35.21,Caen,14,2013,
2014-01-01 00:00:00,0,12.353424657534246,0.07,Caen,14,2014,
2015-01-01 00:00:00,1,12.157534246575343,1.54,Caen,14,2015,
2016-01-01 00:00:00,2,11.811748633879782,1.89,Caen,14,2016,
2017-01-01 00:00:00,2,11.93178082191781,7.28,Caen,14,2017,
2018-01-01 00:00:00,0,11.983561643835616,5.32,Caen,14,2018,
2019-01-01 00:00:00,2,11.929863013698627,5.11,Caen,14,2019,
2020-01-01 00:00:00,4,12.428142076502732,0.8400000000000001,Caen,14,2020,
2021-01-01 00:00:00,0,11.294794520547946,8.68,Caen,14,2021,
2022-01-01 00:00:00,2,12.576438356164385,7.63,Caen,14,2022,
2023-01-01 00:00:00,0,12.582739726027397,3.3600000000000003,Caen,14,2023,
2024-01-01 00:00:00,0,12.132786885245904,26.25,Caen,14,2024,
2025-01-01 00:00:00,1,12.273150684931506,11.83,Caen,14,2025,
1950-01-01 00:00:00,0,12.478904109589042,36.26,Albi,81,1950,
1951-01-01 00:00:00,0,11.655616438356164,13.51,Albi,81,1951,
1952-01-01 00:00:00,0,12.450273224043716,25.34,Albi,81,1952,
1953-01-01 00:00:00,0,11.946027397260275,24.85,Albi,81,1953,
1954-01-01 00:00:00,0,11.19041095890411,20.16,Albi,81,1954,
1955-01-01 00:00:00,0,12.824109589041097,15.26,Albi,81,1955,
1956-01-01 00:00:00,0,10.786338797814208,20.37,Albi,81,1956,
1957-01-01 00:00:00,0,11.811780821917807,7.28,Albi,81,1957,
1958-01-01 00:00:00,0,12.235616438356164,22.68,Albi,81,1958,
1959-01-01 00:00:00,0,12.944657534246575,3.99,Albi,81,1959,
1960-01-01 00:00:00,0,11.969398907103823,45.57,Albi,81,1960,
1961-01-01 00:00:00,0,13.262191780821915,0.0,Albi,81,1961,
1962-01-01 00:00:00,0,11.943287671232875,10.92,Albi,81,1962,
1963-01-01 00:00:00,0,11.253150684931503,14.35,Albi,81,1963,
1964-01-01 00:00:00,0,12.14344262295082,24.85,Albi,81,1964,
1965-01-01 00:00:00,0,11.771232876712329,10.92,Albi,81,1965,
1966-01-01 00:00:00,0,12.410136986301367,5.32,Albi,81,1966,
1967-01-01 00:00:00,0,12.140273972602738,29.12,Albi,81,1967,
1968-01-01 00:00:00,0,12.1224043715847,16.94,Albi,81,1968,
1969-01-01 00:00:00,0,11.662191780821916,18.34,Albi,81,1969,
1970-01-01 00:00:00,0,11.976164383561644,41.86,Albi,81,1970,
1971-01-01 00:00:00,0,11.796438356164384,19.18,Albi,81,1971,
1972-01-01 00:00:00,0,11.797814207650273,8.26,Albi,81,1972,
1973-01-01 00:00:00,0,11.60958904109589,18.06,Albi,81,1973,
1974-01-01 00:00:00,0,11.673424657534246,14.35,Albi,81,1974,
1975-01-01 00:00:00,0,11.849589041095893,20.72,Albi,81,1975,
1976-01-01 00:00:00,0,12.053551912568308,7.0,Albi,81,1976,
1977-01-01 00:00:00,0,11.846575342465751,14.7,Albi,81,1977,
1978-01-01 00:00:00,0,11.615616438356165,39.13,Albi,81,1978,
1979-01-01 00:00:00,0,11.691780821917808,15.82,Albi,81,1979,
1980-01-01 00:00:00,0,11.082786885245902,40.95,Albi,81,1980,
1981-01-01 00:00:00,0,11.902739726027397,16.240000000000002,Albi,81,1981,
1982-01-01 00:00:00,0,12.78,6.300000000000001,Albi,81,1982,
1983-01-01 00:00:00,1,12.53945205479452,11.41,Albi,81,1983,
1984-01-01 00:00:00,0,11.600819672131149,4.48,Albi,81,1984,
1985-01-01 00:00:00,0,11.762465753424658,25.48,Albi,81,1985,
1986-01-01 00:00:00,0,12.305205479452054,28.07,Albi,81,1986,
1987-01-01 00:00:00,0,12.295342465753423,38.43,Albi,81,1987,
1988-01-01 00:00:00,0,12.67513661202186,9.87,Albi,81,1988,
1989-01-01 00:00:00,0,13.708767123287672,5.32,Albi,81,1989,
1990-01-01 00:00:00,0,13.169315068493152,8.82,Albi,81,1990,
1991-01-01 00:00:00,0,12.224931506849316,7.98,Albi,81,1991,
1992-01-01 00:00:00,0,12.228415300546448,11.13,Albi,81,1992,
1993-01-01 00:00:00,0,12.3213698630137,15.19,Albi,81,1993,
1994-01-01 00:00:00,0,13.291506849315068,7.140000000000001,Albi,81,1994,
1995-01-01 00:00:00,0,12.912054794520548,5.95,Albi,81,1995,
1996-01-01 00:00:00,0,12.294535519125684,15.68,Albi,81,1996,
1997-01-01 00:00:00,0,13.62931506849315,10.64,Albi,81,1997,
1998-01-01 00:00:00,0,12.4,3.3600000000000003,Albi,81,1998,
1999-01-01 00:00:00,0,12.738630136986302,23.73,Albi,81,1999,
2000-01-01 00:00:00,0,12.853278688524592,2.8000000000000003,Albi,81,2000,
2001-01-01 00:00:00,0,12.550684931506847,10.08,Albi,81,2001,
2002-01-01 00:00:00,0,12.98082191780822,0.42,Albi,81,2002,
2003-01-01 00:00:00,8,13.81972602739726,19.67,Albi,81,2003,
2004-01-01 00:00:00,0,12.565573770491802,11.83,Albi,81,2004,
2005-01-01 00:00:00,0,12.506575342465752,17.22,Albi,81,2005,
2006-01-01 00:00:00,0,13.486849315068492,34.65,Albi,81,2006,
2007-01-01 00:00:00,0,12.414520547945203,9.87,Albi,81,2007,
2008-01-01 00:00:00,0,12.381147540983608,22.47,Albi,81,2008,
2009-01-01 00:00:00,0,13.136986301369864,12.04,Albi,81,2009,
2010-01-01 00:00:00,0,11.888219178082192,34.44,Albi,81,2010,
2011-01-01 00:00:00,0,13.81780821917808,2.7300000000000004,Albi,81,2011,
2012-01-01 00:00:00,0,12.882786885245904,7.28,Albi,81,2012,
2013-01-01 00:00:00,0,12.25095890410959,45.99,Albi,81,2013,
2014-01-01 00:00:00,0,13.486301369863014,1.19,Albi,81,2014,
2015-01-01 00:00:00,0,13.536164383561644,11.9,Albi,81,2015,
2016-01-01 00:00:00,0,13.344535519125683,1.89,Albi,81,2016,
2017-01-01 00:00:00,0,12.875890410958904,14.14,Albi,81,2017,
2018-01-01 00:00:00,0,13.657260273972602,7.63,Albi,81,2018,
2019-01-01 00:00:00,2,13.312602739726028,1.4,Albi,81,2019,
2020-01-01 00:00:00,1,13.892349726775958,0.8400000000000001,Albi,81,2020,
2021-01-01 00:00:00,0,12.863013698630136,7.35,Albi,81,2021,
2022-01-01 00:00:00,5,14.813972602739726,7.210000000000001,Albi,81,2022,
2023-01-01 00:00:00,4,14.05150684931507,13.51,Albi,81,2023,
2024-01-01 00:00:00,0,13.69726775956284,9.66,Albi,81,2024,
2025-01-01 00:00:00,4,13.986027397260273,6.51,Albi,81,2025,
1950-01-01 00:00:00,0,10.349863013698627,31.99,Châlons-en-Champagne,51,1950,
1951-01-01 00:00:00,0,10.313150684931507,8.26,Châlons-en-Champagne,51,1951,
1952-01-01 00:00:00,3,10.264754098360656,39.76,Châlons-en-Champagne,51,1952,
1953-01-01 00:00:00,0,10.56109589041096,16.31,Châlons-en-Champagne,51,1953,
1954-01-01 00:00:00,0,9.687397260273972,17.15,Châlons-en-Champagne,51,1954,
1955-01-01 00:00:00,0,10.00876712328767,24.85,Châlons-en-Champagne,51,1955,
1956-01-01 00:00:00,0,8.973770491803279,27.09,Châlons-en-Champagne,51,1956,
1957-01-01 00:00:00,0,10.598082191780822,6.789999999999999,Châlons-en-Champagne,51,1957,
1958-01-01 00:00:00,0,10.216712328767125,39.06,Châlons-en-Champagne,51,1958,
1959-01-01 00:00:00,0,11.584383561643836,16.17,Châlons-en-Champagne,51,1959,
1960-01-01 00:00:00,0,10.567213114754098,11.69,Châlons-en-Champagne,51,1960,
1961-01-01 00:00:00,0,11.466849315068492,3.29,Châlons-en-Champagne,51,1961,
1962-01-01 00:00:00,0,9.345753424657534,32.76,Châlons-en-Champagne,51,1962,
1963-01-01 00:00:00,0,9.243287671232878,12.67,Châlons-en-Champagne,51,1963,
1964-01-01 00:00:00,1,10.529234972677596,22.33,Châlons-en-Champagne,51,1964,
1965-01-01 00:00:00,0,9.771506849315069,22.75,Châlons-en-Champagne,51,1965,
1966-01-01 00:00:00,0,10.65808219178082,10.85,Châlons-en-Champagne,51,1966,
1967-01-01 00:00:00,0,10.498356164383562,12.6,Châlons-en-Champagne,51,1967,
1968-01-01 00:00:00,0,9.89398907103825,42.7,Châlons-en-Champagne,51,1968,
1969-01-01 00:00:00,0,10.054246575342466,36.75,Châlons-en-Champagne,51,1969,
1970-01-01 00:00:00,0,9.975890410958904,63.28,Châlons-en-Champagne,51,1970,
1971-01-01 00:00:00,0,10.276712328767124,16.45,Châlons-en-Champagne,51,1971,
1972-01-01 00:00:00,0,9.7551912568306,11.13,Châlons-en-Champagne,51,1972,
1973-01-01 00:00:00,0,10.123561643835616,10.64,Châlons-en-Champagne,51,1973,
1974-01-01 00:00:00,0,10.583013698630138,7.07,Châlons-en-Champagne,51,1974,
1975-01-01 00:00:00,1,10.468219178082192,15.82,Châlons-en-Champagne,51,1975,
1976-01-01 00:00:00,0,10.925136612021856,16.66,Châlons-en-Champagne,51,1976,
1977-01-01 00:00:00,0,10.392602739726028,4.9,Châlons-en-Champagne,51,1977,
1978-01-01 00:00:00,0,9.54054794520548,42.07,Châlons-en-Champagne,51,1978,
1979-01-01 00:00:00,0,9.748219178082191,24.36,Châlons-en-Champagne,51,1979,
1980-01-01 00:00:00,0,9.595081967213115,14.35,Châlons-en-Champagne,51,1980,
1981-01-01 00:00:00,0,10.217534246575342,26.74,Châlons-en-Champagne,51,1981,
1982-01-01 00:00:00,0,10.968767123287671,15.61,Châlons-en-Champagne,51,1982,
1983-01-01 00:00:00,1,10.845753424657534,10.29,Châlons-en-Champagne,51,1983,
1984-01-01 00:00:00,0,10.203278688524591,24.22,Châlons-en-Champagne,51,1984,
1985-01-01 00:00:00,0,9.312328767123288,31.99,Châlons-en-Champagne,51,1985,
1986-01-01 00:00:00,0,9.827397260273973,32.41,Châlons-en-Champagne,51,1986,
1987-01-01 00:00:00,0,9.673972602739726,24.64,Châlons-en-Champagne,51,1987,
1988-01-01 00:00:00,0,11.12377049180328,8.47,Châlons-en-Champagne,51,1988,
1989-01-01 00:00:00,0,11.46821917808219,3.22,Châlons-en-Champagne,51,1989,
1990-01-01 00:00:00,0,11.545479452054796,18.27,Châlons-en-Champagne,51,1990,
1991-01-01 00:00:00,0,10.37068493150685,13.23,Châlons-en-Champagne,51,1991,
1992-01-01 00:00:00,1,10.949726775956284,1.33,Châlons-en-Champagne,51,1992,
1993-01-01 00:00:00,0,10.6786301369863,6.23,Châlons-en-Champagne,51,1993,
1994-01-01 00:00:00,0,11.826575342465754,10.99,Châlons-en-Champagne,51,1994,
1995-01-01 00:00:00,1,11.228219178082192,15.75,Châlons-en-Champagne,51,1995,
1996-01-01 00:00:00,0,9.660655737704918,28.35,Châlons-en-Champagne,51,1996,
1997-01-01 00:00:00,0,10.886301369863014,22.75,Châlons-en-Champagne,51,1997,
1998-01-01 00:00:00,2,10.691506849315068,7.28,Châlons-en-Champagne,51,1998,
1999-01-01 00:00:00,0,11.38986301369863,33.18,Châlons-en-Champagne,51,1999,
2000-01-01 00:00:00,0,11.42896174863388,0.98,Châlons-en-Champagne,51,2000,
2001-01-01 00:00:00,0,10.953698630136984,11.76,Châlons-en-Champagne,51,2001,
2002-01-01 00:00:00,0,11.615890410958905,0.28,Châlons-en-Champagne,51,2002,
2003-01-01 00:00:00,8,11.63890410958904,16.17,Châlons-en-Champagne,51,2003,
2004-01-01 00:00:00,0,10.784426229508195,26.04,Châlons-en-Champagne,51,2004,
2005-01-01 00:00:00,0,11.210684931506847,28.7,Châlons-en-Champagne,51,2005,
2006-01-01 00:00:00,2,11.582739726027397,17.36,Châlons-en-Champagne,51,2006,
2007-01-01 00:00:00,0,11.443287671232875,2.73,Châlons-en-Champagne,51,2007,
2008-01-01 00:00:00,0,10.78825136612022,12.88,Châlons-en-Champagne,51,2008,
2009-01-01 00:00:00,1,11.132054794520547,19.25,Châlons-en-Champagne,51,2009,
2010-01-01 00:00:00,0,10.002739726027396,55.58,Châlons-en-Champagne,51,2010,
2011-01-01 00:00:00,0,12.038082191780822,4.69,Châlons-en-Champagne,51,2011,
2012-01-01 00:00:00,1,11.037704918032787,8.47,Châlons-en-Champagne,51,2012,
2013-01-01 00:00:00,0,10.68082191780822,31.08,Châlons-en-Champagne,51,2013,
2014-01-01 00:00:00,0,12.158356164383562,3.29,Châlons-en-Champagne,51,2014,
2015-01-01 00:00:00,4,11.876712328767123,7.98,Châlons-en-Champagne,51,2015,
2016-01-01 00:00:00,1,11.298360655737705,2.8,Châlons-en-Champagne,51,2016,
2017-01-01 00:00:00,1,11.443561643835617,10.64,Châlons-en-Champagne,51,2017,
2018-01-01 00:00:00,4,12.544109589041096,23.17,Châlons-en-Champagne,51,2018,
2019-01-01 00:00:00,4,12.02849315068493,21.42,Châlons-en-Champagne,51,2019,
2020-01-01 00:00:00,7,12.769398907103826,5.46,Châlons-en-Champagne,51,2020,
2021-01-01 00:00:00,0,10.97835616438356,20.23,Châlons-en-Champagne,51,2021,
2022-01-01 00:00:00,1,12.45013698630137,5.18,Châlons-en-Champagne,51,2022,
2023-01-01 00:00:00,0,12.34082191780822,7.069999999999999,Châlons-en-Champagne,51,2023,
2024-01-01 00:00:00,0,11.883606557377048,13.58,Châlons-en-Champagne,51,2024,
2025-01-01 00:00:00,3,11.952602739726029,6.72,Châlons-en-Champagne,51,2025,
1950-01-01 00:00:00,0,10.276164383561644,28.42,Guéret,23,1950,
1951-01-01 00:00:00,0,9.650958904109588,24.08,Guéret,23,1951,
1952-01-01 00:00:00,1,10.039071038251366,56.7,Guéret,23,1952,
1953-01-01 00:00:00,0,9.91835616438356,34.09,Guéret,23,1953,
1954-01-01 00:00:00,0,9.16904109589041,31.36,Guéret,23,1954,
1955-01-01 00:00:00,0,10.18958904109589,34.230000000000004,Guéret,23,1955,
1956-01-01 00:00:00,0,8.513934426229508,19.04,Guéret,23,1956,
1957-01-01 00:00:00,0,9.951506849315068,19.04,Guéret,23,1957,
1958-01-01 00:00:00,0,9.926301369863014,48.23,Guéret,23,1958,
1959-01-01 00:00:00,0,11.266027397260276,9.73,Guéret,23,1959,
1960-01-01 00:00:00,0,10.031147540983609,33.67,Guéret,23,1960,
1961-01-01 00:00:00,0,11.222739726027395,10.29,Guéret,23,1961,
1962-01-01 00:00:00,0,9.246575342465754,38.15,Guéret,23,1962,
1963-01-01 00:00:00,0,8.977808219178083,24.36,Guéret,23,1963,
1964-01-01 00:00:00,0,9.935245901639345,28.28,Guéret,23,1964,
1965-01-01 00:00:00,0,9.511232876712327,37.03,Guéret,23,1965,
1966-01-01 00:00:00,0,10.176986301369864,24.71,Guéret,23,1966,
1967-01-01 00:00:00,0,9.977534246575344,27.23,Guéret,23,1967,
1968-01-01 00:00:00,0,9.671311475409835,39.97,Guéret,23,1968,
1969-01-01 00:00:00,0,9.590958904109588,50.4,Guéret,23,1969,
1970-01-01 00:00:00,0,9.77068493150685,58.8,Guéret,23,1970,
1971-01-01 00:00:00,0,9.653424657534249,44.66,Guéret,23,1971,
1972-01-01 00:00:00,0,9.418852459016394,24.78,Guéret,23,1972,
1973-01-01 00:00:00,0,9.412602739726028,31.36,Guéret,23,1973,
1974-01-01 00:00:00,0,9.833150684931509,10.15,Guéret,23,1974,
1975-01-01 00:00:00,0,9.536164383561644,48.23,Guéret,23,1975,
1976-01-01 00:00:00,0,10.199726775956284,23.73,Guéret,23,1976,
1977-01-01 00:00:00,0,9.826575342465754,15.96,Guéret,23,1977,
1978-01-01 00:00:00,0,9.443561643835617,63.77,Guéret,23,1978,
1979-01-01 00:00:00,0,9.593424657534246,41.44,Guéret,23,1979,
1980-01-01 00:00:00,0,8.989890710382515,57.05,Guéret,23,1980,
1981-01-01 00:00:00,0,9.783561643835617,49.21,Guéret,23,1981,
1982-01-01 00:00:00,0,10.728767123287671,18.34,Guéret,23,1982,
1983-01-01 00:00:00,0,10.326027397260274,30.52,Guéret,23,1983,
1984-01-01 00:00:00,0,9.643715846994535,15.96,Guéret,23,1984,
1985-01-01 00:00:00,0,9.503835616438357,36.19,Guéret,23,1985,
1986-01-01 00:00:00,0,9.826301369863014,40.32,Guéret,23,1986,
1987-01-01 00:00:00,0,9.772602739726029,45.57,Guéret,23,1987,
1988-01-01 00:00:00,0,10.447540983606558,22.12,Guéret,23,1988,
1989-01-01 00:00:00,0,11.243835616438355,3.85,Guéret,23,1989,
1990-01-01 00:00:00,0,11.183835616438357,17.15,Guéret,23,1990,
1991-01-01 00:00:00,0,10.036712328767123,25.2,Guéret,23,1991,
1992-01-01 00:00:00,0,10.333879781420764,10.29,Guéret,23,1992,
1993-01-01 00:00:00,0,10.13013698630137,13.65,Guéret,23,1993,
1994-01-01 00:00:00,0,11.361369863013698,12.39,Guéret,23,1994,
1995-01-01 00:00:00,0,10.8786301369863,18.34,Guéret,23,1995,
1996-01-01 00:00:00,0,9.958743169398907,42.21,Guéret,23,1996,
1997-01-01 00:00:00,0,11.196438356164384,18.2,Guéret,23,1997,
1998-01-01 00:00:00,1,10.376986301369865,9.8,Guéret,23,1998,
1999-01-01 00:00:00,0,10.73123287671233,43.61,Guéret,23,1999,
2000-01-01 00:00:00,0,10.880327868852458,4.41,Guéret,23,2000,
2001-01-01 00:00:00,0,10.29835616438356,19.04,Guéret,23,2001,
2002-01-01 00:00:00,0,11.04054794520548,0.35,Guéret,23,2002,
2003-01-01 00:00:00,10,11.526301369863017,31.29,Guéret,23,2003,
2004-01-01 00:00:00,0,10.3724043715847,38.57,Guéret,23,2004,
2005-01-01 00:00:00,0,10.388219178082192,50.89,Guéret,23,2005,
2006-01-01 00:00:00,0,11.11890410958904,22.05,Guéret,23,2006,
2007-01-01 00:00:00,0,10.533424657534246,31.78,Guéret,23,2007,
2008-01-01 00:00:00,0,10.062295081967214,23.59,Guéret,23,2008,
2009-01-01 00:00:00,0,10.653972602739726,22.68,Guéret,23,2009,
2010-01-01 00:00:00,0,9.42876712328767,62.93,Guéret,23,2010,
2011-01-01 00:00:00,0,11.643013698630137,7.77,Guéret,23,2011,
2012-01-01 00:00:00,2,10.543715846994536,21.28,Guéret,23,2012,
2013-01-01 00:00:00,0,10.042739726027396,44.87,Guéret,23,2013,
2014-01-01 00:00:00,0,11.443013698630136,5.6000000000000005,Guéret,23,2014,
2015-01-01 00:00:00,0,11.533972602739723,18.76,Guéret,23,2015,
2016-01-01 00:00:00,0,10.945081967213117,7.91,Guéret,23,2016,
2017-01-01 00:00:00,0,10.86164383561644,25.97,Guéret,23,2017,
2018-01-01 00:00:00,0,11.67068493150685,34.58,Guéret,23,2018,
2019-01-01 00:00:00,5,11.475342465753425,27.58,Guéret,23,2019,
2020-01-01 00:00:00,1,11.90327868852459,15.26,Guéret,23,2020,
2021-01-01 00:00:00,0,10.4013698630137,30.66,Guéret,23,2021,
2022-01-01 00:00:00,1,12.26054794520548,16.1,Guéret,23,2022,
2023-01-01 00:00:00,1,11.959178082191782,26.04,Guéret,23,2023,
2024-01-01 00:00:00,0,11.407650273224045,10.85,Guéret,23,2024,
2025-01-01 00:00:00,2,11.64986301369863,23.17,Guéret,23,2025,
1950-01-01 00:00:00,0,11.946849315068494,38.78,Tulle,19,1950,
1951-01-01 00:00:00,0,11.19890410958904,49.56,Tulle,19,1951,
1952-01-01 00:00:00,0,11.883606557377048,68.6,Tulle,19,1952,
1953-01-01 00:00:00,0,11.71041095890411,31.22,Tulle,19,1953,
1954-01-01 00:00:00,0,10.856164383561644,21.07,Tulle,19,1954,
1955-01-01 00:00:00,0,12.204109589041096,30.94,Tulle,19,1955,
1956-01-01 00:00:00,0,10.212841530054645,18.55,Tulle,19,1956,
1957-01-01 00:00:00,0,11.602739726027398,14.28,Tulle,19,1957,
1958-01-01 00:00:00,0,11.72958904109589,38.36,Tulle,19,1958,
1959-01-01 00:00:00,0,12.788493150684932,12.25,Tulle,19,1959,
1960-01-01 00:00:00,0,11.64016393442623,33.67,Tulle,19,1960,
1961-01-01 00:00:00,0,12.814246575342466,16.31,Tulle,19,1961,
1962-01-01 00:00:00,0,11.404931506849316,25.13,Tulle,19,1962,
1963-01-01 00:00:00,0,10.873424657534247,15.82,Tulle,19,1963,
1964-01-01 00:00:00,0,11.78688524590164,30.24,Tulle,19,1964,
1965-01-01 00:00:00,0,11.317260273972604,32.97,Tulle,19,1965,
1966-01-01 00:00:00,0,11.893972602739726,14.91,Tulle,19,1966,
1967-01-01 00:00:00,0,11.742191780821916,29.68,Tulle,19,1967,
1968-01-01 00:00:00,0,11.5672131147541,40.25,Tulle,19,1968,
1969-01-01 00:00:00,0,11.291506849315068,37.1,Tulle,19,1969,
1970-01-01 00:00:00,0,11.466575342465754,52.85,Tulle,19,1970,
1971-01-01 00:00:00,0,11.488767123287673,33.74,Tulle,19,1971,
1972-01-01 00:00:00,0,11.246994535519123,22.68,Tulle,19,1972,
1973-01-01 00:00:00,0,11.18027397260274,32.48,Tulle,19,1973,
1974-01-01 00:00:00,0,11.43041095890411,11.76,Tulle,19,1974,
1975-01-01 00:00:00,0,11.513698630136986,40.18,Tulle,19,1975,
1976-01-01 00:00:00,0,11.930054644808742,16.66,Tulle,19,1976,
1977-01-01 00:00:00,0,11.446575342465753,18.13,Tulle,19,1977,
1978-01-01 00:00:00,0,11.238630136986302,56.14,Tulle,19,1978,
1979-01-01 00:00:00,0,11.272328767123287,43.33,Tulle,19,1979,
1980-01-01 00:00:00,0,10.737978142076502,54.95,Tulle,19,1980,
1981-01-01 00:00:00,0,11.53178082191781,36.47,Tulle,19,1981,
1982-01-01 00:00:00,0,12.398082191780825,12.04,Tulle,19,1982,
1983-01-01 00:00:00,1,12.176438356164384,15.4,Tulle,19,1983,
1984-01-01 00:00:00,0,11.303551912568308,20.23,Tulle,19,1984,
1985-01-01 00:00:00,0,11.334794520547945,39.48,Tulle,19,1985,
1986-01-01 00:00:00,0,11.659999999999998,62.93,Tulle,19,1986,
1987-01-01 00:00:00,0,11.71041095890411,35.14,Tulle,19,1987,
1988-01-01 00:00:00,0,12.223497267759564,12.81,Tulle,19,1988,
1989-01-01 00:00:00,0,12.995890410958904,23.1,Tulle,19,1989,
1990-01-01 00:00:00,0,12.77068493150685,17.15,Tulle,19,1990,
1991-01-01 00:00:00,0,11.833698630136986,31.78,Tulle,19,1991,
1992-01-01 00:00:00,0,12.045628415300548,9.87,Tulle,19,1992,
1993-01-01 00:00:00,0,11.844383561643836,9.94,Tulle,19,1993,
1994-01-01 00:00:00,0,12.97068493150685,12.81,Tulle,19,1994,
1995-01-01 00:00:00,0,12.62082191780822,14.84,Tulle,19,1995,
1996-01-01 00:00:00,0,11.84016393442623,26.04,Tulle,19,1996,
1997-01-01 00:00:00,0,13.087671232876712,11.55,Tulle,19,1997,
1998-01-01 00:00:00,2,12.037534246575342,5.46,Tulle,19,1998,
1999-01-01 00:00:00,0,12.364931506849317,37.66,Tulle,19,1999,
2000-01-01 00:00:00,0,12.457103825136612,7.0,Tulle,19,2000,
2001-01-01 00:00:00,0,12.090136986301369,20.65,Tulle,19,2001,
2002-01-01 00:00:00,0,12.595342465753426,1.54,Tulle,19,2002,
2003-01-01 00:00:00,11,13.396986301369862,22.33,Tulle,19,2003,
2004-01-01 00:00:00,0,12.069398907103825,23.87,Tulle,19,2004,
2005-01-01 00:00:00,0,12.179726027397262,21.84,Tulle,19,2005,
2006-01-01 00:00:00,0,12.940821917808218,24.99,Tulle,19,2006,
2007-01-01 00:00:00,0,12.331780821917809,10.64,Tulle,19,2007,
2008-01-01 00:00:00,0,11.845628415300547,30.66,Tulle,19,2008,
2009-01-01 00:00:00,0,12.555890410958902,17.5,Tulle,19,2009,
2010-01-01 00:00:00,0,11.354794520547944,54.88,Tulle,19,2010,
2011-01-01 00:00:00,0,13.412054794520548,4.34,Tulle,19,2011,
2012-01-01 00:00:00,0,12.226229508196722,18.27,Tulle,19,2012,
2013-01-01 00:00:00,0,11.889315068493152,35.0,Tulle,19,2013,
2014-01-01 00:00:00,0,13.07917808219178,9.03,Tulle,19,2014,
2015-01-01 00:00:00,2,13.173150684931509,10.64,Tulle,19,2015,
2016-01-01 00:00:00,0,12.724316939890713,12.46,Tulle,19,2016,
2017-01-01 00:00:00,0,12.740821917808216,19.53,Tulle,19,2017,
2018-01-01 00:00:00,1,13.781369863013698,28.84,Tulle,19,2018,
2019-01-01 00:00:00,5,13.272328767123287,27.37,Tulle,19,2019,
2020-01-01 00:00:00,3,13.807650273224043,14.91,Tulle,19,2020,
2021-01-01 00:00:00,0,12.528219178082193,16.73,Tulle,19,2021,
2022-01-01 00:00:00,3,14.369315068493153,13.3,Tulle,19,2022,
2023-01-01 00:00:00,2,13.642465753424656,25.55,Tulle,19,2023,
2024-01-01 00:00:00,1,13.115573770491803,19.39,Tulle,19,2024,
2025-01-01 00:00:00,5,13.537534246575342,12.53,Tulle,19,2025,
1950-01-01 00:00:00,0,10.316438356164385,68.67,Rodez,12,1950,
1951-01-01 00:00:00,0,9.633150684931506,77.21,Rodez,12,1951,
1952-01-01 00:00:00,0,10.129781420765028,95.27,Rodez,12,1952,
1953-01-01 00:00:00,0,9.797534246575342,50.12,Rodez,12,1953,
1954-01-01 00:00:00,0,9.16027397260274,47.6,Rodez,12,1954,
1955-01-01 00:00:00,0,10.585479452054797,35.0,Rodez,12,1955,
1956-01-01 00:00:00,0,8.524590163934427,41.16,Rodez,12,1956,
1957-01-01 00:00:00,0,9.875068493150684,26.39,Rodez,12,1957,
1958-01-01 00:00:00,0,10.143835616438356,48.16,Rodez,12,1958,
1959-01-01 00:00:00,0,10.946849315068492,18.27,Rodez,12,1959,
1960-01-01 00:00:00,0,9.940437158469944,65.24,Rodez,12,1960,
1961-01-01 00:00:00,0,11.08931506849315,12.32,Rodez,12,1961,
1962-01-01 00:00:00,0,9.795342465753423,40.04,Rodez,12,1962,
1963-01-01 00:00:00,0,9.141917808219178,60.62,Rodez,12,1963,
1964-01-01 00:00:00,0,10.14016393442623,49.14,Rodez,12,1964,
1965-01-01 00:00:00,0,9.645479452054794,49.07,Rodez,12,1965,
1966-01-01 00:00:00,0,10.33972602739726,31.22,Rodez,12,1966,
1967-01-01 00:00:00,0,10.023835616438356,51.03,Rodez,12,1967,
1968-01-01 00:00:00,0,10.03360655737705,57.12,Rodez,12,1968,
1969-01-01 00:00:00,0,9.632876712328768,59.85,Rodez,12,1969,
1970-01-01 00:00:00,0,9.868219178082192,87.92,Rodez,12,1970,
1971-01-01 00:00:00,0,9.746849315068491,80.14999999999999,Rodez,12,1971,
1972-01-01 00:00:00,0,9.73688524590164,34.44,Rodez,12,1972,
1973-01-01 00:00:00,0,9.522465753424656,59.5,Rodez,12,1973,
1974-01-01 00:00:00,0,9.66904109589041,45.01,Rodez,12,1974,
1975-01-01 00:00:00,0,9.877534246575342,46.13,Rodez,12,1975,
1976-01-01 00:00:00,0,10.060928961748637,39.9,Rodez,12,1976,
1977-01-01 00:00:00,0,9.863287671232875,35.28,Rodez,12,1977,
1978-01-01 00:00:00,0,9.510136986301369,96.11,Rodez,12,1978,
1979-01-01 00:00:00,0,9.531232876712329,75.39,Rodez,12,1979,
1980-01-01 00:00:00,0,9.043715846994536,87.43,Rodez,12,1980,
1981-01-01 00:00:00,0,9.916438356164385,55.65,Rodez,12,1981,
1982-01-01 00:00:00,0,10.757808219178084,30.590000000000003,Rodez,12,1982,
1983-01-01 00:00:00,1,10.576438356164385,32.55,Rodez,12,1983,
1984-01-01 00:00:00,0,9.565300546448087,37.73,Rodez,12,1984,
1985-01-01 00:00:00,0,9.666301369863014,52.15,Rodez,12,1985,
1986-01-01 00:00:00,0,10.164109589041097,87.92,Rodez,12,1986,
1987-01-01 00:00:00,0,10.125479452054796,61.53,Rodez,12,1987,
1988-01-01 00:00:00,0,10.62622950819672,34.3,Rodez,12,1988,
1989-01-01 00:00:00,0,11.427671232876714,45.010000000000005,Rodez,12,1989,
1990-01-01 00:00:00,0,11.022739726027398,24.78,Rodez,12,1990,
1991-01-01 00:00:00,0,10.267397260273972,24.92,Rodez,12,1991,
1992-01-01 00:00:00,0,10.417486338797817,29.19,Rodez,12,1992,
1993-01-01 00:00:00,0,10.269589041095893,24.92,Rodez,12,1993,
1994-01-01 00:00:00,0,11.360821917808218,57.61,Rodez,12,1994,
1995-01-01 00:00:00,0,10.913972602739726,23.8,Rodez,12,1995,
1996-01-01 00:00:00,0,10.196448087431694,50.26,Rodez,12,1996,
1997-01-01 00:00:00,0,11.52191780821918,24.71,Rodez,12,1997,
1998-01-01 00:00:00,0,10.371780821917808,20.79,Rodez,12,1998,
1999-01-01 00:00:00,0,10.694246575342468,60.97,Rodez,12,1999,
2000-01-01 00:00:00,0,10.809016393442622,18.9,Rodez,12,2000,
2001-01-01 00:00:00,0,10.557534246575342,36.61,Rodez,12,2001,
2002-01-01 00:00:00,0,10.931780821917808,9.1,Rodez,12,2002,
2003-01-01 00:00:00,1,11.73041095890411,42.7,Rodez,12,2003,
2004-01-01 00:00:00,0,10.5224043715847,37.73,Rodez,12,2004,
2005-01-01 00:00:00,0,10.49917808219178,43.61,Rodez,12,2005,
2006-01-01 00:00:00,0,11.43890410958904,58.66,Rodez,12,2006,
2007-01-01 00:00:00,0,10.50246575342466,23.8,Rodez,12,2007,
2008-01-01 00:00:00,0,10.255464480874316,58.38,Rodez,12,2008,
2009-01-01 00:00:00,0,11.046849315068492,35.84,Rodez,12,2009,
2010-01-01 00:00:00,0,9.785479452054794,72.73,Rodez,12,2010,
2011-01-01 00:00:00,0,11.652054794520549,20.02,Rodez,12,2011,
2012-01-01 00:00:00,0,10.647267759562842,25.2,Rodez,12,2012,
2013-01-01 00:00:00,0,10.2013698630137,72.52,Rodez,12,2013,
2014-01-01 00:00:00,0,11.392328767123288,35.77,Rodez,12,2014,
2015-01-01 00:00:00,0,11.54931506849315,33.81,Rodez,12,2015,
2016-01-01 00:00:00,0,11.157377049180328,23.24,Rodez,12,2016,
2017-01-01 00:00:00,0,11.20082191780822,35.28,Rodez,12,2017,
2018-01-01 00:00:00,0,12.027945205479451,39.13,Rodez,12,2018,
2019-01-01 00:00:00,2,11.651232876712328,37.03,Rodez,12,2019,
2020-01-01 00:00:00,0,12.167759562841528,22.26,Rodez,12,2020,
2021-01-01 00:00:00,0,11.028767123287672,29.54,Rodez,12,2021,
2022-01-01 00:00:00,0,13.169863013698633,18.62,Rodez,12,2022,
2023-01-01 00:00:00,2,12.282739726027398,33.74,Rodez,12,2023,
2024-01-01 00:00:00,0,11.923497267759563,29.05,Rodez,12,2024,
2025-01-01 00:00:00,2,12.336438356164384,33.67,Rodez,12,2025,
1950-01-01 00:00:00,0,9.711232876712328,131.25,Mende,48,1950,
1951-01-01 00:00:00,0,8.927397260273972,157.36,Mende,48,1951,
1952-01-01 00:00:00,1,9.241256830601094,181.72,Mende,48,1952,
1953-01-01 00:00:00,0,9.12054794520548,47.39,Mende,48,1953,
1954-01-01 00:00:00,0,8.377534246575342,128.38,Mende,48,1954,
1955-01-01 00:00:00,0,9.764383561643836,97.09,Mende,48,1955,
1956-01-01 00:00:00,0,7.747540983606557,113.68,Mende,48,1956,
1957-01-01 00:00:00,0,9.13890410958904,146.29999999999998,Mende,48,1957,
1958-01-01 00:00:00,0,9.302465753424658,94.22,Mende,48,1958,
1959-01-01 00:00:00,0,9.846575342465751,125.16,Mende,48,1959,
1960-01-01 00:00:00,0,9.013387978142076,107.24,Mende,48,1960,
1961-01-01 00:00:00,0,10.244383561643836,96.04,Mende,48,1961,
1962-01-01 00:00:00,0,8.841643835616438,135.73,Mende,48,1962,
1963-01-01 00:00:00,0,8.22082191780822,178.92,Mende,48,1963,
1964-01-01 00:00:00,0,9.525956284153006,77.42,Mende,48,1964,
1965-01-01 00:00:00,0,8.656164383561643,150.71,Mende,48,1965,
1966-01-01 00:00:00,0,9.478904109589042,131.81,Mende,48,1966,
1967-01-01 00:00:00,0,9.385753424657535,130.41,Mende,48,1967,
1968-01-01 00:00:00,0,9.140710382513662,119.07,Mende,48,1968,
1969-01-01 00:00:00,0,8.664383561643836,161.91,Mende,48,1969,
1970-01-01 00:00:00,0,9.103287671232875,126.35,Mende,48,1970,
1971-01-01 00:00:00,0,8.783013698630137,222.39,Mende,48,1971,
1972-01-01 00:00:00,0,8.692349726775957,222.04,Mende,48,1972,
1973-01-01 00:00:00,0,8.636438356164383,146.09,Mende,48,1973,
1974-01-01 00:00:00,0,8.892602739726028,138.53,Mende,48,1974,
1975-01-01 00:00:00,0,9.06,113.12,Mende,48,1975,
1976-01-01 00:00:00,0,9.138524590163934,132.65,Mende,48,1976,
1977-01-01 00:00:00,0,9.052328767123289,88.06,Mende,48,1977,
1978-01-01 00:00:00,0,8.635616438356164,249.48,Mende,48,1978,
1979-01-01 00:00:00,0,8.728767123287671,189.21,Mende,48,1979,
1980-01-01 00:00:00,0,8.293715846994536,152.95,Mende,48,1980,
1981-01-01 00:00:00,0,9.103013698630138,159.81,Mende,48,1981,
1982-01-01 00:00:00,1,9.907397260273973,108.85,Mende,48,1982,
1983-01-01 00:00:00,1,9.776712328767124,107.8,Mende,48,1983,
1984-01-01 00:00:00,0,8.718032786885246,112.0,Mende,48,1984,
1985-01-01 00:00:00,0,9.08027397260274,116.62,Mende,48,1985,
1986-01-01 00:00:00,0,9.349315068493151,206.85,Mende,48,1986,
1987-01-01 00:00:00,0,9.424383561643836,147.14,Mende,48,1987,
1988-01-01 00:00:00,0,9.85464480874317,85.19,Mende,48,1988,
1989-01-01 00:00:00,0,10.487123287671231,79.8,Mende,48,1989,
1990-01-01 00:00:00,0,10.324931506849314,79.52,Mende,48,1990,
1991-01-01 00:00:00,0,9.546575342465754,77.42,Mende,48,1991,
1992-01-01 00:00:00,0,9.950273224043716,68.6,Mende,48,1992,
1993-01-01 00:00:00,0,9.497260273972604,84.0,Mende,48,1993,
1994-01-01 00:00:00,0,10.62986301369863,148.19,Mende,48,1994,
1995-01-01 00:00:00,0,9.953698630136984,96.32,Mende,48,1995,
1996-01-01 00:00:00,0,9.118306010928965,155.54,Mende,48,1996,
1997-01-01 00:00:00,0,10.665479452054797,88.97,Mende,48,1997,
1998-01-01 00:00:00,0,9.586849315068491,90.23,Mende,48,1998,
1999-01-01 00:00:00,0,9.78986301369863,121.52,Mende,48,1999,
2000-01-01 00:00:00,0,9.983879781420764,55.72,Mende,48,2000,
2001-01-01 00:00:00,0,9.774520547945205,93.8,Mende,48,2001,
2002-01-01 00:00:00,0,10.216164383561644,69.37,Mende,48,2002,
2003-01-01 00:00:00,7,10.724931506849314,107.17,Mende,48,2003,
2004-01-01 00:00:00,0,9.742622950819673,91.84,Mende,48,2004,
2005-01-01 00:00:00,0,9.622739726027396,59.64,Mende,48,2005,
2006-01-01 00:00:00,0,10.515068493150684,115.78,Mende,48,2006,
2007-01-01 00:00:00,0,9.868219178082192,53.69,Mende,48,2007,
2008-01-01 00:00:00,0,9.43087431693989,204.96,Mende,48,2008,
2009-01-01 00:00:00,0,10.17917808219178,104.3,Mende,48,2009,
2010-01-01 00:00:00,0,8.78,189.07,Mende,48,2010,
2011-01-01 00:00:00,1,10.967397260273971,44.52,Mende,48,2011,
2012-01-01 00:00:00,1,10.047540983606558,54.81,Mende,48,2012,
2013-01-01 00:00:00,0,9.483013698630138,119.91,Mende,48,2013,
2014-01-01 00:00:00,0,10.68054794520548,110.88,Mende,48,2014,
2015-01-01 00:00:00,3,10.990136986301373,67.62,Mende,48,2015,
2016-01-01 00:00:00,0,10.451092896174863,116.69,Mende,48,2016,
2017-01-01 00:00:00,0,10.55972602739726,55.37,Mende,48,2017,
2018-01-01 00:00:00,0,11.191506849315068,98.77,Mende,48,2018,
2019-01-01 00:00:00,4,10.853150684931506,69.23,Mende,48,2019,
2020-01-01 00:00:00,2,11.257650273224044,65.66,Mende,48,2020,
2021-01-01 00:00:00,1,10.131780821917808,48.93,Mende,48,2021,
2022-01-01 00:00:00,2,12.058356164383564,44.45,Mende,48,2022,
2023-01-01 00:00:00,5,11.409041095890412,40.6,Mende,48,2023,
2024-01-01 00:00:00,1,11.024043715846997,58.87,Mende,48,2024,
2025-01-01 00:00:00,3,11.212054794520547,42.21,Mende,48,2025,
1950-01-01 00:00:00,0,11.796712328767123,9.17,Tours,37,1950,
1951-01-01 00:00:00,0,11.1386301369863,0.63,Tours,37,1951,
1952-01-01 00:00:00,1,11.422131147540984,23.380000000000003,Tours,37,1952,
1953-01-01 00:00:00,0,11.470136986301371,12.95,Tours,37,1953,
1954-01-01 00:00:00,0,10.986027397260274,3.29,Tours,37,1954,
1955-01-01 00:00:00,0,11.415616438356164,16.87,Tours,37,1955,
1956-01-01 00:00:00,0,10.333333333333334,19.18,Tours,37,1956,
1957-01-01 00:00:00,0,11.798904109589042,0.07,Tours,37,1957,
1958-01-01 00:00:00,0,11.41835616438356,8.120000000000001,Tours,37,1958,
1959-01-01 00:00:00,0,12.86054794520548,9.24,Tours,37,1959,
1960-01-01 00:00:00,0,11.608196721311476,16.8,Tours,37,1960,
1961-01-01 00:00:00,0,12.551780821917808,0.91,Tours,37,1961,
1962-01-01 00:00:00,0,10.70164383561644,13.16,Tours,37,1962,
1963-01-01 00:00:00,0,10.27013698630137,12.88,Tours,37,1963,
1964-01-01 00:00:00,0,11.321857923497268,26.39,Tours,37,1964,
1965-01-01 00:00:00,0,10.957808219178082,9.24,Tours,37,1965,
1966-01-01 00:00:00,0,11.630410958904111,10.01,Tours,37,1966,
1967-01-01 00:00:00,0,11.355068493150686,9.87,Tours,37,1967,
1968-01-01 00:00:00,0,11.069945355191257,13.02,Tours,37,1968,
1969-01-01 00:00:00,0,11.324931506849316,14.49,Tours,37,1969,
1970-01-01 00:00:00,0,11.23945205479452,16.52,Tours,37,1970,
1971-01-01 00:00:00,0,11.14986301369863,13.02,Tours,37,1971,
1972-01-01 00:00:00,0,10.842349726775955,2.52,Tours,37,1972,
1973-01-01 00:00:00,0,11.126575342465753,7.49,Tours,37,1973,
1974-01-01 00:00:00,0,11.56027397260274,3.43,Tours,37,1974,
1975-01-01 00:00:00,0,11.25013698630137,9.31,Tours,37,1975,
1976-01-01 00:00:00,0,12.006284153005463,6.23,Tours,37,1976,
1977-01-01 00:00:00,0,11.234246575342466,0.56,Tours,37,1977,
1978-01-01 00:00:00,0,10.936164383561644,18.34,Tours,37,1978,
1979-01-01 00:00:00,0,10.931780821917808,16.73,Tours,37,1979,
1980-01-01 00:00:00,0,10.5603825136612,14.49,Tours,37,1980,
1981-01-01 00:00:00,0,11.33753424657534,14.14,Tours,37,1981,
1982-01-01 00:00:00,0,12.166575342465752,1.96,Tours,37,1982,
1983-01-01 00:00:00,0,11.795068493150684,7.21,Tours,37,1983,
1984-01-01 00:00:00,0,11.40601092896175,3.71,Tours,37,1984,
1985-01-01 00:00:00,0,10.607123287671232,23.24,Tours,37,1985,
1986-01-01 00:00:00,0,10.87945205479452,23.94,Tours,37,1986,
1987-01-01 00:00:00,0,10.843287671232876,19.53,Tours,37,1987,
1988-01-01 00:00:00,0,12.03415300546448,2.31,Tours,37,1988,
1989-01-01 00:00:00,0,12.717808219178082,1.82,Tours,37,1989,
1990-01-01 00:00:00,3,12.9786301369863,0.28,Tours,37,1990,
1991-01-01 00:00:00,0,11.461917808219178,9.03,Tours,37,1991,
1992-01-01 00:00:00,0,11.828415300546448,0.0,Tours,37,1992,
1993-01-01 00:00:00,0,11.501917808219178,5.18,Tours,37,1993,
1994-01-01 00:00:00,0,12.855342465753424,1.19,Tours,37,1994,
1995-01-01 00:00:00,0,12.457260273972604,3.15,Tours,37,1995,
1996-01-01 00:00:00,0,11.4327868852459,17.36,Tours,37,1996,
1997-01-01 00:00:00,0,12.416438356164385,12.11,Tours,37,1997,
1998-01-01 00:00:00,1,11.821917808219178,2.03,Tours,37,1998,
1999-01-01 00:00:00,0,12.483835616438355,7.84,Tours,37,1999,
2000-01-01 00:00:00,0,12.284699453551912,0.14,Tours,37,2000,
2001-01-01 00:00:00,0,11.932328767123288,3.08,Tours,37,2001,
2002-01-01 00:00:00,0,12.53013698630137,0.0,Tours,37,2002,
2003-01-01 00:00:00,10,12.88876712328767,9.66,Tours,37,2003,
2004-01-01 00:00:00,1,12.12950819672131,9.31,Tours,37,2004,
2005-01-01 00:00:00,0,12.496438356164385,13.37,Tours,37,2005,
2006-01-01 00:00:00,2,12.693150684931506,14.84,Tours,37,2006,
2007-01-01 00:00:00,0,12.275616438356163,1.4,Tours,37,2007,
2008-01-01 00:00:00,0,11.69672131147541,3.85,Tours,37,2008,
2009-01-01 00:00:00,0,12.246575342465754,12.18,Tours,37,2009,
2010-01-01 00:00:00,0,11.188493150684932,24.29,Tours,37,2010,
2011-01-01 00:00:00,1,13.157260273972602,0.0,Tours,37,2011,
2012-01-01 00:00:00,1,11.977868852459016,10.5,Tours,37,2012,
2013-01-01 00:00:00,0,11.762739726027396,17.990000000000002,Tours,37,2013,
2014-01-01 00:00:00,0,12.901095890410955,0.0,Tours,37,2014,
2015-01-01 00:00:00,3,12.976164383561644,0.8400000000000001,Tours,37,2015,
2016-01-01 00:00:00,1,12.437978142076505,4.34,Tours,37,2016,
2017-01-01 00:00:00,4,12.653150684931504,0.63,Tours,37,2017,
2018-01-01 00:00:00,0,13.204931506849316,14.21,Tours,37,2018,
2019-01-01 00:00:00,6,13.023287671232875,2.8,Tours,37,2019,
2020-01-01 00:00:00,0,13.421857923497267,0.0,Tours,37,2020,
2021-01-01 00:00:00,0,11.990958904109588,3.78,Tours,37,2021,
2022-01-01 00:00:00,3,13.654794520547943,0.21,Tours,37,2022,
2023-01-01 00:00:00,0,13.445479452054796,2.8,Tours,37,2023,
2024-01-01 00:00:00,0,12.568306010928962,4.2,Tours,37,2024,
2025-01-01 00:00:00,4,13.133424657534244,4.9,Tours,37,2025,
1950-01-01 00:00:00,0,10.51095890410959,11.55,Rouen,76,1950,
1951-01-01 00:00:00,0,10.512602739726027,4.41,Rouen,76,1951,
1952-01-01 00:00:00,0,10.397540983606556,34.58,Rouen,76,1952,
1953-01-01 00:00:00,0,10.536438356164384,16.87,Rouen,76,1953,
1954-01-01 00:00:00,0,9.896438356164383,13.37,Rouen,76,1954,
1955-01-01 00:00:00,0,10.143561643835616,21.07,Rouen,76,1955,
1956-01-01 00:00:00,0,9.401639344262296,13.79,Rouen,76,1956,
1957-01-01 00:00:00,0,10.989863013698631,3.99,Rouen,76,1957,
1958-01-01 00:00:00,0,10.432328767123288,38.64,Rouen,76,1958,
1959-01-01 00:00:00,1,11.594520547945203,10.08,Rouen,76,1959,
1960-01-01 00:00:00,0,10.702185792349727,10.5,Rouen,76,1960,
1961-01-01 00:00:00,0,11.324657534246576,0.77,Rouen,76,1961,
1962-01-01 00:00:00,0,9.555342465753425,28.21,Rouen,76,1962,
1963-01-01 00:00:00,0,9.246849315068491,12.25,Rouen,76,1963,
1964-01-01 00:00:00,0,10.254918032786886,12.46,Rouen,76,1964,
1965-01-01 00:00:00,0,9.879178082191782,22.47,Rouen,76,1965,
1966-01-01 00:00:00,0,10.46109589041096,6.58,Rouen,76,1966,
1967-01-01 00:00:00,0,10.509863013698627,4.41,Rouen,76,1967,
1968-01-01 00:00:00,0,10.059562841530056,30.1,Rouen,76,1968,
1969-01-01 00:00:00,0,10.433424657534246,30.87,Rouen,76,1969,
1970-01-01 00:00:00,0,10.335616438356164,43.19,Rouen,76,1970,
1971-01-01 00:00:00,0,10.547945205479452,13.79,Rouen,76,1971,
1972-01-01 00:00:00,0,10.012841530054644,8.19,Rouen,76,1972,
1973-01-01 00:00:00,0,10.313972602739726,7.28,Rouen,76,1973,
1974-01-01 00:00:00,0,10.533972602739729,8.82,Rouen,76,1974,
1975-01-01 00:00:00,0,10.4613698630137,9.24,Rouen,76,1975,
1976-01-01 00:00:00,1,11.045081967213116,9.38,Rouen,76,1976,
1977-01-01 00:00:00,0,10.404383561643836,6.65,Rouen,76,1977,
1978-01-01 00:00:00,0,9.898082191780825,62.72,Rouen,76,1978,
1979-01-01 00:00:00,0,9.82027397260274,21.56,Rouen,76,1979,
1980-01-01 00:00:00,0,9.87295081967213,14.21,Rouen,76,1980,
1981-01-01 00:00:00,0,10.546849315068492,23.59,Rouen,76,1981,
1982-01-01 00:00:00,0,11.075342465753424,13.79,Rouen,76,1982,
1983-01-01 00:00:00,0,11.02,5.95,Rouen,76,1983,
1984-01-01 00:00:00,0,10.483060109289616,14.77,Rouen,76,1984,
1985-01-01 00:00:00,0,9.658630136986302,22.47,Rouen,76,1985,
1986-01-01 00:00:00,0,9.963835616438356,24.29,Rouen,76,1986,
1987-01-01 00:00:00,0,9.875616438356165,18.83,Rouen,76,1987,
1988-01-01 00:00:00,0,11.14016393442623,4.76,Rouen,76,1988,
1989-01-01 00:00:00,0,11.714246575342464,7.0,Rouen,76,1989,
1990-01-01 00:00:00,2,11.823287671232876,4.0600000000000005,Rouen,76,1990,
1991-01-01 00:00:00,0,10.414520547945203,11.97,Rouen,76,1991,
1992-01-01 00:00:00,0,10.928142076502732,0.7,Rouen,76,1992,
1993-01-01 00:00:00,0,10.585479452054797,4.76,Rouen,76,1993,
1994-01-01 00:00:00,0,11.630410958904111,7.77,Rouen,76,1994,
1995-01-01 00:00:00,0,11.572328767123286,3.36,Rouen,76,1995,
1996-01-01 00:00:00,0,9.984699453551912,12.39,Rouen,76,1996,
1997-01-01 00:00:00,0,11.264383561643836,9.52,Rouen,76,1997,
1998-01-01 00:00:00,0,11.047945205479452,0.49,Rouen,76,1998,
1999-01-01 00:00:00,0,11.640273972602738,14.35,Rouen,76,1999,
2000-01-01 00:00:00,0,11.28497267759563,3.22,Rouen,76,2000,
2001-01-01 00:00:00,0,11.135616438356164,7.07,Rouen,76,2001,
2002-01-01 00:00:00,0,11.53890410958904,0.0,Rouen,76,2002,
2003-01-01 00:00:00,8,11.805753424657537,12.11,Rouen,76,2003,
2004-01-01 00:00:00,0,11.243169398907105,16.03,Rouen,76,2004,
2005-01-01 00:00:00,0,11.402465753424655,19.74,Rouen,76,2005,
2006-01-01 00:00:00,1,11.616438356164384,10.920000000000002,Rouen,76,2006,
2007-01-01 00:00:00,0,11.524657534246575,4.13,Rouen,76,2007,
2008-01-01 00:00:00,0,11.037978142076502,9.73,Rouen,76,2008,
2009-01-01 00:00:00,0,11.143835616438356,21.07,Rouen,76,2009,
2010-01-01 00:00:00,0,10.09972602739726,27.79,Rouen,76,2010,
2011-01-01 00:00:00,0,12.064383561643837,0.6300000000000001,Rouen,76,2011,
2012-01-01 00:00:00,0,11.019945355191258,12.25,Rouen,76,2012,
2013-01-01 00:00:00,0,10.765205479452057,47.81,Rouen,76,2013,
2014-01-01 00:00:00,0,11.966301369863013,0.28,Rouen,76,2014,
2015-01-01 00:00:00,1,11.747123287671233,4.48,Rouen,76,2015,
2016-01-01 00:00:00,0,11.35901639344262,2.45,Rouen,76,2016,
2017-01-01 00:00:00,1,11.367671232876711,5.81,Rouen,76,2017,
2018-01-01 00:00:00,0,11.712876712328766,13.09,Rouen,76,2018,
2019-01-01 00:00:00,1,11.48246575342466,15.68,Rouen,76,2019,
2020-01-01 00:00:00,5,12.187704918032786,5.32,Rouen,76,2020,
2021-01-01 00:00:00,0,10.738630136986302,14.63,Rouen,76,2021,
2022-01-01 00:00:00,1,12.126301369863016,12.81,Rouen,76,2022,
2023-01-01 00:00:00,0,12.126027397260271,2.66,Rouen,76,2023,
2024-01-01 00:00:00,1,11.595081967213115,23.31,Rouen,76,2024,
2025-01-01 00:00:00,1,11.843013698630136,12.11,Rouen,76,2025,
1950-01-01 00:00:00,0,10.402739726027397,75.74,Digne-les-bains,4,1950,
1951-01-01 00:00:00,0,9.678356164383562,93.38,Digne-les-bains,4,1951,
1952-01-01 00:00:00,0,9.792349726775956,91.63,Digne-les-bains,4,1952,
1953-01-01 00:00:00,0,9.857534246575344,26.95,Digne-les-bains,4,1953,
1954-01-01 00:00:00,0,9.457808219178082,77.77,Digne-les-bains,4,1954,
1955-01-01 00:00:00,0,10.372602739726029,63.56,Digne-les-bains,4,1955,
1956-01-01 00:00:00,0,8.90655737704918,116.34,Digne-les-bains,4,1956,
1957-01-01 00:00:00,0,10.181369863013698,77.28,Digne-les-bains,4,1957,
1958-01-01 00:00:00,0,10.207945205479453,53.48,Digne-les-bains,4,1958,
1959-01-01 00:00:00,0,10.274246575342463,100.17,Digne-les-bains,4,1959,
1960-01-01 00:00:00,0,9.347267759562842,130.27,Digne-les-bains,4,1960,
1961-01-01 00:00:00,0,10.79041095890411,53.06,Digne-les-bains,4,1961,
1962-01-01 00:00:00,0,9.37972602739726,129.08,Digne-les-bains,4,1962,
1963-01-01 00:00:00,0,8.847945205479451,123.27,Digne-les-bains,4,1963,
1964-01-01 00:00:00,0,10.277868852459015,57.05,Digne-les-bains,4,1964,
1965-01-01 00:00:00,0,9.104383561643836,81.69,Digne-les-bains,4,1965,
1966-01-01 00:00:00,0,9.637534246575342,93.52,Digne-les-bains,4,1966,
1967-01-01 00:00:00,0,10.11917808219178,56.42,Digne-les-bains,4,1967,
1968-01-01 00:00:00,0,9.525136612021855,53.13,Digne-les-bains,4,1968,
1969-01-01 00:00:00,0,9.228219178082192,86.24,Digne-les-bains,4,1969,
1970-01-01 00:00:00,0,9.57917808219178,111.23,Digne-les-bains,4,1970,
1971-01-01 00:00:00,0,9.031506849315068,116.27,Digne-les-bains,4,1971,
1972-01-01 00:00:00,0,9.525409836065574,146.79,Digne-les-bains,4,1972,
1973-01-01 00:00:00,0,9.266849315068493,96.11,Digne-les-bains,4,1973,
1974-01-01 00:00:00,0,9.59890410958904,88.55,Digne-les-bains,4,1974,
1975-01-01 00:00:00,0,9.68082191780822,104.72,Digne-les-bains,4,1975,
1976-01-01 00:00:00,0,9.228142076502731,126.0,Digne-les-bains,4,1976,
1977-01-01 00:00:00,0,9.393698630136983,74.48,Digne-les-bains,4,1977,
1978-01-01 00:00:00,0,9.36027397260274,148.75,Digne-les-bains,4,1978,
1979-01-01 00:00:00,0,9.706575342465754,131.04,Digne-les-bains,4,1979,
1980-01-01 00:00:00,0,9.016939890710384,105.91,Digne-les-bains,4,1980,
1981-01-01 00:00:00,0,9.477534246575344,130.2,Digne-les-bains,4,1981,
1982-01-01 00:00:00,0,10.455616438356165,54.67,Digne-les-bains,4,1982,
1983-01-01 00:00:00,0,10.112602739726029,74.83,Digne-les-bains,4,1983,
1984-01-01 00:00:00,0,8.971857923497268,97.02,Digne-les-bains,4,1984,
1985-01-01 00:00:00,0,9.81835616438356,107.45,Digne-les-bains,4,1985,
1986-01-01 00:00:00,0,9.9786301369863,107.38,Digne-les-bains,4,1986,
1987-01-01 00:00:00,0,10.17945205479452,113.82,Digne-les-bains,4,1987,
1988-01-01 00:00:00,0,10.54207650273224,41.3,Digne-les-bains,4,1988,
1989-01-01 00:00:00,0,11.197260273972605,52.08,Digne-les-bains,4,1989,
1990-01-01 00:00:00,0,10.714794520547946,56.21,Digne-les-bains,4,1990,
1991-01-01 00:00:00,0,10.17917808219178,46.83,Digne-les-bains,4,1991,
1992-01-01 00:00:00,0,10.548360655737705,27.72,Digne-les-bains,4,1992,
1993-01-01 00:00:00,0,10.352054794520548,72.38,Digne-les-bains,4,1993,
1994-01-01 00:00:00,0,11.267671232876712,51.94,Digne-les-bains,4,1994,
1995-01-01 00:00:00,0,10.18958904109589,83.79,Digne-les-bains,4,1995,
1996-01-01 00:00:00,0,9.634426229508197,120.19,Digne-les-bains,4,1996,
1997-01-01 00:00:00,0,11.275616438356163,38.43,Digne-les-bains,4,1997,
1998-01-01 00:00:00,0,10.566301369863012,43.33,Digne-les-bains,4,1998,
1999-01-01 00:00:00,0,10.06958904109589,97.3,Digne-les-bains,4,1999,
2000-01-01 00:00:00,0,11.051912568306012,28.42,Digne-les-bains,4,2000,
2001-01-01 00:00:00,0,11.183835616438357,60.97,Digne-les-bains,4,2001,
2002-01-01 00:00:00,0,11.32876712328767,34.230000000000004,Digne-les-bains,4,2002,
2003-01-01 00:00:00,0,11.598904109589045,79.73,Digne-les-bains,4,2003,
2004-01-01 00:00:00,0,10.937978142076505,65.1,Digne-les-bains,4,2004,
2005-01-01 00:00:00,0,11.124657534246577,51.87,Digne-les-bains,4,2005,
2006-01-01 00:00:00,0,11.91890410958904,52.36,Digne-les-bains,4,2006,
2007-01-01 00:00:00,0,11.564657534246576,24.5,Digne-les-bains,4,2007,
2008-01-01 00:00:00,0,11.027868852459015,151.54999999999998,Digne-les-bains,4,2008,
2009-01-01 00:00:00,0,11.44054794520548,76.79,Digne-les-bains,4,2009,
2010-01-01 00:00:00,0,9.717808219178082,146.37,Digne-les-bains,4,2010,
2011-01-01 00:00:00,0,11.86027397260274,33.11,Digne-les-bains,4,2011,
2012-01-01 00:00:00,0,11.62049180327869,70.84,Digne-les-bains,4,2012,
2013-01-01 00:00:00,0,10.81917808219178,100.45,Digne-les-bains,4,2013,
2014-01-01 00:00:00,0,11.766575342465751,72.03,Digne-les-bains,4,2014,
2015-01-01 00:00:00,0,12.212054794520547,58.03,Digne-les-bains,4,2015,
2016-01-01 00:00:00,0,11.902459016393443,47.25,Digne-les-bains,4,2016,
2017-01-01 00:00:00,0,12.72109589041096,29.26,Digne-les-bains,4,2017,
2018-01-01 00:00:00,0,13.017808219178082,49.63,Digne-les-bains,4,2018,
2019-01-01 00:00:00,0,12.908219178082192,34.93,Digne-les-bains,4,2019,
2020-01-01 00:00:00,0,12.66967213114754,27.09,Digne-les-bains,4,2020,
2021-01-01 00:00:00,0,12.001369863013698,34.93,Digne-les-bains,4,2021,
2022-01-01 00:00:00,0,13.608493150684932,29.75,Digne-les-bains,4,2022,
2023-01-01 00:00:00,0,12.633424657534244,29.33,Digne-les-bains,4,2023,
2024-01-01 00:00:00,0,12.525683060109287,17.22,Digne-les-bains,4,2024,
2025-01-01 00:00:00,0,12.313424657534243,34.65,Digne-les-bains,4,2025,
1950-01-01 00:00:00,0,10.958356164383565,16.94,Nanterre,92,1950,
1951-01-01 00:00:00,0,10.74904109589041,1.75,Nanterre,92,1951,
1952-01-01 00:00:00,0,10.781967213114754,31.15,Nanterre,92,1952,
1953-01-01 00:00:00,0,10.901643835616438,11.55,Nanterre,92,1953,
1954-01-01 00:00:00,0,10.355342465753424,15.4,Nanterre,92,1954,
1955-01-01 00:00:00,0,10.65041095890411,19.46,Nanterre,92,1955,
1956-01-01 00:00:00,0,9.676775956284152,13.02,Nanterre,92,1956,
1957-01-01 00:00:00,1,11.236712328767124,3.5700000000000003,Nanterre,92,1957,
1958-01-01 00:00:00,0,10.747945205479452,37.73,Nanterre,92,1958,
1959-01-01 00:00:00,1,12.042465753424658,11.83,Nanterre,92,1959,
1960-01-01 00:00:00,0,11.095628415300547,7.35,Nanterre,92,1960,
1961-01-01 00:00:00,0,11.904657534246574,0.21,Nanterre,92,1961,
1962-01-01 00:00:00,0,9.953972602739723,27.37,Nanterre,92,1962,
1963-01-01 00:00:00,0,9.745479452054797,12.25,Nanterre,92,1963,
1964-01-01 00:00:00,0,10.814207650273223,10.29,Nanterre,92,1964,
1965-01-01 00:00:00,0,10.277260273972605,15.12,Nanterre,92,1965,
1966-01-01 00:00:00,0,10.916986301369862,3.92,Nanterre,92,1966,
1967-01-01 00:00:00,0,10.877260273972604,2.38,Nanterre,92,1967,
1968-01-01 00:00:00,0,10.364207650273224,32.410000000000004,Nanterre,92,1968,
1969-01-01 00:00:00,0,10.66904109589041,24.57,Nanterre,92,1969,
1970-01-01 00:00:00,0,10.609041095890412,42.84,Nanterre,92,1970,
1971-01-01 00:00:00,0,10.744657534246576,11.62,Nanterre,92,1971,
1972-01-01 00:00:00,0,10.24863387978142,9.17,Nanterre,92,1972,
1973-01-01 00:00:00,0,10.62958904109589,10.15,Nanterre,92,1973,
1974-01-01 00:00:00,0,10.981643835616438,8.75,Nanterre,92,1974,
1975-01-01 00:00:00,0,10.706027397260272,13.3,Nanterre,92,1975,
1976-01-01 00:00:00,5,11.433060109289617,10.71,Nanterre,92,1976,
1977-01-01 00:00:00,0,10.75095890410959,1.6800000000000002,Nanterre,92,1977,
1978-01-01 00:00:00,0,10.129041095890411,49.07,Nanterre,92,1978,
1979-01-01 00:00:00,0,10.215890410958904,16.03,Nanterre,92,1979,
1980-01-01 00:00:00,0,10.103551912568308,13.16,Nanterre,92,1980,
1981-01-01 00:00:00,0,10.797534246575342,17.849999999999998,Nanterre,92,1981,
1982-01-01 00:00:00,0,11.516164383561645,15.4,Nanterre,92,1982,
1983-01-01 00:00:00,0,11.344931506849314,8.54,Nanterre,92,1983,
1984-01-01 00:00:00,0,10.715573770491805,14.49,Nanterre,92,1984,
1985-01-01 00:00:00,0,9.994794520547943,10.5,Nanterre,92,1985,
1986-01-01 00:00:00,0,10.315068493150685,26.11,Nanterre,92,1986,
1987-01-01 00:00:00,0,10.125205479452054,24.01,Nanterre,92,1987,
1988-01-01 00:00:00,0,11.531967213114754,2.8000000000000003,Nanterre,92,1988,
1989-01-01 00:00:00,0,12.008219178082191,4.69,Nanterre,92,1989,
1990-01-01 00:00:00,2,12.255342465753424,7.0,Nanterre,92,1990,
1991-01-01 00:00:00,0,10.86054794520548,6.09,Nanterre,92,1991,
1992-01-01 00:00:00,1,11.32431693989071,1.2600000000000002,Nanterre,92,1992,
1993-01-01 00:00:00,0,10.962739726027396,5.529999999999999,Nanterre,92,1993,
1994-01-01 00:00:00,0,12.20082191780822,5.67,Nanterre,92,1994,
1995-01-01 00:00:00,0,11.822465753424655,9.31,Nanterre,92,1995,
1996-01-01 00:00:00,0,10.3724043715847,17.150000000000002,Nanterre,92,1996,
1997-01-01 00:00:00,0,11.65972602739726,14.14,Nanterre,92,1997,
1998-01-01 00:00:00,0,11.336712328767122,2.8,Nanterre,92,1998,
1999-01-01 00:00:00,0,11.983561643835616,18.13,Nanterre,92,1999,
2000-01-01 00:00:00,0,11.736612021857924,2.03,Nanterre,92,2000,
2001-01-01 00:00:00,0,11.487945205479454,3.78,Nanterre,92,2001,
2002-01-01 00:00:00,0,12.019452054794522,0.77,Nanterre,92,2002,
2003-01-01 00:00:00,7,12.251780821917809,8.33,Nanterre,92,2003,
2004-01-01 00:00:00,0,11.59398907103825,17.5,Nanterre,92,2004,
2005-01-01 00:00:00,0,11.795342465753423,20.58,Nanterre,92,2005,
2006-01-01 00:00:00,1,12.065479452054792,11.41,Nanterre,92,2006,
2007-01-01 00:00:00,0,11.945753424657534,2.03,Nanterre,92,2007,
2008-01-01 00:00:00,0,11.384426229508197,9.24,Nanterre,92,2008,
2009-01-01 00:00:00,0,11.654794520547943,15.47,Nanterre,92,2009,
2010-01-01 00:00:00,1,10.524109589041096,41.72,Nanterre,92,2010,
2011-01-01 00:00:00,0,12.616712328767123,0.07,Nanterre,92,2011,
2012-01-01 00:00:00,0,11.618032786885246,8.05,Nanterre,92,2012,
2013-01-01 00:00:00,0,11.172602739726027,39.2,Nanterre,92,2013,
2014-01-01 00:00:00,0,12.34027397260274,1.19,Nanterre,92,2014,
2015-01-01 00:00:00,1,12.3227397260274,2.3800000000000003,Nanterre,92,2015,
2016-01-01 00:00:00,1,11.804918032786889,5.390000000000001,Nanterre,92,2016,
2017-01-01 00:00:00,0,11.877260273972604,4.83,Nanterre,92,2017,
2018-01-01 00:00:00,0,12.384931506849314,24.08,Nanterre,92,2018,
2019-01-01 00:00:00,2,12.101917808219175,18.34,Nanterre,92,2019,
2020-01-01 00:00:00,4,12.863661202185794,1.68,Nanterre,92,2020,
2021-01-01 00:00:00,0,11.31890410958904,11.34,Nanterre,92,2021,
2022-01-01 00:00:00,1,12.757808219178084,8.89,Nanterre,92,2022,
2023-01-01 00:00:00,0,12.863013698630136,4.9,Nanterre,92,2023,
2024-01-01 00:00:00,1,12.133060109289618,16.87,Nanterre,92,2024,
2025-01-01 00:00:00,1,12.574794520547943,6.58,Nanterre,92,2025,
1950-01-01 00:00:00,0,9.673424657534246,99.47,Belfort,90,1950,
1951-01-01 00:00:00,0,9.432328767123288,70.42,Belfort,90,1951,
1952-01-01 00:00:00,5,9.400819672131147,221.9,Belfort,90,1952,
1953-01-01 00:00:00,0,9.285753424657536,91.35,Belfort,90,1953,
1954-01-01 00:00:00,0,8.537260273972603,106.96,Belfort,90,1954,
1955-01-01 00:00:00,0,8.924657534246576,76.3,Belfort,90,1955,
1956-01-01 00:00:00,0,7.881967213114755,76.23,Belfort,90,1956,
1957-01-01 00:00:00,0,9.275890410958905,56.49,Belfort,90,1957,
1958-01-01 00:00:00,0,9.284383561643835,138.46,Belfort,90,1958,
1959-01-01 00:00:00,0,10.478904109589042,87.57,Belfort,90,1959,
1960-01-01 00:00:00,0,9.359016393442625,85.96000000000001,Belfort,90,1960,
1961-01-01 00:00:00,0,10.386849315068492,61.6,Belfort,90,1961,
1962-01-01 00:00:00,0,8.438630136986301,140.0,Belfort,90,1962,
1963-01-01 00:00:00,0,7.985205479452055,47.11,Belfort,90,1963,
1964-01-01 00:00:00,1,9.433879781420766,75.25,Belfort,90,1964,
1965-01-01 00:00:00,0,8.542191780821918,171.29,Belfort,90,1965,
1966-01-01 00:00:00,0,9.431232876712327,109.76,Belfort,90,1966,
1967-01-01 00:00:00,0,9.363561643835617,79.24,Belfort,90,1967,
1968-01-01 00:00:00,0,8.808743169398907,187.53,Belfort,90,1968,
1969-01-01 00:00:00,0,8.548219178082192,152.95,Belfort,90,1969,
1970-01-01 00:00:00,0,8.677808219178083,159.39,Belfort,90,1970,
1971-01-01 00:00:00,0,9.175068493150686,63.07,Belfort,90,1971,
1972-01-01 00:00:00,0,8.610109289617487,55.16,Belfort,90,1972,
1973-01-01 00:00:00,0,8.69041095890411,148.05,Belfort,90,1973,
1974-01-01 00:00:00,0,9.441369863013698,104.93,Belfort,90,1974,
1975-01-01 00:00:00,0,9.143561643835616,64.68,Belfort,90,1975,
1976-01-01 00:00:00,0,9.579508196721312,95.13,Belfort,90,1976,
1977-01-01 00:00:00,0,9.274794520547946,127.4,Belfort,90,1977,
1978-01-01 00:00:00,0,8.426849315068493,127.54,Belfort,90,1978,
1979-01-01 00:00:00,0,9.073424657534249,123.2,Belfort,90,1979,
1980-01-01 00:00:00,0,8.564207650273223,106.89,Belfort,90,1980,
1981-01-01 00:00:00,0,9.11890410958904,241.15,Belfort,90,1981,
1982-01-01 00:00:00,0,9.932876712328769,89.88,Belfort,90,1982,
1983-01-01 00:00:00,3,9.875342465753423,95.06,Belfort,90,1983,
1984-01-01 00:00:00,0,8.95191256830601,137.34,Belfort,90,1984,
1985-01-01 00:00:00,0,8.696438356164384,94.36,Belfort,90,1985,
1986-01-01 00:00:00,0,8.935068493150686,196.63,Belfort,90,1986,
1987-01-01 00:00:00,0,8.952602739726027,76.93,Belfort,90,1987,
1988-01-01 00:00:00,0,10.013387978142076,110.6,Belfort,90,1988,
1989-01-01 00:00:00,0,10.434794520547944,44.24,Belfort,90,1989,
1990-01-01 00:00:00,0,10.484109589041095,98.42,Belfort,90,1990,
1991-01-01 00:00:00,0,9.762739726027398,71.12,Belfort,90,1991,
1992-01-01 00:00:00,0,10.239344262295084,48.72,Belfort,90,1992,
1993-01-01 00:00:00,0,9.865205479452056,98.84,Belfort,90,1993,
1994-01-01 00:00:00,0,11.06054794520548,52.01,Belfort,90,1994,
1995-01-01 00:00:00,0,9.92986301369863,105.91,Belfort,90,1995,
1996-01-01 00:00:00,0,8.915300546448087,89.11,Belfort,90,1996,
1997-01-01 00:00:00,0,10.104109589041096,28.98,Belfort,90,1997,
1998-01-01 00:00:00,2,9.826301369863014,60.13,Belfort,90,1998,
1999-01-01 00:00:00,0,10.026027397260274,181.51,Belfort,90,1999,
2000-01-01 00:00:00,0,10.463934426229509,52.43,Belfort,90,2000,
2001-01-01 00:00:00,0,9.930684931506848,92.4,Belfort,90,2001,
2002-01-01 00:00:00,0,10.493424657534248,29.12,Belfort,90,2002,
2003-01-01 00:00:00,11,10.985205479452054,71.12,Belfort,90,2003,
2004-01-01 00:00:00,0,9.823497267759564,107.94,Belfort,90,2004,
2005-01-01 00:00:00,0,9.903835616438355,113.61,Belfort,90,2005,
2006-01-01 00:00:00,0,10.366849315068494,114.87,Belfort,90,2006,
2007-01-01 00:00:00,0,10.386849315068492,72.24,Belfort,90,2007,
2008-01-01 00:00:00,0,9.80655737704918,103.18,Belfort,90,2008,
2009-01-01 00:00:00,0,10.26,88.69,Belfort,90,2009,
2010-01-01 00:00:00,0,9.023287671232875,158.27,Belfort,90,2010,
2011-01-01 00:00:00,2,11.047945205479452,62.16,Belfort,90,2011,
2012-01-01 00:00:00,1,10.139071038251366,80.5,Belfort,90,2012,
2013-01-01 00:00:00,2,9.631232876712328,90.58,Belfort,90,2013,
2014-01-01 00:00:00,0,11.091506849315069,53.76,Belfort,90,2014,
2015-01-01 00:00:00,7,11.064657534246574,70.77,Belfort,90,2015,
2016-01-01 00:00:00,0,10.25464480874317,96.32,Belfort,90,2016,
2017-01-01 00:00:00,0,10.290958904109589,63.28,Belfort,90,2017,
2018-01-01 00:00:00,1,11.436164383561644,38.29,Belfort,90,2018,
2019-01-01 00:00:00,5,10.72164383561644,47.88,Belfort,90,2019,
2020-01-01 00:00:00,1,11.27295081967213,31.08,Belfort,90,2020,
2021-01-01 00:00:00,0,9.710684931506847,89.46,Belfort,90,2021,
2022-01-01 00:00:00,3,11.63835616438356,28.56,Belfort,90,2022,
2023-01-01 00:00:00,2,11.51753424657534,30.66,Belfort,90,2023,
2024-01-01 00:00:00,1,11.008469945355191,43.89,Belfort,90,2024,
2025-01-01 00:00:00,5,10.879178082191782,14.35,Belfort,90,2025,
1950-01-01 00:00:00,0,11.169315068493152,18.06,Orléans,45,1950,15.0
1951-01-01 00:00:00,0,10.662739726027398,1.75,Orléans,45,1951,6.0
1952-01-01 00:00:00,1,10.816939890710383,28.56,Orléans,45,1952,24.0
1953-01-01 00:00:00,0,10.926575342465751,13.44,Orléans,45,1953,15.0
1954-01-01 00:00:00,0,10.360821917808218,8.89,Orléans,45,1954,18.0
1955-01-01 00:00:00,0,10.768219178082193,22.05,Orléans,45,1955,20.0
1956-01-01 00:00:00,0,9.610928961748634,19.95,Orléans,45,1956,14.0
1957-01-01 00:00:00,0,11.146849315068494,2.59,Orléans,45,1957,4.0
1958-01-01 00:00:00,0,10.7986301369863,18.69,Orléans,45,1958,19.0
1959-01-01 00:00:00,0,12.202465753424656,7.42,Orléans,45,1959,8.0
1960-01-01 00:00:00,0,11.086065573770492,10.29,Orléans,45,1960,15.0
1961-01-01 00:00:00,0,12.013424657534246,2.31,Orléans,45,1961,5.0
1962-01-01 00:00:00,0,9.94,25.41,Orléans,45,1962,16.0
1963-01-01 00:00:00,0,9.691232876712329,12.46,Orléans,45,1963,16.0
1964-01-01 00:00:00,1,10.853278688524592,19.88,Orléans,45,1964,15.0
1965-01-01 00:00:00,0,10.335616438356164,10.64,Orléans,45,1965,15.0
1966-01-01 00:00:00,0,11.047397260273971,8.61,Orléans,45,1966,4.0
1967-01-01 00:00:00,0,10.843835616438357,3.43,Orléans,45,1967,9.0
1968-01-01 00:00:00,0,10.390437158469943,22.33,Orléans,45,1968,19.0
1969-01-01 00:00:00,0,10.663835616438355,23.31,Orléans,45,1969,21.0
1970-01-01 00:00:00,0,10.627397260273971,36.96,Orléans,45,1970,29.0
1971-01-01 00:00:00,0,10.557808219178082,14.14,Orléans,45,1971,12.0
1972-01-01 00:00:00,0,10.249453551912568,7.7,Orléans,45,1972,8.0
1973-01-01 00:00:00,0,10.55945205479452,11.9,Orléans,45,1973,18.0
1974-01-01 00:00:00,0,10.962465753424658,6.3,Orléans,45,1974,4.0
1975-01-01 00:00:00,0,10.59013698630137,12.11,Orléans,45,1975,10.0
1976-01-01 00:00:00,0,11.423224043715846,6.65,Orléans,45,1976,10.0
1977-01-01 00:00:00,0,10.694246575342468,0.77,Orléans,45,1977,3.0
1978-01-01 00:00:00,0,10.226027397260276,30.94,Orléans,45,1978,20.0
1979-01-01 00:00:00,0,10.207397260273972,32.69,Orléans,45,1979,21.0
1980-01-01 00:00:00,0,10.03360655737705,18.48,Orléans,45,1980,15.0
1981-01-01 00:00:00,0,10.686027397260274,21.42,Orléans,45,1981,16.0
1982-01-01 00:00:00,0,11.56821917808219,3.29,Orléans,45,1982,7.0
1983-01-01 00:00:00,0,11.228219178082192,8.82,Orléans,45,1983,9.0
1984-01-01 00:00:00,0,10.728415300546448,8.82,Orléans,45,1984,9.0
1985-01-01 00:00:00,0,9.947945205479453,31.78,Orléans,45,1985,31.0
1986-01-01 00:00:00,0,10.27972602739726,29.89,Orléans,45,1986,18.0
1987-01-01 00:00:00,0,10.164931506849314,27.72,Orléans,45,1987,16.0
1988-01-01 00:00:00,0,11.520218579234973,4.55,Orléans,45,1988,9.0
1989-01-01 00:00:00,0,12.058904109589042,0.21,Orléans,45,1989,1.0
1990-01-01 00:00:00,3,12.373150684931506,4.2,Orléans,45,1990,7.0
1991-01-01 00:00:00,0,10.87808219178082,7.56,Orléans,45,1991,11.0
1992-01-01 00:00:00,1,11.296174863387977,0.56,Orléans,45,1992,1.0
1993-01-01 00:00:00,0,10.967671232876713,5.88,Orléans,45,1993,7.0
1994-01-01 00:00:00,0,12.301917808219178,4.48,Orléans,45,1994,8.0
1995-01-01 00:00:00,0,11.826575342465754,4.2,Orléans,45,1995,10.0
1996-01-01 00:00:00,0,10.656284153005464,19.81,Orléans,45,1996,18.0
1997-01-01 00:00:00,0,11.712328767123289,6.72,Orléans,45,1997,6.0
1998-01-01 00:00:00,2,11.295890410958904,3.22,Orléans,45,1998,5.0
1999-01-01 00:00:00,0,11.938356164383562,16.169999999999998,Orléans,45,1999,15.0
2000-01-01 00:00:00,0,11.78032786885246,0.84,Orléans,45,2000,1.0
2001-01-01 00:00:00,0,11.33041095890411,4.34,Orléans,45,2001,13.0
2002-01-01 00:00:00,0,12.038082191780822,0.28,Orléans,45,2002,2.0
2003-01-01 00:00:00,10,12.337808219178084,11.06,Orléans,45,2003,6.0
2004-01-01 00:00:00,0,11.496448087431691,16.17,Orléans,45,2004,9.0
2005-01-01 00:00:00,0,11.755342465753424,23.52,Orléans,45,2005,25.0
2006-01-01 00:00:00,3,12.202739726027398,14.84,Orléans,45,2006,13.0
2007-01-01 00:00:00,0,11.76082191780822,1.05,Orléans,45,2007,4.0
2008-01-01 00:00:00,0,11.239890710382516,6.720000000000001,Orléans,45,2008,11.0
2009-01-01 00:00:00,0,11.718082191780825,14.42,Orléans,45,2009,12.0
2010-01-01 00:00:00,0,10.585205479452055,45.29,Orléans,45,2010,31.0
2011-01-01 00:00:00,0,12.70958904109589,0.07,Orléans,45,2011,1.0
2012-01-01 00:00:00,2,11.550819672131148,7.210000000000001,Orléans,45,2012,7.0
2013-01-01 00:00:00,0,11.172054794520548,24.08,Orléans,45,2013,21.0
2014-01-01 00:00:00,0,12.367945205479453,0.07,Orléans,45,2014,1.0
2015-01-01 00:00:00,2,12.432602739726027,2.38,Orléans,45,2015,8.0
2016-01-01 00:00:00,1,11.796994535519126,2.17,Orléans,45,2016,4.0
2017-01-01 00:00:00,3,12.125479452054796,4.69,Orléans,45,2017,13.0
2018-01-01 00:00:00,2,12.85068493150685,21.7,Orléans,45,2018,15.0
2019-01-01 00:00:00,6,12.596712328767124,9.17,Orléans,45,2019,6.0
2020-01-01 00:00:00,3,13.110382513661202,1.05,Orléans,45,2020,5.0
2021-01-01 00:00:00,0,11.576712328767124,14.21,Orléans,45,2021,14.0
2022-01-01 00:00:00,2,13.123835616438356,2.1,Orléans,45,2022,6.0
2023-01-01 00:00:00,0,13.015342465753426,3.3600000000000003,Orléans,45,2023,7.0
2024-01-01 00:00:00,2,12.194535519125685,11.2,Orléans,45,2024,6.0
2025-01-01 00:00:00,3,12.564931506849314,3.01,Orléans,45,2025,10.0
1950-01-01 00:00:00,0,11.443835616438356,11.48,Blois,41,1950,13.0
1951-01-01 00:00:00,0,10.803835616438356,1.47,Blois,41,1951,5.0
1952-01-01 00:00:00,1,11.062295081967214,24.64,Blois,41,1952,18.0
1953-01-01 00:00:00,0,11.150136986301373,16.24,Blois,41,1953,10.0
1954-01-01 00:00:00,0,10.591506849315069,6.09,Blois,41,1954,12.0
1955-01-01 00:00:00,0,11.032054794520548,18.55,Blois,41,1955,17.0
1956-01-01 00:00:00,0,9.906010928961749,19.32,Blois,41,1956,15.0
1957-01-01 00:00:00,0,11.429041095890412,0.49,Blois,41,1957,3.0
1958-01-01 00:00:00,0,11.032328767123287,9.8,Blois,41,1958,15.0
1959-01-01 00:00:00,0,12.498082191780822,10.43,Blois,41,1959,6.0
1960-01-01 00:00:00,0,11.274863387978144,11.41,Blois,41,1960,12.0
1961-01-01 00:00:00,0,12.23917808219178,0.77,Blois,41,1961,2.0
1962-01-01 00:00:00,0,10.254794520547945,19.53,Blois,41,1962,16.0
1963-01-01 00:00:00,0,9.925205479452057,14.91,Blois,41,1963,17.0
1964-01-01 00:00:00,0,11.039890710382512,22.75,Blois,41,1964,13.0
1965-01-01 00:00:00,0,10.59013698630137,11.9,Blois,41,1965,11.0
1966-01-01 00:00:00,0,11.27068493150685,9.38,Blois,41,1966,9.0
1967-01-01 00:00:00,0,11.048219178082192,7.56,Blois,41,1967,8.0
1968-01-01 00:00:00,0,10.674590163934427,16.03,Blois,41,1968,15.0
1969-01-01 00:00:00,0,10.97041095890411,18.55,Blois,41,1969,21.0
1970-01-01 00:00:00,0,10.903835616438355,21.77,Blois,41,1970,25.0
1971-01-01 00:00:00,0,10.802465753424658,14.84,Blois,41,1971,11.0
1972-01-01 00:00:00,0,10.462841530054645,2.03,Blois,41,1972,5.0
1973-01-01 00:00:00,0,10.793698630136983,9.17,Blois,41,1973,9.0
1974-01-01 00:00:00,0,11.210958904109589,4.06,Blois,41,1974,4.0
1975-01-01 00:00:00,0,10.853698630136986,12.11,Blois,41,1975,9.0
1976-01-01 00:00:00,0,11.679234972677596,5.8100000000000005,Blois,41,1976,9.0
1977-01-01 00:00:00,0,10.89972602739726,0.28,Blois,41,1977,2.0
1978-01-01 00:00:00,0,10.53835616438356,21.98,Blois,41,1978,18.0
1979-01-01 00:00:00,0,10.546575342465754,17.01,Blois,41,1979,11.0
1980-01-01 00:00:00,0,10.219398907103823,18.13,Blois,41,1980,14.0
1981-01-01 00:00:00,0,10.956438356164384,15.26,Blois,41,1981,14.0
1982-01-01 00:00:00,0,11.827123287671233,2.59,Blois,41,1982,8.0
1983-01-01 00:00:00,0,11.446849315068494,7.49,Blois,41,1983,10.0
1984-01-01 00:00:00,0,11.009562841530055,4.41,Blois,41,1984,7.0
1985-01-01 00:00:00,0,10.267123287671232,23.66,Blois,41,1985,24.0
1986-01-01 00:00:00,0,10.53835616438356,25.41,Blois,41,1986,15.0
1987-01-01 00:00:00,0,10.469041095890413,23.17,Blois,41,1987,13.0
1988-01-01 00:00:00,0,11.723497267759564,3.15,Blois,41,1988,6.0
1989-01-01 00:00:00,0,12.385479452054794,0.0,Blois,41,1989,0.0
1990-01-01 00:00:00,3,12.683561643835615,2.1,Blois,41,1990,2.0
1991-01-01 00:00:00,0,11.13013698630137,7.77,Blois,41,1991,11.0
1992-01-01 00:00:00,1,11.52295081967213,0.0,Blois,41,1992,0.0
1993-01-01 00:00:00,0,11.182739726027396,6.44,Blois,41,1993,4.0
1994-01-01 00:00:00,0,12.539178082191782,3.01,Blois,41,1994,5.0
1995-01-01 00:00:00,0,12.103835616438356,4.2,Blois,41,1995,7.0
1996-01-01 00:00:00,0,11.01639344262295,17.08,Blois,41,1996,16.0
1997-01-01 00:00:00,0,12.047397260273971,11.97,Blois,41,1997,7.0
1998-01-01 00:00:00,2,11.516986301369862,2.17,Blois,41,1998,4.0
1999-01-01 00:00:00,0,12.186301369863012,10.64,Blois,41,1999,9.0
2000-01-01 00:00:00,0,12.005737704918031,0.07,Blois,41,2000,1.0
2001-01-01 00:00:00,0,11.572876712328767,4.41,Blois,41,2001,8.0
2002-01-01 00:00:00,0,12.234794520547943,0.0,Blois,41,2002,0.0
2003-01-01 00:00:00,11,12.60986301369863,11.83,Blois,41,2003,7.0
2004-01-01 00:00:00,0,11.773770491803278,10.22,Blois,41,2004,8.0
2005-01-01 00:00:00,0,12.087397260273972,15.26,Blois,41,2005,20.0
2006-01-01 00:00:00,2,12.413698630136986,16.52,Blois,41,2006,8.0
2007-01-01 00:00:00,0,11.97917808219178,1.89,Blois,41,2007,2.0
2008-01-01 00:00:00,0,11.409562841530054,4.48,Blois,41,2008,6.0
2009-01-01 00:00:00,0,11.955068493150684,11.13,Blois,41,2009,13.0
2010-01-01 00:00:00,0,10.856986301369863,29.47,Blois,41,2010,25.0
2011-01-01 00:00:00,0,12.905479452054797,0.07,Blois,41,2011,1.0
2012-01-01 00:00:00,1,11.726229508196722,8.4,Blois,41,2012,4.0
2013-01-01 00:00:00,0,11.411506849315067,19.95,Blois,41,2013,16.0
2014-01-01 00:00:00,0,12.590136986301369,0.0,Blois,41,2014,0.0
2015-01-01 00:00:00,1,12.678082191780822,0.98,Blois,41,2015,4.0
2016-01-01 00:00:00,0,12.060382513661205,3.57,Blois,41,2016,4.0
2017-01-01 00:00:00,3,12.492876712328766,1.61,Blois,41,2017,8.0
2018-01-01 00:00:00,0,13.033424657534246,18.76,Blois,41,2018,12.0
2019-01-01 00:00:00,7,12.882191780821918,4.13,Blois,41,2019,5.0
2020-01-01 00:00:00,0,13.297814207650273,0.21,Blois,41,2020,1.0
2021-01-01 00:00:00,0,11.895068493150683,10.15,Blois,41,2021,14.0
2022-01-01 00:00:00,2,13.50027397260274,2.31,Blois,41,2022,5.0
2023-01-01 00:00:00,0,13.283561643835617,6.3,Blois,41,2023,5.0
2024-01-01 00:00:00,1,12.447540983606558,5.95,Blois,41,2024,5.0
2025-01-01 00:00:00,3,12.765753424657534,5.18,Blois,41,2025,10.0
1950-01-01 00:00:00,1,13.455616438356165,60.34,Carcassonne,11,1950,23.0
1951-01-01 00:00:00,0,12.51972602739726,36.68,Carcassonne,11,1951,26.0
1952-01-01 00:00:00,0,13.50382513661202,30.52,Carcassonne,11,1952,29.0
1953-01-01 00:00:00,0,12.932876712328769,43.89,Carcassonne,11,1953,19.0
1954-01-01 00:00:00,0,12.249589041095891,61.53,Carcassonne,11,1954,29.0
1955-01-01 00:00:00,0,13.866027397260275,16.24,Carcassonne,11,1955,16.0
1956-01-01 00:00:00,0,11.676502732240438,52.29,Carcassonne,11,1956,24.0
1957-01-01 00:00:00,0,12.624657534246577,18.48,Carcassonne,11,1957,10.0
1958-01-01 00:00:00,0,13.073424657534249,35.21,Carcassonne,11,1958,23.0
1959-01-01 00:00:00,0,13.48082191780822,10.64,Carcassonne,11,1959,7.0
1960-01-01 00:00:00,0,12.91967213114754,70.0,Carcassonne,11,1960,25.0
1961-01-01 00:00:00,0,14.10931506849315,4.97,Carcassonne,11,1961,4.0
1962-01-01 00:00:00,0,12.929589041095891,20.09,Carcassonne,11,1962,17.0
1963-01-01 00:00:00,0,12.003287671232876,31.08,Carcassonne,11,1963,22.0
1964-01-01 00:00:00,0,13.052185792349729,19.88,Carcassonne,11,1964,12.0
1965-01-01 00:00:00,0,12.62794520547945,24.71,Carcassonne,11,1965,29.0
1966-01-01 00:00:00,0,13.22,12.25,Carcassonne,11,1966,19.0
1967-01-01 00:00:00,0,13.154794520547943,30.1,Carcassonne,11,1967,21.0
1968-01-01 00:00:00,0,13.0,21.56,Carcassonne,11,1968,21.0
1969-01-01 00:00:00,0,12.491506849315067,26.74,Carcassonne,11,1969,31.0
1970-01-01 00:00:00,0,12.936986301369863,56.35,Carcassonne,11,1970,33.0
1971-01-01 00:00:00,0,12.733150684931507,29.4,Carcassonne,11,1971,30.0
1972-01-01 00:00:00,0,12.41639344262295,15.89,Carcassonne,11,1972,15.0
1973-01-01 00:00:00,0,12.675342465753424,28.84,Carcassonne,11,1973,21.0
1974-01-01 00:00:00,0,12.517808219178082,22.05,Carcassonne,11,1974,14.0
1975-01-01 00:00:00,0,12.748493150684933,27.93,Carcassonne,11,1975,21.0
1976-01-01 00:00:00,0,12.939617486338795,14.49,Carcassonne,11,1976,17.0
1977-01-01 00:00:00,0,12.735342465753424,31.92,Carcassonne,11,1977,18.0
1978-01-01 00:00:00,0,12.475342465753425,65.8,Carcassonne,11,1978,38.0
1979-01-01 00:00:00,0,12.687397260273972,19.25,Carcassonne,11,1979,24.0
1980-01-01 00:00:00,0,11.967759562841527,61.95,Carcassonne,11,1980,27.0
1981-01-01 00:00:00,0,12.95945205479452,48.370000000000005,Carcassonne,11,1981,18.0
1982-01-01 00:00:00,2,13.534520547945206,19.39,Carcassonne,11,1982,16.0
1983-01-01 00:00:00,0,13.310958904109588,35.56,Carcassonne,11,1983,16.0
1984-01-01 00:00:00,0,12.480601092896174,12.74,Carcassonne,11,1984,17.0
1985-01-01 00:00:00,0,12.657260273972602,30.24,Carcassonne,11,1985,26.0
1986-01-01 00:00:00,0,13.215068493150683,54.74,Carcassonne,11,1986,27.0
1987-01-01 00:00:00,1,13.135068493150683,39.27,Carcassonne,11,1987,20.0
1988-01-01 00:00:00,0,13.416939890710385,16.66,Carcassonne,11,1988,17.0
1989-01-01 00:00:00,0,14.438356164383562,3.08,Carcassonne,11,1989,4.0
1990-01-01 00:00:00,0,14.01972602739726,13.65,Carcassonne,11,1990,10.0
1991-01-01 00:00:00,0,13.026027397260274,12.18,Carcassonne,11,1991,18.0
1992-01-01 00:00:00,0,12.87295081967213,39.2,Carcassonne,11,1992,13.0
1993-01-01 00:00:00,0,12.981643835616438,23.73,Carcassonne,11,1993,9.0
1994-01-01 00:00:00,0,14.023013698630136,19.11,Carcassonne,11,1994,21.0
1995-01-01 00:00:00,0,13.72,5.95,Carcassonne,11,1995,13.0
1996-01-01 00:00:00,0,13.172677595628414,29.19,Carcassonne,11,1996,19.0
1997-01-01 00:00:00,0,14.43808219178082,14.7,Carcassonne,11,1997,13.0
1998-01-01 00:00:00,0,13.30794520547945,6.51,Carcassonne,11,1998,11.0
1999-01-01 00:00:00,0,13.550684931506847,25.13,Carcassonne,11,1999,22.0
2000-01-01 00:00:00,0,13.5224043715847,5.180000000000001,Carcassonne,11,2000,10.0
2001-01-01 00:00:00,0,13.554246575342466,19.88,Carcassonne,11,2001,17.0
2002-01-01 00:00:00,0,13.785479452054794,3.78,Carcassonne,11,2002,4.0
2003-01-01 00:00:00,5,14.536986301369865,31.36,Carcassonne,11,2003,18.0
2004-01-01 00:00:00,1,13.458196721311475,22.96,Carcassonne,11,2004,24.0
2005-01-01 00:00:00,0,13.0586301369863,34.51,Carcassonne,11,2005,34.0
2006-01-01 00:00:00,1,14.293424657534247,20.23,Carcassonne,11,2006,10.0
2007-01-01 00:00:00,0,13.365479452054794,15.4,Carcassonne,11,2007,10.0
2008-01-01 00:00:00,0,13.402732240437157,25.83,Carcassonne,11,2008,20.0
2009-01-01 00:00:00,0,14.017808219178082,22.89,Carcassonne,11,2009,23.0
2010-01-01 00:00:00,1,12.94,65.59,Carcassonne,11,2010,29.0
2011-01-01 00:00:00,0,14.587123287671233,2.17,Carcassonne,11,2011,7.0
2012-01-01 00:00:00,1,13.783333333333331,12.95,Carcassonne,11,2012,18.0
2013-01-01 00:00:00,0,13.10082191780822,52.57,Carcassonne,11,2013,37.0
2014-01-01 00:00:00,0,14.28164383561644,11.34,Carcassonne,11,2014,17.0
2015-01-01 00:00:00,0,14.165479452054791,24.22,Carcassonne,11,2015,17.0
2016-01-01 00:00:00,0,14.357377049180329,7.91,Carcassonne,11,2016,13.0
2017-01-01 00:00:00,0,14.613698630136986,7.700000000000001,Carcassonne,11,2017,4.0
2018-01-01 00:00:00,3,15.11013698630137,5.18,Carcassonne,11,2018,4.0
2019-01-01 00:00:00,3,14.873424657534247,0.14,Carcassonne,11,2019,1.0
2020-01-01 00:00:00,1,15.14590163934426,0.14,Carcassonne,11,2020,1.0
2021-01-01 00:00:00,1,14.543287671232877,3.71,Carcassonne,11,2021,7.0
2022-01-01 00:00:00,6,16.198082191780824,2.7300000000000004,Carcassonne,11,2022,2.0
2023-01-01 00:00:00,7,15.793698630136983,11.69,Carcassonne,11,2023,7.0
2024-01-01 00:00:00,3,15.380601092896176,0.0,Carcassonne,11,2024,0.0
2025-01-01 00:00:00,16,15.981917808219178,0.49,Carcassonne,11,2025,4.0
1950-01-01 00:00:00,0,11.115616438356165,4.0600000000000005,Saint-Lô,50,1950,12.0
1951-01-01 00:00:00,0,11.007671232876714,3.78,Saint-Lô,50,1951,8.0
1952-01-01 00:00:00,1,10.908196721311477,21.56,Saint-Lô,50,1952,14.0
1953-01-01 00:00:00,0,11.036164383561644,18.13,Saint-Lô,50,1953,12.0
1954-01-01 00:00:00,0,10.525479452054794,8.33,Saint-Lô,50,1954,14.0
1955-01-01 00:00:00,0,10.751506849315067,21.77,Saint-Lô,50,1955,19.0
1956-01-01 00:00:00,0,9.9827868852459,22.26,Saint-Lô,50,1956,19.0
1957-01-01 00:00:00,0,11.41753424657534,0.49,Saint-Lô,50,1957,2.0
1958-01-01 00:00:00,0,10.986301369863014,31.85,Saint-Lô,50,1958,20.0
1959-01-01 00:00:00,0,12.1186301369863,1.47,Saint-Lô,50,1959,2.0
1960-01-01 00:00:00,0,11.237158469945356,14.56,Saint-Lô,50,1960,13.0
1961-01-01 00:00:00,2,11.684109589041096,1.33,Saint-Lô,50,1961,3.0
1962-01-01 00:00:00,0,10.097534246575345,26.81,Saint-Lô,50,1962,17.0
1963-01-01 00:00:00,0,9.683287671232875,19.04,Saint-Lô,50,1963,19.0
1964-01-01 00:00:00,0,10.658196721311477,23.1,Saint-Lô,50,1964,15.0
1965-01-01 00:00:00,0,10.474794520547944,13.09,Saint-Lô,50,1965,21.0
1966-01-01 00:00:00,0,11.035068493150684,4.97,Saint-Lô,50,1966,7.0
1967-01-01 00:00:00,0,10.94027397260274,12.32,Saint-Lô,50,1967,11.0
1968-01-01 00:00:00,1,10.71256830601093,6.65,Saint-Lô,50,1968,15.0
1969-01-01 00:00:00,0,11.036438356164384,17.080000000000002,Saint-Lô,50,1969,25.0
1970-01-01 00:00:00,0,10.957808219178082,38.57,Saint-Lô,50,1970,28.0
1971-01-01 00:00:00,0,11.033698630136987,17.29,Saint-Lô,50,1971,16.0
1972-01-01 00:00:00,0,10.45792349726776,19.81,Saint-Lô,50,1972,11.0
1973-01-01 00:00:00,0,10.761643835616438,6.16,Saint-Lô,50,1973,9.0
1974-01-01 00:00:00,0,10.892876712328768,1.4700000000000002,Saint-Lô,50,1974,4.0
1975-01-01 00:00:00,2,10.99890410958904,8.61,Saint-Lô,50,1975,10.0
1976-01-01 00:00:00,4,11.433060109289617,11.69,Saint-Lô,50,1976,12.0
1977-01-01 00:00:00,0,10.841369863013698,7.42,Saint-Lô,50,1977,14.0
1978-01-01 00:00:00,0,10.64054794520548,27.58,Saint-Lô,50,1978,24.0
1979-01-01 00:00:00,0,10.3786301369863,31.36,Saint-Lô,50,1979,28.0
1980-01-01 00:00:00,0,10.50136612021858,9.66,Saint-Lô,50,1980,14.0
1981-01-01 00:00:00,0,11.073698630136986,18.48,Saint-Lô,50,1981,14.0
1982-01-01 00:00:00,0,11.554246575342466,10.43,Saint-Lô,50,1982,12.0
1983-01-01 00:00:00,0,11.37945205479452,7.56,Saint-Lô,50,1983,6.0
1984-01-01 00:00:00,0,11.057650273224043,11.2,Saint-Lô,50,1984,15.0
1985-01-01 00:00:00,0,10.402465753424655,28.14,Saint-Lô,50,1985,27.0
1986-01-01 00:00:00,0,10.375068493150684,25.55,Saint-Lô,50,1986,24.0
1987-01-01 00:00:00,0,10.494794520547943,21.49,Saint-Lô,50,1987,14.0
1988-01-01 00:00:00,0,11.475136612021856,4.48,Saint-Lô,50,1988,10.0
1989-01-01 00:00:00,0,12.187945205479451,4.48,Saint-Lô,50,1989,3.0
1990-01-01 00:00:00,3,12.27150684931507,2.45,Saint-Lô,50,1990,5.0
1991-01-01 00:00:00,0,10.847945205479451,4.34,Saint-Lô,50,1991,9.0
1992-01-01 00:00:00,0,11.283879781420763,0.49,Saint-Lô,50,1992,4.0
1993-01-01 00:00:00,0,11.028767123287672,3.85,Saint-Lô,50,1993,8.0
1994-01-01 00:00:00,0,11.974520547945206,2.38,Saint-Lô,50,1994,7.0
1995-01-01 00:00:00,1,11.967671232876713,1.12,Saint-Lô,50,1995,4.0
1996-01-01 00:00:00,1,10.683879781420766,26.95,Saint-Lô,50,1996,15.0
1997-01-01 00:00:00,0,11.705205479452054,9.24,Saint-Lô,50,1997,6.0
1998-01-01 00:00:00,1,11.461369863013696,2.24,Saint-Lô,50,1998,3.0
1999-01-01 00:00:00,0,12.043835616438356,11.13,Saint-Lô,50,1999,13.0
2000-01-01 00:00:00,0,11.653005464480874,1.82,Saint-Lô,50,2000,4.0
2001-01-01 00:00:00,1,11.50164383561644,4.76,Saint-Lô,50,2001,10.0
2002-01-01 00:00:00,0,11.926301369863015,0.77,Saint-Lô,50,2002,2.0
2003-01-01 00:00:00,6,12.044931506849316,9.1,Saint-Lô,50,2003,9.0
2004-01-01 00:00:00,1,11.702732240437156,14.7,Saint-Lô,50,2004,11.0
2005-01-01 00:00:00,1,11.885205479452056,14.84,Saint-Lô,50,2005,23.0
2006-01-01 00:00:00,3,11.987397260273973,18.48,Saint-Lô,50,2006,12.0
2007-01-01 00:00:00,0,11.763287671232876,6.23,Saint-Lô,50,2007,8.0
2008-01-01 00:00:00,0,11.367486338797814,4.2,Saint-Lô,50,2008,3.0
2009-01-01 00:00:00,0,11.414520547945203,7.91,Saint-Lô,50,2009,13.0
2010-01-01 00:00:00,0,10.513150684931508,36.68,Saint-Lô,50,2010,29.0
2011-01-01 00:00:00,0,12.365753424657534,0.35,Saint-Lô,50,2011,3.0
2012-01-01 00:00:00,0,11.364207650273224,5.81,Saint-Lô,50,2012,6.0
2013-01-01 00:00:00,1,11.195890410958905,40.67,Saint-Lô,50,2013,19.0
2014-01-01 00:00:00,0,12.382739726027395,0.07,Saint-Lô,50,2014,1.0
2015-01-01 00:00:00,0,12.043835616438356,4.48,Saint-Lô,50,2015,9.0
2016-01-01 00:00:00,1,11.725409836065571,6.02,Saint-Lô,50,2016,7.0
2017-01-01 00:00:00,2,11.575342465753424,4.0600000000000005,Saint-Lô,50,2017,7.0
2018-01-01 00:00:00,0,11.762465753424658,7.28,Saint-Lô,50,2018,13.0
2019-01-01 00:00:00,2,11.59917808219178,3.9899999999999993,Saint-Lô,50,2019,5.0
2020-01-01 00:00:00,3,12.16448087431694,0.77,Saint-Lô,50,2020,5.0
2021-01-01 00:00:00,0,11.066301369863012,8.89,Saint-Lô,50,2021,16.0
2022-01-01 00:00:00,3,12.405753424657536,7.839999999999999,Saint-Lô,50,2022,9.0
2023-01-01 00:00:00,1,12.288493150684932,9.94,Saint-Lô,50,2023,6.0
2024-01-01 00:00:00,0,11.810109289617486,33.46,Saint-Lô,50,2024,13.0
2025-01-01 00:00:00,1,11.746301369863012,12.25,Saint-Lô,50,2025,8.0
1950-01-01 00:00:00,0,11.419452054794522,142.52,Foix,9,1950,74.0
1951-01-01 00:00:00,0,10.588767123287672,171.29,Foix,9,1951,76.0
1952-01-01 00:00:00,0,11.292349726775956,121.87,Foix,9,1952,69.0
1953-01-01 00:00:00,0,10.923835616438357,88.97,Foix,9,1953,48.0
1954-01-01 00:00:00,0,10.218630136986302,137.13,Foix,9,1954,63.0
1955-01-01 00:00:00,0,11.673972602739726,61.25,Foix,9,1955,40.0
1956-01-01 00:00:00,0,9.641803278688524,131.39,Foix,9,1956,62.0
1957-01-01 00:00:00,0,10.86027397260274,92.89,Foix,9,1957,45.0
1958-01-01 00:00:00,0,11.302191780821918,133.49,Foix,9,1958,64.0
1959-01-01 00:00:00,0,11.714246575342464,135.03,Foix,9,1959,60.0
1960-01-01 00:00:00,0,11.23032786885246,153.09,Foix,9,1960,70.0
1961-01-01 00:00:00,0,12.265753424657534,61.67,Foix,9,1961,33.0
1962-01-01 00:00:00,0,11.124383561643835,118.02,Foix,9,1962,78.0
1963-01-01 00:00:00,0,10.264657534246576,118.23,Foix,9,1963,57.0
1964-01-01 00:00:00,0,11.579508196721312,82.67,Foix,9,1964,48.0
1965-01-01 00:00:00,0,10.827123287671233,134.82,Foix,9,1965,83.0
1966-01-01 00:00:00,0,11.539178082191782,138.25,Foix,9,1966,69.0
1967-01-01 00:00:00,0,11.32109589041096,103.04,Foix,9,1967,61.0
1968-01-01 00:00:00,0,11.35191256830601,124.81,Foix,9,1968,76.0
1969-01-01 00:00:00,0,10.717534246575342,136.01,Foix,9,1969,67.0
1970-01-01 00:00:00,0,11.015342465753424,150.15,Foix,9,1970,79.0
1971-01-01 00:00:00,0,10.73150684931507,164.15,Foix,9,1971,68.0
1972-01-01 00:00:00,0,10.337431693989071,145.39,Foix,9,1972,78.0
1973-01-01 00:00:00,0,10.688767123287672,141.54,Foix,9,1973,79.0
1974-01-01 00:00:00,0,10.56986301369863,146.86,Foix,9,1974,79.0
1975-01-01 00:00:00,0,10.826575342465754,138.81,Foix,9,1975,75.0
1976-01-01 00:00:00,0,10.98032786885246,84.35,Foix,9,1976,52.0
1977-01-01 00:00:00,0,10.99780821917808,107.17,Foix,9,1977,58.0
1978-01-01 00:00:00,0,10.564931506849314,180.32,Foix,9,1978,83.0
1979-01-01 00:00:00,0,10.876712328767123,142.66,Foix,9,1979,88.0
1980-01-01 00:00:00,0,10.30655737704918,179.83,Foix,9,1980,77.0
1981-01-01 00:00:00,0,11.365205479452056,118.79,Foix,9,1981,65.0
1982-01-01 00:00:00,0,11.770958904109587,128.66,Foix,9,1982,67.0
1983-01-01 00:00:00,0,11.813150684931507,99.4,Foix,9,1983,53.0
1984-01-01 00:00:00,0,10.681147540983607,99.05,Foix,9,1984,77.0
1985-01-01 00:00:00,0,11.07095890410959,122.36,Foix,9,1985,67.0
1986-01-01 00:00:00,0,11.291780821917808,175.63,Foix,9,1986,80.0
1987-01-01 00:00:00,0,11.617260273972605,116.13,Foix,9,1987,56.0
1988-01-01 00:00:00,0,11.7551912568306,101.36,Foix,9,1988,57.0
1989-01-01 00:00:00,0,12.628767123287671,51.03,Foix,9,1989,37.0
1990-01-01 00:00:00,0,12.144657534246576,100.66,Foix,9,1990,48.0
1991-01-01 00:00:00,0,11.304931506849316,133.84,Foix,9,1991,65.0
1992-01-01 00:00:00,0,11.309016393442624,139.16,Foix,9,1992,55.0
1993-01-01 00:00:00,0,11.388493150684932,91.35,Foix,9,1993,48.0
1994-01-01 00:00:00,0,12.253972602739726,137.34,Foix,9,1994,57.0
1995-01-01 00:00:00,0,11.87205479452055,96.25,Foix,9,1995,51.0
1996-01-01 00:00:00,0,11.26967213114754,124.67,Foix,9,1996,57.0
1997-01-01 00:00:00,0,12.744109589041097,49.35,Foix,9,1997,30.0
1998-01-01 00:00:00,0,11.679726027397262,82.17999999999999,Foix,9,1998,40.0
1999-01-01 00:00:00,0,11.635068493150683,132.51,Foix,9,1999,71.0
2000-01-01 00:00:00,0,12.045355191256832,54.88,Foix,9,2000,39.0
2001-01-01 00:00:00,0,11.611506849315068,124.18,Foix,9,2001,67.0
2002-01-01 00:00:00,0,11.961369863013696,89.04,Foix,9,2002,42.0
2003-01-01 00:00:00,0,12.5586301369863,165.55,Foix,9,2003,60.0
2004-01-01 00:00:00,0,11.607377049180329,120.05,Foix,9,2004,71.0
2005-01-01 00:00:00,0,11.247945205479452,148.75,Foix,9,2005,61.0
2006-01-01 00:00:00,0,12.66054794520548,69.37,Foix,9,2006,37.0
2007-01-01 00:00:00,0,11.61917808219178,89.32,Foix,9,2007,46.0
2008-01-01 00:00:00,0,11.518032786885248,105.77,Foix,9,2008,66.0
2009-01-01 00:00:00,0,12.153424657534249,129.99,Foix,9,2009,61.0
2010-01-01 00:00:00,0,10.912328767123288,156.66,Foix,9,2010,80.0
2011-01-01 00:00:00,0,12.664383561643836,43.96,Foix,9,2011,31.0
2012-01-01 00:00:00,0,11.852459016393444,106.89,Foix,9,2012,63.0
2013-01-01 00:00:00,0,11.222465753424656,219.59,Foix,9,2013,82.0
2014-01-01 00:00:00,0,12.467945205479452,103.6,Foix,9,2014,59.0
2015-01-01 00:00:00,0,12.575068493150685,87.92,Foix,9,2015,43.0
2016-01-01 00:00:00,0,12.4,76.09,Foix,9,2016,53.0
2017-01-01 00:00:00,0,13.137260273972604,87.85,Foix,9,2017,33.0
2018-01-01 00:00:00,0,13.491780821917809,65.45,Foix,9,2018,37.0
2019-01-01 00:00:00,0,13.337808219178084,53.55,Foix,9,2019,23.0
2020-01-01 00:00:00,0,13.731147540983608,42.14,Foix,9,2020,21.0
2021-01-01 00:00:00,0,13.107671232876712,50.68,Foix,9,2021,26.0
2022-01-01 00:00:00,0,14.731780821917807,17.71,Foix,9,2022,10.0
2023-01-01 00:00:00,0,14.074520547945204,39.27,Foix,9,2023,25.0
2024-01-01 00:00:00,0,13.806284153005466,40.6,Foix,9,2024,26.0
2025-01-01 00:00:00,0,13.687397260273972,43.61,Foix,9,2025,18.0
1950-01-01 00:00:00,0,11.413972602739728,47.32,Tarbes,65,1950,29.0
1951-01-01 00:00:00,0,10.592602739726027,70.42,Tarbes,65,1951,33.0
1952-01-01 00:00:00,0,11.215300546448088,50.61,Tarbes,65,1952,35.0
1953-01-01 00:00:00,0,10.816164383561643,44.52,Tarbes,65,1953,22.0
1954-01-01 00:00:00,0,10.251232876712328,56.98,Tarbes,65,1954,24.0
1955-01-01 00:00:00,0,11.689315068493151,26.39,Tarbes,65,1955,20.0
1956-01-01 00:00:00,0,9.655737704918034,51.8,Tarbes,65,1956,29.0
1957-01-01 00:00:00,0,10.911780821917809,49.49,Tarbes,65,1957,14.0
1958-01-01 00:00:00,0,11.457260273972604,34.16,Tarbes,65,1958,24.0
1959-01-01 00:00:00,0,11.931506849315069,12.6,Tarbes,65,1959,10.0
1960-01-01 00:00:00,0,11.30928961748634,37.59,Tarbes,65,1960,24.0
1961-01-01 00:00:00,0,12.351506849315069,11.69,Tarbes,65,1961,10.0
1962-01-01 00:00:00,1,11.213972602739728,30.94,Tarbes,65,1962,22.0
1963-01-01 00:00:00,0,10.4213698630137,19.95,Tarbes,65,1963,21.0
1964-01-01 00:00:00,0,11.439617486338795,12.04,Tarbes,65,1964,17.0
1965-01-01 00:00:00,0,10.941643835616436,34.86,Tarbes,65,1965,28.0
1966-01-01 00:00:00,0,11.6772602739726,14.7,Tarbes,65,1966,19.0
1967-01-01 00:00:00,0,11.20027397260274,33.74,Tarbes,65,1967,20.0
1968-01-01 00:00:00,0,11.50382513661202,19.74,Tarbes,65,1968,23.0
1969-01-01 00:00:00,0,10.855068493150684,32.76,Tarbes,65,1969,29.0
1970-01-01 00:00:00,0,11.067123287671231,46.06,Tarbes,65,1970,27.0
1971-01-01 00:00:00,0,10.782739726027398,40.88,Tarbes,65,1971,28.0
1972-01-01 00:00:00,0,10.333060109289615,16.03,Tarbes,65,1972,21.0
1973-01-01 00:00:00,0,10.792054794520547,42.91,Tarbes,65,1973,27.0
1974-01-01 00:00:00,1,10.751780821917809,25.97,Tarbes,65,1974,22.0
1975-01-01 00:00:00,0,10.86164383561644,43.54,Tarbes,65,1975,28.0
1976-01-01 00:00:00,0,10.978415300546448,23.66,Tarbes,65,1976,15.0
1977-01-01 00:00:00,0,10.955068493150684,28.77,Tarbes,65,1977,23.0
1978-01-01 00:00:00,0,10.76986301369863,78.33,Tarbes,65,1978,33.0
1979-01-01 00:00:00,0,10.987123287671231,19.67,Tarbes,65,1979,20.0
1980-01-01 00:00:00,0,10.5051912568306,41.37,Tarbes,65,1980,23.0
1981-01-01 00:00:00,0,11.572328767123286,28.56,Tarbes,65,1981,16.0
1982-01-01 00:00:00,0,11.91095890410959,21.28,Tarbes,65,1982,17.0
1983-01-01 00:00:00,0,11.835342465753424,24.15,Tarbes,65,1983,17.0
1984-01-01 00:00:00,0,10.840437158469944,22.82,Tarbes,65,1984,21.0
1985-01-01 00:00:00,1,11.15972602739726,36.19,Tarbes,65,1985,29.0
1986-01-01 00:00:00,0,11.252328767123288,95.13,Tarbes,65,1986,35.0
1987-01-01 00:00:00,1,11.698904109589042,47.67,Tarbes,65,1987,19.0
1988-01-01 00:00:00,0,11.728415300546448,23.87,Tarbes,65,1988,15.0
1989-01-01 00:00:00,0,12.556438356164383,1.89,Tarbes,65,1989,8.0
1990-01-01 00:00:00,0,12.290684931506853,25.62,Tarbes,65,1990,16.0
1991-01-01 00:00:00,0,11.244383561643836,36.54,Tarbes,65,1991,24.0
1992-01-01 00:00:00,0,11.393169398907103,19.18,Tarbes,65,1992,15.0
1993-01-01 00:00:00,0,11.29205479452055,22.19,Tarbes,65,1993,12.0
1994-01-01 00:00:00,0,12.33753424657534,34.09,Tarbes,65,1994,18.0
1995-01-01 00:00:00,0,12.072054794520549,15.47,Tarbes,65,1995,23.0
1996-01-01 00:00:00,0,11.364207650273224,29.05,Tarbes,65,1996,17.0
1997-01-01 00:00:00,0,12.713972602739728,37.59,Tarbes,65,1997,10.0
1998-01-01 00:00:00,0,11.68027397260274,11.55,Tarbes,65,1998,16.0
1999-01-01 00:00:00,0,11.698904109589042,44.940000000000005,Tarbes,65,1999,24.0
2000-01-01 00:00:00,0,11.958743169398906,5.18,Tarbes,65,2000,7.0
2001-01-01 00:00:00,0,11.691506849315068,32.69,Tarbes,65,2001,20.0
2002-01-01 00:00:00,0,12.02219178082192,12.11,Tarbes,65,2002,11.0
2003-01-01 00:00:00,4,12.716438356164383,34.79,Tarbes,65,2003,26.0
2004-01-01 00:00:00,0,11.710109289617485,36.33,Tarbes,65,2004,27.0
2005-01-01 00:00:00,0,11.39972602739726,66.08,Tarbes,65,2005,37.0
2006-01-01 00:00:00,0,12.604109589041096,27.72,Tarbes,65,2006,16.0
2007-01-01 00:00:00,0,11.573972602739726,27.3,Tarbes,65,2007,11.0
2008-01-01 00:00:00,0,11.428142076502732,22.68,Tarbes,65,2008,22.0
2009-01-01 00:00:00,0,12.101369863013698,27.51,Tarbes,65,2009,25.0
2010-01-01 00:00:00,1,10.905205479452055,54.25,Tarbes,65,2010,32.0
2011-01-01 00:00:00,0,12.534520547945206,10.08,Tarbes,65,2011,12.0
2012-01-01 00:00:00,0,11.727868852459016,25.34,Tarbes,65,2012,18.0
2013-01-01 00:00:00,1,11.453150684931506,55.93,Tarbes,65,2013,38.0
2014-01-01 00:00:00,0,12.495616438356164,4.41,Tarbes,65,2014,15.0
2015-01-01 00:00:00,0,12.557808219178083,28.28,Tarbes,65,2015,21.0
2016-01-01 00:00:00,0,12.28497267759563,11.83,Tarbes,65,2016,12.0
2017-01-01 00:00:00,2,13.011780821917808,10.85,Tarbes,65,2017,13.0
2018-01-01 00:00:00,0,13.276712328767124,15.89,Tarbes,65,2018,16.0
2019-01-01 00:00:00,2,13.096438356164382,4.41,Tarbes,65,2019,8.0
2020-01-01 00:00:00,4,13.702459016393444,6.09,Tarbes,65,2020,9.0
2021-01-01 00:00:00,0,12.903561643835618,23.38,Tarbes,65,2021,13.0
2022-01-01 00:00:00,10,14.370958904109589,7.98,Tarbes,65,2022,5.0
2023-01-01 00:00:00,2,13.744657534246576,25.55,Tarbes,65,2023,17.0
2024-01-01 00:00:00,1,13.392896174863388,8.82,Tarbes,65,2024,12.0
2025-01-01 00:00:00,7,13.567671232876712,8.959999999999999,Tarbes,65,2025,9.0
1950-01-01 00:00:00,0,11.140273972602738,26.18,Nevers,58,1950,24.0
1951-01-01 00:00:00,0,10.644931506849316,6.09,Nevers,58,1951,11.0
1952-01-01 00:00:00,4,10.897540983606556,46.69,Nevers,58,1952,41.0
1953-01-01 00:00:00,0,10.967671232876713,19.95,Nevers,58,1953,17.0
1954-01-01 00:00:00,0,10.12027397260274,16.87,Nevers,58,1954,17.0
1955-01-01 00:00:00,0,11.007945205479452,28.98,Nevers,58,1955,17.0
1956-01-01 00:00:00,0,9.463387978142077,20.37,Nevers,58,1956,19.0
1957-01-01 00:00:00,1,11.006575342465752,6.86,Nevers,58,1957,14.0
1958-01-01 00:00:00,0,10.827123287671233,18.97,Nevers,58,1958,21.0
1959-01-01 00:00:00,1,12.347123287671232,14.42,Nevers,58,1959,10.0
1960-01-01 00:00:00,0,11.077049180327869,14.14,Nevers,58,1960,18.0
1961-01-01 00:00:00,0,12.1186301369863,0.63,Nevers,58,1961,6.0
1962-01-01 00:00:00,0,10.11013698630137,31.36,Nevers,58,1962,23.0
1963-01-01 00:00:00,0,9.93013698630137,14.84,Nevers,58,1963,23.0
1964-01-01 00:00:00,2,10.878688524590164,24.71,Nevers,58,1964,23.0
1965-01-01 00:00:00,0,10.41835616438356,27.58,Nevers,58,1965,29.0
1966-01-01 00:00:00,0,11.1772602739726,15.260000000000002,Nevers,58,1966,20.0
1967-01-01 00:00:00,0,11.02,11.06,Nevers,58,1967,13.0
1968-01-01 00:00:00,0,10.443989071038253,41.09,Nevers,58,1968,26.0
1969-01-01 00:00:00,0,10.655342465753424,23.45,Nevers,58,1969,33.0
1970-01-01 00:00:00,0,10.546849315068492,52.08,Nevers,58,1970,37.0
1971-01-01 00:00:00,0,10.503835616438357,18.27,Nevers,58,1971,15.0
1972-01-01 00:00:00,0,10.274590163934429,10.57,Nevers,58,1972,14.0
1973-01-01 00:00:00,0,10.383561643835616,13.3,Nevers,58,1973,24.0
1974-01-01 00:00:00,1,11.01917808219178,7.84,Nevers,58,1974,7.0
1975-01-01 00:00:00,0,10.643835616438356,21.7,Nevers,58,1975,18.0
1976-01-01 00:00:00,2,11.46639344262295,9.87,Nevers,58,1976,12.0
1977-01-01 00:00:00,0,10.705753424657534,6.3,Nevers,58,1977,11.0
1978-01-01 00:00:00,0,10.396438356164383,28.84,Nevers,58,1978,27.0
1979-01-01 00:00:00,0,10.402191780821918,31.15,Nevers,58,1979,29.0
1980-01-01 00:00:00,0,9.963934426229509,28.35,Nevers,58,1980,20.0
1981-01-01 00:00:00,0,10.625479452054796,24.43,Nevers,58,1981,30.0
1982-01-01 00:00:00,0,11.62191780821918,5.67,Nevers,58,1982,10.0
1983-01-01 00:00:00,1,11.156164383561643,10.08,Nevers,58,1983,14.0
1984-01-01 00:00:00,0,10.588524590163937,12.95,Nevers,58,1984,18.0
1985-01-01 00:00:00,0,10.095890410958903,34.230000000000004,Nevers,58,1985,36.0
1986-01-01 00:00:00,1,10.52,25.41,Nevers,58,1986,27.0
1987-01-01 00:00:00,0,10.376986301369865,21.77,Nevers,58,1987,21.0
1988-01-01 00:00:00,0,11.507377049180327,8.68,Nevers,58,1988,13.0
1989-01-01 00:00:00,0,11.980547945205478,1.26,Nevers,58,1989,4.0
1990-01-01 00:00:00,2,12.121095890410958,12.74,Nevers,58,1990,10.0
1991-01-01 00:00:00,0,10.936712328767124,21.07,Nevers,58,1991,13.0
1992-01-01 00:00:00,1,11.240983606557377,3.01,Nevers,58,1992,4.0
1993-01-01 00:00:00,0,11.071780821917809,10.01,Nevers,58,1993,8.0
1994-01-01 00:00:00,0,12.353424657534246,3.22,Nevers,58,1994,8.0
1995-01-01 00:00:00,2,11.793972602739728,14.49,Nevers,58,1995,13.0
1996-01-01 00:00:00,0,10.73551912568306,19.95,Nevers,58,1996,22.0
1997-01-01 00:00:00,0,11.957260273972604,7.56,Nevers,58,1997,13.0
1998-01-01 00:00:00,3,11.21013698630137,10.71,Nevers,58,1998,10.0
1999-01-01 00:00:00,1,11.76958904109589,36.54,Nevers,58,1999,24.0
2000-01-01 00:00:00,0,11.983879781420766,0.98,Nevers,58,2000,8.0
2001-01-01 00:00:00,0,11.39972602739726,12.18,Nevers,58,2001,17.0
2002-01-01 00:00:00,1,12.127397260273971,0.07,Nevers,58,2002,1.0
2003-01-01 00:00:00,11,12.543287671232877,18.06,Nevers,58,2003,11.0
2004-01-01 00:00:00,0,11.308196721311475,23.17,Nevers,58,2004,17.0
2005-01-01 00:00:00,3,11.510136986301369,28.21,Nevers,58,2005,35.0
2006-01-01 00:00:00,4,12.090136986301369,27.3,Nevers,58,2006,14.0
2007-01-01 00:00:00,0,11.697534246575344,15.12,Nevers,58,2007,5.0
2008-01-01 00:00:00,0,11.124590163934426,12.25,Nevers,58,2008,17.0
2009-01-01 00:00:00,1,11.66958904109589,18.62,Nevers,58,2009,17.0
2010-01-01 00:00:00,1,10.545205479452054,41.370000000000005,Nevers,58,2010,44.0
2011-01-01 00:00:00,1,12.636712328767125,3.5,Nevers,58,2011,3.0
2012-01-01 00:00:00,2,11.59016393442623,7.77,Nevers,58,2012,10.0
2013-01-01 00:00:00,3,11.06958904109589,24.64,Nevers,58,2013,23.0
2014-01-01 00:00:00,1,12.584109589041097,1.75,Nevers,58,2014,5.0
2015-01-01 00:00:00,3,12.462739726027396,6.44,Nevers,58,2015,8.0
2016-01-01 00:00:00,2,11.8,6.79,Nevers,58,2016,11.0
2017-01-01 00:00:00,1,11.842465753424657,12.53,Nevers,58,2017,22.0
2018-01-01 00:00:00,6,13.003013698630138,26.11,Nevers,58,2018,22.0
2019-01-01 00:00:00,7,12.583013698630138,15.82,Nevers,58,2019,13.0
2020-01-01 00:00:00,3,13.133879781420765,0.63,Nevers,58,2020,3.0
2021-01-01 00:00:00,0,11.442739726027398,10.64,Nevers,58,2021,20.0
2022-01-01 00:00:00,3,13.101095890410958,5.67,Nevers,58,2022,4.0
2023-01-01 00:00:00,0,12.966027397260277,10.43,Nevers,58,2023,7.0
2024-01-01 00:00:00,1,12.310928961748637,8.05,Nevers,58,2024,10.0
2025-01-01 00:00:00,6,12.536986301369865,4.34,Nevers,58,2025,10.0
1950-01-01 00:00:00,0,10.19095890410959,42.63,Bar-le-Duc,55,1950,28.0
1951-01-01 00:00:00,0,10.137534246575342,10.92,Bar-le-Duc,55,1951,16.0
1952-01-01 00:00:00,0,9.890983606557375,78.61,Bar-le-Duc,55,1952,52.0
1953-01-01 00:00:00,0,10.324931506849314,33.11,Bar-le-Duc,55,1953,25.0
1954-01-01 00:00:00,0,9.349315068493151,30.87,Bar-le-Duc,55,1954,20.0
1955-01-01 00:00:00,0,9.69095890410959,35.7,Bar-le-Duc,55,1955,29.0
1956-01-01 00:00:00,0,8.683879781420766,33.53,Bar-le-Duc,55,1956,34.0
1957-01-01 00:00:00,0,10.28164383561644,14.56,Bar-le-Duc,55,1957,15.0
1958-01-01 00:00:00,0,10.012602739726027,65.1,Bar-le-Duc,55,1958,34.0
1959-01-01 00:00:00,0,11.376712328767123,35.91,Bar-le-Duc,55,1959,18.0
1960-01-01 00:00:00,0,10.291530054644808,25.2,Bar-le-Duc,55,1960,21.0
1961-01-01 00:00:00,0,11.146849315068494,12.88,Bar-le-Duc,55,1961,16.0
1962-01-01 00:00:00,0,9.058904109589042,43.33,Bar-le-Duc,55,1962,39.0
1963-01-01 00:00:00,0,8.941369863013698,22.68,Bar-le-Duc,55,1963,22.0
1964-01-01 00:00:00,1,10.273770491803278,32.2,Bar-le-Duc,55,1964,25.0
1965-01-01 00:00:00,0,9.447945205479453,43.120000000000005,Bar-le-Duc,55,1965,40.0
1966-01-01 00:00:00,0,10.322465753424655,21.42,Bar-le-Duc,55,1966,26.0
1967-01-01 00:00:00,0,10.192328767123287,36.54,Bar-le-Duc,55,1967,21.0
1968-01-01 00:00:00,0,9.584426229508196,70.84,Bar-le-Duc,55,1968,45.0
1969-01-01 00:00:00,0,9.641643835616438,74.41,Bar-le-Duc,55,1969,41.0
1970-01-01 00:00:00,0,9.572054794520549,86.24000000000001,Bar-le-Duc,55,1970,48.0
1971-01-01 00:00:00,0,10.105753424657534,24.99,Bar-le-Duc,55,1971,19.0
1972-01-01 00:00:00,0,9.457650273224044,20.72,Bar-le-Duc,55,1972,21.0
1973-01-01 00:00:00,0,9.767945205479451,31.64,Bar-le-Duc,55,1973,37.0
1974-01-01 00:00:00,0,10.271232876712329,18.34,Bar-le-Duc,55,1974,17.0
1975-01-01 00:00:00,0,10.211506849315068,28.35,Bar-le-Duc,55,1975,23.0
1976-01-01 00:00:00,0,10.656284153005464,33.88,Bar-le-Duc,55,1976,25.0
1977-01-01 00:00:00,0,10.145479452054794,31.15,Bar-le-Duc,55,1977,31.0
1978-01-01 00:00:00,0,9.258082191780822,52.78,Bar-le-Duc,55,1978,38.0
1979-01-01 00:00:00,0,9.48082191780822,40.32,Bar-le-Duc,55,1979,38.0
1980-01-01 00:00:00,0,9.258469945355191,31.36,Bar-le-Duc,55,1980,22.0
1981-01-01 00:00:00,0,9.846027397260274,57.05,Bar-le-Duc,55,1981,51.0
1982-01-01 00:00:00,0,10.737260273972602,21.63,Bar-le-Duc,55,1982,21.0
1983-01-01 00:00:00,1,10.542739726027396,23.17,Bar-le-Duc,55,1983,23.0
1984-01-01 00:00:00,0,9.81120218579235,47.04,Bar-le-Duc,55,1984,41.0
1985-01-01 00:00:00,0,9.093972602739727,56.77,Bar-le-Duc,55,1985,46.0
1986-01-01 00:00:00,0,9.534246575342468,61.88,Bar-le-Duc,55,1986,46.0
1987-01-01 00:00:00,0,9.456438356164384,35.49,Bar-le-Duc,55,1987,36.0
1988-01-01 00:00:00,0,10.750819672131149,27.16,Bar-le-Duc,55,1988,26.0
1989-01-01 00:00:00,0,11.232054794520549,6.65,Bar-le-Duc,55,1989,7.0
1990-01-01 00:00:00,0,11.195342465753424,34.93,Bar-le-Duc,55,1990,18.0
1991-01-01 00:00:00,0,10.18,24.78,Bar-le-Duc,55,1991,13.0
1992-01-01 00:00:00,0,10.797814207650273,3.29,Bar-le-Duc,55,1992,10.0
1993-01-01 00:00:00,0,10.431232876712327,24.92,Bar-le-Duc,55,1993,21.0
1994-01-01 00:00:00,0,11.510684931506848,21.49,Bar-le-Duc,55,1994,18.0
1995-01-01 00:00:00,1,10.816986301369862,31.01,Bar-le-Duc,55,1995,23.0
1996-01-01 00:00:00,0,9.362841530054643,38.78,Bar-le-Duc,55,1996,33.0
1997-01-01 00:00:00,0,10.607945205479451,23.17,Bar-le-Duc,55,1997,9.0
1998-01-01 00:00:00,2,10.363835616438356,15.89,Bar-le-Duc,55,1998,19.0
1999-01-01 00:00:00,0,10.977534246575344,57.61,Bar-le-Duc,55,1999,38.0
2000-01-01 00:00:00,0,11.13934426229508,8.12,Bar-le-Duc,55,2000,11.0
2001-01-01 00:00:00,0,10.55041095890411,37.52,Bar-le-Duc,55,2001,27.0
2002-01-01 00:00:00,0,11.267123287671232,4.2,Bar-le-Duc,55,2002,6.0
2003-01-01 00:00:00,10,11.492602739726028,23.45,Bar-le-Duc,55,2003,18.0
2004-01-01 00:00:00,0,10.42704918032787,44.73,Bar-le-Duc,55,2004,31.0
2005-01-01 00:00:00,0,10.752876712328767,48.09,Bar-le-Duc,55,2005,39.0
2006-01-01 00:00:00,0,11.265753424657534,27.02,Bar-le-Duc,55,2006,27.0
2007-01-01 00:00:00,0,11.08109589041096,12.25,Bar-le-Duc,55,2007,11.0
2008-01-01 00:00:00,0,10.45,29.61,Bar-le-Duc,55,2008,21.0
2009-01-01 00:00:00,1,10.888493150684932,29.19,Bar-le-Duc,55,2009,22.0
2010-01-01 00:00:00,0,9.674520547945203,89.88,Bar-le-Duc,55,2010,50.0
2011-01-01 00:00:00,0,11.673698630136986,14.35,Bar-le-Duc,55,2011,12.0
2012-01-01 00:00:00,1,10.702185792349727,19.6,Bar-le-Duc,55,2012,17.0
2013-01-01 00:00:00,0,10.236438356164385,36.89,Bar-le-Duc,55,2013,31.0
2014-01-01 00:00:00,0,11.864109589041094,14.28,Bar-le-Duc,55,2014,11.0
2015-01-01 00:00:00,4,11.637534246575342,22.19,Bar-le-Duc,55,2015,13.0
2016-01-01 00:00:00,0,10.940983606557378,14.98,Bar-le-Duc,55,2016,15.0
2017-01-01 00:00:00,0,10.696712328767124,37.87,Bar-le-Duc,55,2017,38.0
2018-01-01 00:00:00,1,11.793150684931506,35.07,Bar-le-Duc,55,2018,29.0
2019-01-01 00:00:00,3,11.284931506849317,31.22,Bar-le-Duc,55,2019,24.0
2020-01-01 00:00:00,3,11.922131147540984,21.91,Bar-le-Duc,55,2020,16.0
2021-01-01 00:00:00,0,10.146301369863014,36.26,Bar-le-Duc,55,2021,32.0
2022-01-01 00:00:00,1,11.771780821917808,10.57,Bar-le-Duc,55,2022,20.0
2023-01-01 00:00:00,0,11.690136986301368,12.53,Bar-le-Duc,55,2023,23.0
2024-01-01 00:00:00,0,11.20327868852459,19.46,Bar-le-Duc,55,2024,21.0
2025-01-01 00:00:00,2,11.20054794520548,15.54,Bar-le-Duc,55,2025,14.0
1950-01-01 00:00:00,0,11.510136986301369,33.46,Lyon,69,1950,32.0
1951-01-01 00:00:00,0,11.103561643835617,17.43,Lyon,69,1951,17.0
1952-01-01 00:00:00,3,11.408469945355192,70.98,Lyon,69,1952,46.0
1953-01-01 00:00:00,0,11.156712328767124,22.89,Lyon,69,1953,28.0
1954-01-01 00:00:00,0,10.465753424657532,32.41,Lyon,69,1954,28.0
1955-01-01 00:00:00,0,11.242465753424655,48.44,Lyon,69,1955,26.0
1956-01-01 00:00:00,0,9.723224043715849,28.56,Lyon,69,1956,26.0
1957-01-01 00:00:00,0,11.202739726027398,21.84,Lyon,69,1957,11.0
1958-01-01 00:00:00,0,11.21972602739726,29.96,Lyon,69,1958,26.0
1959-01-01 00:00:00,0,12.442465753424658,14.0,Lyon,69,1959,14.0
1960-01-01 00:00:00,0,11.410655737704918,18.69,Lyon,69,1960,21.0
1961-01-01 00:00:00,0,12.247397260273972,13.16,Lyon,69,1961,13.0
1962-01-01 00:00:00,0,10.646849315068494,34.02,Lyon,69,1962,36.0
1963-01-01 00:00:00,0,10.013972602739726,35.77,Lyon,69,1963,25.0
1964-01-01 00:00:00,1,11.284699453551912,33.46,Lyon,69,1964,27.0
1965-01-01 00:00:00,0,10.87808219178082,30.66,Lyon,69,1965,33.0
1966-01-01 00:00:00,0,11.44,17.08,Lyon,69,1966,29.0
1967-01-01 00:00:00,0,11.28986301369863,30.73,Lyon,69,1967,23.0
1968-01-01 00:00:00,1,10.889617486338798,39.48,Lyon,69,1968,29.0
1969-01-01 00:00:00,0,10.784657534246575,22.12,Lyon,69,1969,30.0
1970-01-01 00:00:00,0,10.863835616438356,64.33,Lyon,69,1970,37.0
1971-01-01 00:00:00,0,10.703287671232877,31.08,Lyon,69,1971,29.0
1972-01-01 00:00:00,0,10.89016393442623,13.02,Lyon,69,1972,15.0
1973-01-01 00:00:00,0,10.68027397260274,35.98,Lyon,69,1973,23.0
1974-01-01 00:00:00,0,11.396438356164383,19.67,Lyon,69,1974,13.0
1975-01-01 00:00:00,0,10.92054794520548,15.05,Lyon,69,1975,22.0
1976-01-01 00:00:00,0,11.577049180327869,35.7,Lyon,69,1976,21.0
1977-01-01 00:00:00,0,11.129041095890411,11.9,Lyon,69,1977,21.0
1978-01-01 00:00:00,0,10.550958904109589,39.34,Lyon,69,1978,35.0
1979-01-01 00:00:00,0,10.963287671232877,37.59,Lyon,69,1979,31.0
1980-01-01 00:00:00,0,10.36775956284153,37.1,Lyon,69,1980,27.0
1981-01-01 00:00:00,0,11.057534246575342,41.23,Lyon,69,1981,37.0
1982-01-01 00:00:00,0,11.867945205479453,31.15,Lyon,69,1982,21.0
1983-01-01 00:00:00,5,11.584109589041097,20.65,Lyon,69,1983,21.0
1984-01-01 00:00:00,0,10.841256830601091,17.36,Lyon,69,1984,26.0
1985-01-01 00:00:00,0,10.667671232876712,26.39,Lyon,69,1985,32.0
1986-01-01 00:00:00,0,11.150958904109588,48.79,Lyon,69,1986,32.0
1987-01-01 00:00:00,0,10.93041095890411,24.78,Lyon,69,1987,35.0
1988-01-01 00:00:00,0,11.972131147540985,17.78,Lyon,69,1988,18.0
1989-01-01 00:00:00,1,12.404383561643836,17.01,Lyon,69,1989,5.0
1990-01-01 00:00:00,0,12.16054794520548,53.69,Lyon,69,1990,19.0
1991-01-01 00:00:00,0,11.563287671232878,14.21,Lyon,69,1991,15.0
1992-01-01 00:00:00,0,11.66584699453552,5.46,Lyon,69,1992,9.0
1993-01-01 00:00:00,0,11.413972602739728,14.77,Lyon,69,1993,15.0
1994-01-01 00:00:00,0,12.77041095890411,35.28,Lyon,69,1994,8.0
1995-01-01 00:00:00,1,11.949315068493153,24.08,Lyon,69,1995,26.0
1996-01-01 00:00:00,0,11.095081967213115,39.34,Lyon,69,1996,22.0
1997-01-01 00:00:00,0,12.352876712328769,22.47,Lyon,69,1997,13.0
1998-01-01 00:00:00,2,11.587671232876712,13.51,Lyon,69,1998,18.0
1999-01-01 00:00:00,0,12.048219178082192,54.67,Lyon,69,1999,32.0
2000-01-01 00:00:00,0,12.424863387978142,5.39,Lyon,69,2000,8.0
2001-01-01 00:00:00,0,11.963287671232878,23.94,Lyon,69,2001,18.0
2002-01-01 00:00:00,0,12.407945205479452,0.42,Lyon,69,2002,3.0
2003-01-01 00:00:00,18,13.30082191780822,16.24,Lyon,69,2003,20.0
2004-01-01 00:00:00,0,11.891256830601092,32.9,Lyon,69,2004,27.0
2005-01-01 00:00:00,2,11.874246575342466,44.38,Lyon,69,2005,37.0
2006-01-01 00:00:00,3,12.558356164383564,27.44,Lyon,69,2006,16.0
2007-01-01 00:00:00,0,12.09917808219178,13.58,Lyon,69,2007,13.0
2008-01-01 00:00:00,0,11.645628415300546,25.62,Lyon,69,2008,26.0
2009-01-01 00:00:00,2,12.58958904109589,16.38,Lyon,69,2009,22.0
2010-01-01 00:00:00,0,11.409041095890412,67.06,Lyon,69,2010,41.0
2011-01-01 00:00:00,1,13.096438356164382,5.88,Lyon,69,2011,4.0
2012-01-01 00:00:00,1,12.148907103825136,17.36,Lyon,69,2012,20.0
2013-01-01 00:00:00,1,11.55945205479452,40.88,Lyon,69,2013,29.0
2014-01-01 00:00:00,0,13.16904109589041,3.22,Lyon,69,2014,6.0
2015-01-01 00:00:00,12,13.08904109589041,20.02,Lyon,69,2015,21.0
2016-01-01 00:00:00,0,12.301912568306012,15.05,Lyon,69,2016,14.0
2017-01-01 00:00:00,9,12.74027397260274,22.19,Lyon,69,2017,20.0
2018-01-01 00:00:00,7,13.462191780821918,12.32,Lyon,69,2018,18.0
2019-01-01 00:00:00,9,12.964383561643835,22.54,Lyon,69,2019,15.0
2020-01-01 00:00:00,6,13.567486338797814,2.38,Lyon,69,2020,6.0
2021-01-01 00:00:00,0,12.011780821917808,25.9,Lyon,69,2021,21.0
2022-01-01 00:00:00,4,13.86054794520548,17.15,Lyon,69,2022,12.0
2023-01-01 00:00:00,9,13.665205479452055,4.48,Lyon,69,2023,11.0
2024-01-01 00:00:00,2,12.768032786885248,6.93,Lyon,69,2024,10.0
2025-01-01 00:00:00,14,13.364931506849317,3.3600000000000003,Lyon,69,2025,5.0
1950-01-01 00:00:00,0,11.266301369863012,5.879999999999999,Le Mans,72,1950,9.0
1951-01-01 00:00:00,0,10.849315068493151,0.35,Le Mans,72,1951,2.0
1952-01-01 00:00:00,1,11.036612021857923,23.38,Le Mans,72,1952,11.0
1953-01-01 00:00:00,0,11.1213698630137,10.85,Le Mans,72,1953,8.0
1954-01-01 00:00:00,0,10.658904109589042,3.08,Le Mans,72,1954,7.0
1955-01-01 00:00:00,0,10.967123287671232,13.72,Le Mans,72,1955,15.0
1956-01-01 00:00:00,0,10.07158469945355,19.39,Le Mans,72,1956,14.0
1957-01-01 00:00:00,0,11.506575342465752,0.14,Le Mans,72,1957,1.0
1958-01-01 00:00:00,0,11.077534246575343,7.84,Le Mans,72,1958,14.0
1959-01-01 00:00:00,0,12.414246575342466,4.62,Le Mans,72,1959,2.0
1960-01-01 00:00:00,0,11.272131147540984,12.39,Le Mans,72,1960,14.0
1961-01-01 00:00:00,0,12.048767123287671,2.1,Le Mans,72,1961,2.0
1962-01-01 00:00:00,0,10.33753424657534,15.12,Le Mans,72,1962,15.0
1963-01-01 00:00:00,0,9.82931506849315,10.92,Le Mans,72,1963,11.0
1964-01-01 00:00:00,0,10.89016393442623,30.45,Le Mans,72,1964,12.0
1965-01-01 00:00:00,0,10.573698630136986,8.05,Le Mans,72,1965,9.0
1966-01-01 00:00:00,0,11.216986301369865,3.71,Le Mans,72,1966,5.0
1967-01-01 00:00:00,0,10.96958904109589,8.05,Le Mans,72,1967,5.0
1968-01-01 00:00:00,0,10.768852459016394,14.7,Le Mans,72,1968,15.0
1969-01-01 00:00:00,0,11.055890410958904,11.34,Le Mans,72,1969,14.0
1970-01-01 00:00:00,0,10.946575342465753,18.13,Le Mans,72,1970,21.0
1971-01-01 00:00:00,0,10.860821917808218,13.79,Le Mans,72,1971,10.0
1972-01-01 00:00:00,0,10.520765027322405,2.1,Le Mans,72,1972,9.0
1973-01-01 00:00:00,0,10.803561643835616,3.71,Le Mans,72,1973,9.0
1974-01-01 00:00:00,0,11.083287671232878,3.92,Le Mans,72,1974,2.0
1975-01-01 00:00:00,0,10.92931506849315,4.27,Le Mans,72,1975,8.0
1976-01-01 00:00:00,0,11.704918032786884,7.28,Le Mans,72,1976,11.0
1977-01-01 00:00:00,0,10.932328767123288,1.68,Le Mans,72,1977,5.0
1978-01-01 00:00:00,0,10.581369863013698,19.39,Le Mans,72,1978,17.0
1979-01-01 00:00:00,0,10.484383561643837,21.91,Le Mans,72,1979,18.0
1980-01-01 00:00:00,0,10.281147540983609,11.76,Le Mans,72,1980,10.0
1981-01-01 00:00:00,0,11.08931506849315,15.750000000000002,Le Mans,72,1981,11.0
1982-01-01 00:00:00,0,11.762191780821915,3.92,Le Mans,72,1982,6.0
1983-01-01 00:00:00,0,11.487397260273973,4.550000000000001,Le Mans,72,1983,9.0
1984-01-01 00:00:00,0,11.040983606557376,4.83,Le Mans,72,1984,4.0
1985-01-01 00:00:00,0,10.196164383561644,27.3,Le Mans,72,1985,23.0
1986-01-01 00:00:00,0,10.487397260273973,23.94,Le Mans,72,1986,19.0
1987-01-01 00:00:00,0,10.517534246575345,12.74,Le Mans,72,1987,10.0
1988-01-01 00:00:00,0,11.75245901639344,0.91,Le Mans,72,1988,4.0
1989-01-01 00:00:00,0,12.39972602739726,5.6000000000000005,Le Mans,72,1989,2.0
1990-01-01 00:00:00,2,12.4586301369863,0.0,Le Mans,72,1990,0.0
1991-01-01 00:00:00,0,11.035342465753423,8.19,Le Mans,72,1991,8.0
1992-01-01 00:00:00,0,11.505464480874316,0.14,Le Mans,72,1992,1.0
1993-01-01 00:00:00,0,11.156986301369864,5.319999999999999,Le Mans,72,1993,5.0
1994-01-01 00:00:00,0,12.366027397260275,0.91,Le Mans,72,1994,4.0
1995-01-01 00:00:00,0,12.147397260273973,1.89,Le Mans,72,1995,4.0
1996-01-01 00:00:00,0,10.912841530054644,22.68,Le Mans,72,1996,15.0
1997-01-01 00:00:00,0,12.092602739726027,8.75,Le Mans,72,1997,7.0
1998-01-01 00:00:00,0,11.483013698630138,0.77,Le Mans,72,1998,1.0
1999-01-01 00:00:00,0,12.161643835616438,7.21,Le Mans,72,1999,4.0
2000-01-01 00:00:00,0,11.795901639344264,0.21,Le Mans,72,2000,2.0
2001-01-01 00:00:00,0,11.678356164383562,2.94,Le Mans,72,2001,6.0
2002-01-01 00:00:00,0,12.143013698630137,0.49,Le Mans,72,2002,1.0
2003-01-01 00:00:00,8,12.4586301369863,8.33,Le Mans,72,2003,4.0
2004-01-01 00:00:00,0,11.806284153005466,11.48,Le Mans,72,2004,8.0
2005-01-01 00:00:00,0,12.042465753424658,13.86,Le Mans,72,2005,15.0
2006-01-01 00:00:00,0,12.2786301369863,9.52,Le Mans,72,2006,6.0
2007-01-01 00:00:00,0,11.941095890410958,2.45,Le Mans,72,2007,2.0
2008-01-01 00:00:00,0,11.392622950819671,4.2700000000000005,Le Mans,72,2008,4.0
2009-01-01 00:00:00,0,11.816438356164385,9.66,Le Mans,72,2009,12.0
2010-01-01 00:00:00,0,10.792328767123289,32.13,Le Mans,72,2010,24.0
2011-01-01 00:00:00,0,12.797808219178082,0.0,Le Mans,72,2011,0.0
2012-01-01 00:00:00,0,11.554918032786889,10.57,Le Mans,72,2012,4.0
2013-01-01 00:00:00,0,11.457808219178084,18.55,Le Mans,72,2013,16.0
2014-01-01 00:00:00,0,12.455342465753423,0.0,Le Mans,72,2014,0.0
2015-01-01 00:00:00,0,12.504383561643836,1.82,Le Mans,72,2015,6.0
2016-01-01 00:00:00,0,12.010382513661202,3.3600000000000003,Le Mans,72,2016,4.0
2017-01-01 00:00:00,0,12.332602739726026,0.49,Le Mans,72,2017,1.0
2018-01-01 00:00:00,0,12.862191780821917,17.01,Le Mans,72,2018,9.0
2019-01-01 00:00:00,5,12.566849315068492,2.03,Le Mans,72,2019,3.0
2020-01-01 00:00:00,0,13.156830601092896,0.0,Le Mans,72,2020,0.0
2021-01-01 00:00:00,0,11.624931506849316,10.57,Le Mans,72,2021,12.0
2022-01-01 00:00:00,1,13.326575342465754,0.77,Le Mans,72,2022,4.0
2023-01-01 00:00:00,0,13.16109589041096,2.73,Le Mans,72,2023,2.0
2024-01-01 00:00:00,0,12.383060109289618,12.67,Le Mans,72,2024,6.0
2025-01-01 00:00:00,1,12.919452054794522,5.81,Le Mans,72,2025,10.0
1950-01-01 00:00:00,0,9.483287671232876,55.37,Charleville-Mézières,8,1950,32.0
1951-01-01 00:00:00,0,9.664931506849314,24.36,Charleville-Mézières,8,1951,31.0
1952-01-01 00:00:00,0,9.364207650273224,98.56,Charleville-Mézières,8,1952,58.0
1953-01-01 00:00:00,0,9.86958904109589,41.09,Charleville-Mézières,8,1953,22.0
1954-01-01 00:00:00,0,8.912054794520548,32.06,Charleville-Mézières,8,1954,27.0
1955-01-01 00:00:00,0,9.03890410958904,48.44,Charleville-Mézières,8,1955,38.0
1956-01-01 00:00:00,0,8.244262295081967,43.82,Charleville-Mézières,8,1956,33.0
1957-01-01 00:00:00,0,9.898630136986302,22.96,Charleville-Mézières,8,1957,17.0
1958-01-01 00:00:00,0,9.432328767123288,46.06,Charleville-Mézières,8,1958,45.0
1959-01-01 00:00:00,0,10.848767123287672,22.54,Charleville-Mézières,8,1959,21.0
1960-01-01 00:00:00,0,9.856830601092897,24.71,Charleville-Mézières,8,1960,20.0
1961-01-01 00:00:00,0,10.55972602739726,15.05,Charleville-Mézières,8,1961,15.0
1962-01-01 00:00:00,0,8.445205479452055,38.57,Charleville-Mézières,8,1962,42.0
1963-01-01 00:00:00,0,8.273972602739725,26.11,Charleville-Mézières,8,1963,30.0
1964-01-01 00:00:00,0,9.75655737704918,28.91,Charleville-Mézières,8,1964,27.0
1965-01-01 00:00:00,0,9.006575342465753,45.29,Charleville-Mézières,8,1965,47.0
1966-01-01 00:00:00,0,9.791780821917808,23.24,Charleville-Mézières,8,1966,32.0
1967-01-01 00:00:00,0,9.70164383561644,27.37,Charleville-Mézières,8,1967,21.0
1968-01-01 00:00:00,0,9.1327868852459,70.21,Charleville-Mézières,8,1968,40.0
1969-01-01 00:00:00,0,9.325753424657536,63.21,Charleville-Mézières,8,1969,45.0
1970-01-01 00:00:00,0,9.172328767123288,92.4,Charleville-Mézières,8,1970,63.0
1971-01-01 00:00:00,0,9.612328767123287,33.53,Charleville-Mézières,8,1971,23.0
1972-01-01 00:00:00,0,9.081420765027325,33.95,Charleville-Mézières,8,1972,31.0
1973-01-01 00:00:00,0,9.394520547945206,29.75,Charleville-Mézières,8,1973,36.0
1974-01-01 00:00:00,0,9.768219178082193,19.53,Charleville-Mézières,8,1974,16.0
1975-01-01 00:00:00,0,9.752602739726028,48.16,Charleville-Mézières,8,1975,34.0
1976-01-01 00:00:00,0,10.177868852459016,31.22,Charleville-Mézières,8,1976,28.0
1977-01-01 00:00:00,0,9.574794520547943,36.33,Charleville-Mézières,8,1977,30.0
1978-01-01 00:00:00,0,8.827397260273973,56.21,Charleville-Mézières,8,1978,43.0
1979-01-01 00:00:00,0,8.771780821917808,56.84,Charleville-Mézières,8,1979,47.0
1980-01-01 00:00:00,0,8.871311475409836,28.42,Charleville-Mézières,8,1980,32.0
1981-01-01 00:00:00,0,9.365753424657534,72.17,Charleville-Mézières,8,1981,49.0
1982-01-01 00:00:00,0,10.087671232876712,18.34,Charleville-Mézières,8,1982,27.0
1983-01-01 00:00:00,0,10.07068493150685,36.05,Charleville-Mézières,8,1983,27.0
1984-01-01 00:00:00,0,9.44726775956284,65.73,Charleville-Mézières,8,1984,45.0
1985-01-01 00:00:00,0,8.56986301369863,61.88,Charleville-Mézières,8,1985,49.0
1986-01-01 00:00:00,0,9.08958904109589,49.7,Charleville-Mézières,8,1986,46.0
1987-01-01 00:00:00,0,8.911232876712328,48.44,Charleville-Mézières,8,1987,34.0
1988-01-01 00:00:00,0,10.310109289617486,52.57,Charleville-Mézières,8,1988,30.0
1989-01-01 00:00:00,0,10.75068493150685,12.67,Charleville-Mézières,8,1989,10.0
1990-01-01 00:00:00,0,10.764109589041096,32.76,Charleville-Mézières,8,1990,17.0
1991-01-01 00:00:00,0,9.705753424657534,25.27,Charleville-Mézières,8,1991,17.0
1992-01-01 00:00:00,0,10.242349726775956,10.36,Charleville-Mézières,8,1992,13.0
1993-01-01 00:00:00,0,9.865479452054794,27.23,Charleville-Mézières,8,1993,26.0
1994-01-01 00:00:00,0,10.95945205479452,15.96,Charleville-Mézières,8,1994,20.0
1995-01-01 00:00:00,0,10.615890410958905,36.54,Charleville-Mézières,8,1995,27.0
1996-01-01 00:00:00,0,8.815027322404372,50.26,Charleville-Mézières,8,1996,40.0
1997-01-01 00:00:00,0,10.19095890410959,10.64,Charleville-Mézières,8,1997,13.0
1998-01-01 00:00:00,0,9.894520547945206,14.77,Charleville-Mézières,8,1998,23.0
1999-01-01 00:00:00,0,10.550958904109589,53.2,Charleville-Mézières,8,1999,45.0
2000-01-01 00:00:00,0,10.585792349726775,10.5,Charleville-Mézières,8,2000,16.0
2001-01-01 00:00:00,0,10.20931506849315,44.73,Charleville-Mézières,8,2001,34.0
2002-01-01 00:00:00,0,10.818904109589042,3.01,Charleville-Mézières,8,2002,6.0
2003-01-01 00:00:00,0,10.828219178082191,27.23,Charleville-Mézières,8,2003,21.0
2004-01-01 00:00:00,0,10.031693989071035,43.82,Charleville-Mézières,8,2004,32.0
2005-01-01 00:00:00,0,10.463561643835616,52.85,Charleville-Mézières,8,2005,41.0
2006-01-01 00:00:00,0,10.790958904109589,33.74,Charleville-Mézières,8,2006,27.0
2007-01-01 00:00:00,0,10.844657534246576,9.94,Charleville-Mézières,8,2007,12.0
2008-01-01 00:00:00,0,10.15792349726776,34.23,Charleville-Mézières,8,2008,30.0
2009-01-01 00:00:00,0,10.372602739726029,37.66,Charleville-Mézières,8,2009,28.0
2010-01-01 00:00:00,0,9.207397260273972,93.1,Charleville-Mézières,8,2010,53.0
2011-01-01 00:00:00,0,11.20986301369863,18.83,Charleville-Mézières,8,2011,16.0
2012-01-01 00:00:00,0,10.220218579234972,26.04,Charleville-Mézières,8,2012,21.0
2013-01-01 00:00:00,0,9.828493150684931,51.73,Charleville-Mézières,8,2013,36.0
2014-01-01 00:00:00,0,11.40931506849315,20.72,Charleville-Mézières,8,2014,15.0
2015-01-01 00:00:00,0,10.964931506849316,23.52,Charleville-Mézières,8,2015,14.0
2016-01-01 00:00:00,0,10.603005464480876,25.2,Charleville-Mézières,8,2016,22.0
2017-01-01 00:00:00,0,10.1413698630137,36.82,Charleville-Mézières,8,2017,30.0
2018-01-01 00:00:00,0,11.091780821917808,38.85,Charleville-Mézières,8,2018,29.0
2019-01-01 00:00:00,0,10.563013698630137,27.51,Charleville-Mézières,8,2019,25.0
2020-01-01 00:00:00,0,11.313387978142076,18.13,Charleville-Mézières,8,2020,14.0
2021-01-01 00:00:00,0,9.58164383561644,48.3,Charleville-Mézières,8,2021,32.0
2022-01-01 00:00:00,0,11.147397260273973,15.75,Charleville-Mézières,8,2022,20.0
2023-01-01 00:00:00,0,11.058630136986302,19.95,Charleville-Mézières,8,2023,16.0
2024-01-01 00:00:00,0,10.655464480874317,15.68,Charleville-Mézières,8,2024,17.0
2025-01-01 00:00:00,0,10.818904109589042,19.53,Charleville-Mézières,8,2025,15.0
1950-01-01 00:00:00,0,15.222465753424656,28.14,Nice,6,1950,30.0
1951-01-01 00:00:00,0,14.555068493150683,24.5,Nice,6,1951,30.0
1952-01-01 00:00:00,0,14.90327868852459,15.05,Nice,6,1952,30.0
1953-01-01 00:00:00,0,14.772602739726029,13.93,Nice,6,1953,14.0
1954-01-01 00:00:00,0,14.256986301369864,31.57,Nice,6,1954,28.0
1955-01-01 00:00:00,0,14.846027397260274,36.96,Nice,6,1955,32.0
1956-01-01 00:00:00,0,13.655464480874317,73.78,Nice,6,1956,41.0
1957-01-01 00:00:00,0,14.694520547945206,27.65,Nice,6,1957,25.0
1958-01-01 00:00:00,0,14.686301369863012,35.35,Nice,6,1958,32.0
1959-01-01 00:00:00,0,14.992054794520548,38.15,Nice,6,1959,28.0
1960-01-01 00:00:00,0,14.33688524590164,49.14,Nice,6,1960,42.0
1961-01-01 00:00:00,0,15.507397260273972,16.45,Nice,6,1961,21.0
1962-01-01 00:00:00,0,14.503287671232876,30.87,Nice,6,1962,44.0
1963-01-01 00:00:00,0,14.188493150684932,68.04,Nice,6,1963,42.0
1964-01-01 00:00:00,0,15.196448087431692,20.09,Nice,6,1964,23.0
1965-01-01 00:00:00,0,14.444657534246575,18.83,Nice,6,1965,24.0
1966-01-01 00:00:00,0,14.77780821917808,30.45,Nice,6,1966,31.0
1967-01-01 00:00:00,0,15.104109589041096,33.46,Nice,6,1967,25.0
1968-01-01 00:00:00,0,14.603551912568305,18.06,Nice,6,1968,30.0
1969-01-01 00:00:00,0,14.398082191780825,41.44,Nice,6,1969,41.0
1970-01-01 00:00:00,0,14.774520547945205,47.32,Nice,6,1970,30.0
1971-01-01 00:00:00,0,14.5586301369863,42.42,Nice,6,1971,36.0
1972-01-01 00:00:00,0,14.294808743169398,62.72,Nice,6,1972,52.0
1973-01-01 00:00:00,0,14.607671232876712,29.54,Nice,6,1973,34.0
1974-01-01 00:00:00,0,14.491780821917809,33.67,Nice,6,1974,29.0
1975-01-01 00:00:00,0,14.632876712328768,50.47,Nice,6,1975,43.0
1976-01-01 00:00:00,0,14.225956284153003,33.53,Nice,6,1976,34.0
1977-01-01 00:00:00,0,14.438356164383562,25.83,Nice,6,1977,27.0
1978-01-01 00:00:00,0,14.396712328767125,54.53,Nice,6,1978,37.0
1979-01-01 00:00:00,0,14.5186301369863,43.12,Nice,6,1979,37.0
1980-01-01 00:00:00,0,14.002185792349728,28.21,Nice,6,1980,29.0
1981-01-01 00:00:00,0,14.465753424657532,36.75,Nice,6,1981,27.0
1982-01-01 00:00:00,0,15.09835616438356,19.18,Nice,6,1982,29.0
1983-01-01 00:00:00,0,15.026849315068494,32.480000000000004,Nice,6,1983,23.0
1984-01-01 00:00:00,0,13.961475409836064,20.72,Nice,6,1984,35.0
1985-01-01 00:00:00,0,14.846027397260274,54.11,Nice,6,1985,36.0
1986-01-01 00:00:00,0,15.00876712328767,67.34,Nice,6,1986,31.0
1987-01-01 00:00:00,0,14.863835616438356,51.8,Nice,6,1987,34.0
1988-01-01 00:00:00,0,15.400273224043715,13.44,Nice,6,1988,17.0
1989-01-01 00:00:00,0,15.463835616438356,3.5,Nice,6,1989,9.0
1990-01-01 00:00:00,0,15.49780821917808,16.03,Nice,6,1990,20.0
1991-01-01 00:00:00,0,14.722739726027395,36.05,Nice,6,1991,26.0
1992-01-01 00:00:00,0,15.214207650273224,6.720000000000001,Nice,6,1992,17.0
1993-01-01 00:00:00,0,14.830136986301367,24.92,Nice,6,1993,20.0
1994-01-01 00:00:00,0,15.851780821917806,13.09,Nice,6,1994,10.0
1995-01-01 00:00:00,0,14.996164383561643,12.53,Nice,6,1995,23.0
1996-01-01 00:00:00,0,14.710109289617485,45.15,Nice,6,1996,42.0
1997-01-01 00:00:00,0,15.706849315068494,13.72,Nice,6,1997,15.0
1998-01-01 00:00:00,0,15.198082191780822,11.62,Nice,6,1998,25.0
1999-01-01 00:00:00,0,15.131232876712328,20.58,Nice,6,1999,23.0
2000-01-01 00:00:00,0,15.693169398907104,10.01,Nice,6,2000,13.0
2001-01-01 00:00:00,0,15.795342465753423,23.52,Nice,6,2001,24.0
2002-01-01 00:00:00,0,15.497260273972604,17.29,Nice,6,2002,20.0
2003-01-01 00:00:00,0,16.01041095890411,20.86,Nice,6,2003,31.0
2004-01-01 00:00:00,0,15.42431693989071,20.44,Nice,6,2004,34.0
2005-01-01 00:00:00,0,15.043287671232877,36.33,Nice,6,2005,31.0
2006-01-01 00:00:00,0,15.901917808219178,15.82,Nice,6,2006,15.0
2007-01-01 00:00:00,0,15.776712328767124,5.74,Nice,6,2007,15.0
2008-01-01 00:00:00,0,15.326502732240437,54.11,Nice,6,2008,40.0
2009-01-01 00:00:00,0,15.755342465753424,33.32,Nice,6,2009,27.0
2010-01-01 00:00:00,0,14.7213698630137,52.78,Nice,6,2010,51.0
2011-01-01 00:00:00,0,15.908219178082192,17.01,Nice,6,2011,15.0
2012-01-01 00:00:00,0,15.690983606557376,36.26,Nice,6,2012,21.0
2013-01-01 00:00:00,0,15.255068493150686,55.65,Nice,6,2013,41.0
2014-01-01 00:00:00,0,16.179726027397262,25.06,Nice,6,2014,25.0
2015-01-01 00:00:00,0,16.465479452054794,22.12,Nice,6,2015,23.0
2016-01-01 00:00:00,0,16.145081967213116,18.83,Nice,6,2016,17.0
2017-01-01 00:00:00,0,15.940821917808218,0.14,Nice,6,2017,2.0
2018-01-01 00:00:00,0,16.51041095890411,16.45,Nice,6,2018,5.0
2019-01-01 00:00:00,0,16.09972602739726,0.35,Nice,6,2019,2.0
2020-01-01 00:00:00,0,16.06311475409836,0.0,Nice,6,2020,0.0
2021-01-01 00:00:00,0,15.90082191780822,0.21,Nice,6,2021,2.0
2022-01-01 00:00:00,0,17.145753424657535,0.35,Nice,6,2022,1.0
2023-01-01 00:00:00,0,16.69013698630137,1.26,Nice,6,2023,3.0
2024-01-01 00:00:00,0,16.136612021857925,0.07,Nice,6,2024,1.0
2025-01-01 00:00:00,0,16.61808219178082,1.82,Nice,6,2025,1.0
1950-01-01 00:00:00,0,12.910136986301367,8.54,Périgueux,24,1950,10.0
1951-01-01 00:00:00,0,12.081369863013698,1.4,Périgueux,24,1951,9.0
1952-01-01 00:00:00,1,12.726229508196722,14.0,Périgueux,24,1952,15.0
1953-01-01 00:00:00,0,12.603561643835617,9.59,Périgueux,24,1953,11.0
1954-01-01 00:00:00,0,11.810684931506849,4.62,Périgueux,24,1954,10.0
1955-01-01 00:00:00,0,13.091780821917808,16.8,Périgueux,24,1955,11.0
1956-01-01 00:00:00,0,11.24672131147541,5.88,Périgueux,24,1956,8.0
1957-01-01 00:00:00,0,12.489315068493152,0.42,Périgueux,24,1957,3.0
1958-01-01 00:00:00,0,12.583287671232876,12.46,Périgueux,24,1958,14.0
1959-01-01 00:00:00,0,13.72,2.31,Périgueux,24,1959,3.0
1960-01-01 00:00:00,0,12.531967213114754,15.68,Périgueux,24,1960,10.0
1961-01-01 00:00:00,0,13.78164383561644,0.56,Périgueux,24,1961,3.0
1962-01-01 00:00:00,0,12.213424657534246,5.74,Périgueux,24,1962,6.0
1963-01-01 00:00:00,0,11.612602739726029,2.73,Périgueux,24,1963,4.0
1964-01-01 00:00:00,0,12.508469945355191,11.76,Périgueux,24,1964,8.0
1965-01-01 00:00:00,0,12.203561643835616,8.469999999999999,Périgueux,24,1965,8.0
1966-01-01 00:00:00,0,12.808219178082192,1.0499999999999998,Périgueux,24,1966,5.0
1967-01-01 00:00:00,0,12.484383561643837,19.6,Périgueux,24,1967,11.0
1968-01-01 00:00:00,0,12.364207650273224,10.92,Périgueux,24,1968,12.0
1969-01-01 00:00:00,0,12.14109589041096,14.35,Périgueux,24,1969,12.0
1970-01-01 00:00:00,0,12.338356164383562,7.0,Périgueux,24,1970,10.0
1971-01-01 00:00:00,0,12.19205479452055,10.85,Périgueux,24,1971,11.0
1972-01-01 00:00:00,0,12.012841530054644,0.98,Périgueux,24,1972,3.0
1973-01-01 00:00:00,0,11.972054794520549,7.49,Périgueux,24,1973,7.0
1974-01-01 00:00:00,0,12.34027397260274,2.31,Périgueux,24,1974,1.0
1975-01-01 00:00:00,1,12.347397260273974,10.15,Périgueux,24,1975,8.0
1976-01-01 00:00:00,0,12.741803278688524,3.3600000000000003,Périgueux,24,1976,7.0
1977-01-01 00:00:00,0,12.263561643835615,1.05,Périgueux,24,1977,6.0
1978-01-01 00:00:00,0,12.174520547945203,19.880000000000003,Périgueux,24,1978,16.0
1979-01-01 00:00:00,0,12.08164383561644,7.979999999999999,Périgueux,24,1979,7.0
1980-01-01 00:00:00,0,11.662568306010929,4.83,Périgueux,24,1980,9.0
1981-01-01 00:00:00,0,12.416164383561645,11.9,Périgueux,24,1981,12.0
1982-01-01 00:00:00,1,13.304383561643837,0.63,Périgueux,24,1982,6.0
1983-01-01 00:00:00,1,12.856712328767124,3.64,Périgueux,24,1983,10.0
1984-01-01 00:00:00,0,12.291256830601094,0.49,Périgueux,24,1984,2.0
1985-01-01 00:00:00,1,12.256712328767122,7.28,Périgueux,24,1985,12.0
1986-01-01 00:00:00,0,12.446575342465753,25.9,Périgueux,24,1986,16.0
1987-01-01 00:00:00,1,12.43095890410959,18.13,Périgueux,24,1987,13.0
1988-01-01 00:00:00,0,13.095901639344262,2.24,Périgueux,24,1988,5.0
1989-01-01 00:00:00,2,14.063561643835616,0.49,Périgueux,24,1989,2.0
1990-01-01 00:00:00,3,13.784931506849317,0.28,Périgueux,24,1990,1.0
1991-01-01 00:00:00,2,12.641643835616438,21.07,Périgueux,24,1991,8.0
1992-01-01 00:00:00,0,12.667486338797817,0.28,Périgueux,24,1992,2.0
1993-01-01 00:00:00,0,12.643013698630137,3.29,Périgueux,24,1993,6.0
1994-01-01 00:00:00,0,13.77890410958904,0.21,Périgueux,24,1994,2.0
1995-01-01 00:00:00,1,13.541643835616435,1.12,Périgueux,24,1995,6.0
1996-01-01 00:00:00,0,12.815300546448086,7.91,Périgueux,24,1996,6.0
1997-01-01 00:00:00,0,13.89917808219178,6.859999999999999,Périgueux,24,1997,5.0
1998-01-01 00:00:00,3,12.902465753424655,0.14,Périgueux,24,1998,1.0
1999-01-01 00:00:00,0,13.21945205479452,4.2700000000000005,Périgueux,24,1999,10.0
2000-01-01 00:00:00,0,13.306830601092896,2.73,Périgueux,24,2000,2.0
2001-01-01 00:00:00,0,12.99780821917808,5.04,Périgueux,24,2001,10.0
2002-01-01 00:00:00,0,13.43890410958904,0.0,Périgueux,24,2002,0.0
2003-01-01 00:00:00,12,14.092328767123288,10.71,Périgueux,24,2003,4.0
2004-01-01 00:00:00,0,12.950819672131148,8.89,Périgueux,24,2004,4.0
2005-01-01 00:00:00,0,13.193424657534248,7.0,Périgueux,24,2005,12.0
2006-01-01 00:00:00,0,13.648493150684931,7.91,Périgueux,24,2006,6.0
2007-01-01 00:00:00,0,13.140821917808218,10.08,Périgueux,24,2007,4.0
2008-01-01 00:00:00,0,12.66311475409836,1.4700000000000002,Périgueux,24,2008,6.0
2009-01-01 00:00:00,1,13.407945205479452,4.97,Périgueux,24,2009,6.0
2010-01-01 00:00:00,0,12.244109589041097,18.83,Périgueux,24,2010,22.0
2011-01-01 00:00:00,1,14.377808219178082,0.0,Périgueux,24,2011,0.0
2012-01-01 00:00:00,1,13.12568306010929,8.61,Périgueux,24,2012,4.0
2013-01-01 00:00:00,0,12.776986301369863,19.53,Périgueux,24,2013,13.0
2014-01-01 00:00:00,0,13.924109589041096,0.07,Périgueux,24,2014,1.0
2015-01-01 00:00:00,3,13.954794520547946,0.77,Périgueux,24,2015,4.0
2016-01-01 00:00:00,1,13.64535519125683,1.05,Périgueux,24,2016,2.0
2017-01-01 00:00:00,0,12.91890410958904,1.96,Périgueux,24,2017,4.0
2018-01-01 00:00:00,0,13.664109589041097,5.180000000000001,Périgueux,24,2018,8.0
2019-01-01 00:00:00,5,13.391506849315068,1.12,Périgueux,24,2019,4.0
2020-01-01 00:00:00,0,13.981693989071038,0.77,Périgueux,24,2020,1.0
2021-01-01 00:00:00,0,12.516438356164384,0.91,Périgueux,24,2021,2.0
2022-01-01 00:00:00,4,14.444383561643836,3.92,Périgueux,24,2022,4.0
2023-01-01 00:00:00,2,13.972602739726028,13.37,Périgueux,24,2023,6.0
2024-01-01 00:00:00,1,13.198360655737703,1.75,Périgueux,24,2024,4.0
2025-01-01 00:00:00,7,13.89917808219178,5.74,Périgueux,24,2025,5.0
1950-01-01 00:00:00,0,9.517808219178082,57.47,Epinal,88,1950,48.0
1951-01-01 00:00:00,0,9.43013698630137,28.56,Epinal,88,1951,52.0
1952-01-01 00:00:00,1,9.12622950819672,155.89,Epinal,88,1952,67.0
1953-01-01 00:00:00,0,9.421643835616438,70.63,Epinal,88,1953,38.0
1954-01-01 00:00:00,0,8.455890410958904,65.66,Epinal,88,1954,45.0
1955-01-01 00:00:00,0,8.95068493150685,51.38,Epinal,88,1955,43.0
1956-01-01 00:00:00,0,7.784972677595629,55.370000000000005,Epinal,88,1956,47.0
1957-01-01 00:00:00,0,9.406301369863014,32.9,Epinal,88,1957,37.0
1958-01-01 00:00:00,0,9.238630136986302,104.16,Epinal,88,1958,58.0
1959-01-01 00:00:00,0,10.6413698630137,62.79,Epinal,88,1959,33.0
1960-01-01 00:00:00,0,9.471311475409836,43.75,Epinal,88,1960,40.0
1961-01-01 00:00:00,0,10.355068493150684,33.39,Epinal,88,1961,34.0
1962-01-01 00:00:00,0,8.237260273972602,99.75,Epinal,88,1962,65.0
1963-01-01 00:00:00,0,7.953150684931507,35.910000000000004,Epinal,88,1963,30.0
1964-01-01 00:00:00,1,9.5551912568306,58.17,Epinal,88,1964,44.0
1965-01-01 00:00:00,0,8.55945205479452,104.65,Epinal,88,1965,76.0
1966-01-01 00:00:00,0,9.451506849315068,69.09,Epinal,88,1966,53.0
1967-01-01 00:00:00,0,9.327945205479452,59.36,Epinal,88,1967,44.0
1968-01-01 00:00:00,0,8.771311475409837,138.32,Epinal,88,1968,63.0
1969-01-01 00:00:00,0,8.623013698630137,120.61,Epinal,88,1969,62.0
1970-01-01 00:00:00,0,8.705205479452054,109.13,Epinal,88,1970,75.0
1971-01-01 00:00:00,0,9.23917808219178,45.36,Epinal,88,1971,38.0
1972-01-01 00:00:00,0,8.712841530054645,28.49,Epinal,88,1972,35.0
1973-01-01 00:00:00,0,8.78986301369863,95.9,Epinal,88,1973,60.0
1974-01-01 00:00:00,0,9.592602739726027,50.26,Epinal,88,1974,48.0
1975-01-01 00:00:00,0,9.36958904109589,52.22,Epinal,88,1975,45.0
1976-01-01 00:00:00,0,9.753825136612022,71.12,Epinal,88,1976,48.0
1977-01-01 00:00:00,0,9.37205479452055,65.94,Epinal,88,1977,50.0
1978-01-01 00:00:00,0,8.473424657534247,84.63,Epinal,88,1978,59.0
1979-01-01 00:00:00,0,8.910136986301369,78.96,Epinal,88,1979,54.0
1980-01-01 00:00:00,0,8.437704918032786,67.27,Epinal,88,1980,49.0
1981-01-01 00:00:00,0,9.0213698630137,141.54,Epinal,88,1981,71.0
1982-01-01 00:00:00,0,9.865753424657534,52.71,Epinal,88,1982,45.0
1983-01-01 00:00:00,2,9.83972602739726,60.27,Epinal,88,1983,42.0
1984-01-01 00:00:00,0,8.927322404371585,86.10000000000001,Epinal,88,1984,65.0
1985-01-01 00:00:00,0,8.551232876712328,86.8,Epinal,88,1985,49.0
1986-01-01 00:00:00,0,8.707123287671232,115.08,Epinal,88,1986,67.0
1987-01-01 00:00:00,0,8.79068493150685,55.65,Epinal,88,1987,48.0
1988-01-01 00:00:00,0,10.03497267759563,70.77,Epinal,88,1988,46.0
1989-01-01 00:00:00,0,10.534520547945204,15.47,Epinal,88,1989,19.0
1990-01-01 00:00:00,0,10.39890410958904,62.3,Epinal,88,1990,37.0
1991-01-01 00:00:00,0,9.544931506849316,48.44,Epinal,88,1991,29.0
1992-01-01 00:00:00,0,10.167486338797817,24.64,Epinal,88,1992,24.0
1993-01-01 00:00:00,0,9.5413698630137,60.06,Epinal,88,1993,39.0
1994-01-01 00:00:00,0,10.84849315068493,28.35,Epinal,88,1994,35.0
1995-01-01 00:00:00,0,9.96931506849315,63.98,Epinal,88,1995,51.0
1996-01-01 00:00:00,0,8.750273224043715,61.6,Epinal,88,1996,42.0
1997-01-01 00:00:00,0,10.007945205479452,20.3,Epinal,88,1997,26.0
1998-01-01 00:00:00,1,9.591506849315069,36.96,Epinal,88,1998,33.0
1999-01-01 00:00:00,0,10.056164383561644,110.11,Epinal,88,1999,61.0
2000-01-01 00:00:00,0,10.53415300546448,34.160000000000004,Epinal,88,2000,30.0
2001-01-01 00:00:00,0,9.946301369863011,70.07000000000001,Epinal,88,2001,48.0
2002-01-01 00:00:00,0,10.523287671232875,15.61,Epinal,88,2002,13.0
2003-01-01 00:00:00,8,10.95041095890411,50.05,Epinal,88,2003,36.0
2004-01-01 00:00:00,0,9.747267759562842,72.52,Epinal,88,2004,50.0
2005-01-01 00:00:00,0,9.882465753424658,86.59,Epinal,88,2005,53.0
2006-01-01 00:00:00,0,10.524931506849317,61.04,Epinal,88,2006,39.0
2007-01-01 00:00:00,0,10.31780821917808,53.13,Epinal,88,2007,36.0
2008-01-01 00:00:00,0,9.78415300546448,70.35,Epinal,88,2008,42.0
2009-01-01 00:00:00,0,10.261643835616438,62.79,Epinal,88,2009,40.0
2010-01-01 00:00:00,0,8.944109589041096,134.26,Epinal,88,2010,66.0
2011-01-01 00:00:00,0,10.983287671232876,36.54,Epinal,88,2011,26.0
2012-01-01 00:00:00,1,10.103278688524592,45.99,Epinal,88,2012,33.0
2013-01-01 00:00:00,0,9.6786301369863,63.42,Epinal,88,2013,47.0
2014-01-01 00:00:00,0,11.300547945205478,31.08,Epinal,88,2014,31.0
2015-01-01 00:00:00,5,11.057808219178082,49.07,Epinal,88,2015,38.0
2016-01-01 00:00:00,0,10.29617486338798,47.67,Epinal,88,2016,42.0
2017-01-01 00:00:00,0,10.398630136986302,56.28,Epinal,88,2017,44.0
2018-01-01 00:00:00,0,11.593972602739727,48.37,Epinal,88,2018,35.0
2019-01-01 00:00:00,3,10.921643835616438,42.63,Epinal,88,2019,32.0
2020-01-01 00:00:00,3,11.548633879781422,22.19,Epinal,88,2020,19.0
2021-01-01 00:00:00,0,9.762739726027398,71.82,Epinal,88,2021,44.0
2022-01-01 00:00:00,2,11.704109589041096,36.26,Epinal,88,2022,26.0
2023-01-01 00:00:00,0,11.484931506849316,24.36,Epinal,88,2023,32.0
2024-01-01 00:00:00,0,11.040983606557376,28.0,Epinal,88,2024,26.0
2025-01-01 00:00:00,3,11.155342465753424,14.28,Epinal,88,2025,17.0
1950-01-01 00:00:00,0,10.347123287671232,18.62,Beauvais,60,1950,18.0
1951-01-01 00:00:00,0,10.295342465753423,7.91,Beauvais,60,1951,15.0
1952-01-01 00:00:00,0,10.192076502732242,44.24,Beauvais,60,1952,36.0
1953-01-01 00:00:00,0,10.376438356164384,16.1,Beauvais,60,1953,15.0
1954-01-01 00:00:00,0,9.772602739726029,17.78,Beauvais,60,1954,21.0
1955-01-01 00:00:00,0,9.983561643835616,25.69,Beauvais,60,1955,21.0
1956-01-01 00:00:00,0,9.172131147540984,13.79,Beauvais,60,1956,20.0
1957-01-01 00:00:00,0,10.734246575342466,5.25,Beauvais,60,1957,7.0
1958-01-01 00:00:00,0,10.230684931506849,34.02,Beauvais,60,1958,23.0
1959-01-01 00:00:00,0,11.423561643835615,12.11,Beauvais,60,1959,11.0
1960-01-01 00:00:00,0,10.514207650273224,7.77,Beauvais,60,1960,15.0
1961-01-01 00:00:00,0,11.26109589041096,0.98,Beauvais,60,1961,5.0
1962-01-01 00:00:00,0,9.355068493150684,33.25,Beauvais,60,1962,21.0
1963-01-01 00:00:00,0,9.164383561643836,13.16,Beauvais,60,1963,19.0
1964-01-01 00:00:00,0,10.192622950819672,13.37,Beauvais,60,1964,15.0
1965-01-01 00:00:00,0,9.712602739726028,29.82,Beauvais,60,1965,27.0
1966-01-01 00:00:00,0,10.39917808219178,5.25,Beauvais,60,1966,8.0
1967-01-01 00:00:00,0,10.351780821917808,3.29,Beauvais,60,1967,12.0
1968-01-01 00:00:00,0,9.806284153005464,48.51,Beauvais,60,1968,34.0
1969-01-01 00:00:00,0,10.188767123287672,34.09,Beauvais,60,1969,28.0
1970-01-01 00:00:00,0,10.11041095890411,43.54,Beauvais,60,1970,33.0
1971-01-01 00:00:00,0,10.326027397260274,14.98,Beauvais,60,1971,12.0
1972-01-01 00:00:00,0,9.76120218579235,18.83,Beauvais,60,1972,21.0
1973-01-01 00:00:00,0,10.155068493150685,11.48,Beauvais,60,1973,13.0
1974-01-01 00:00:00,0,10.415068493150685,12.11,Beauvais,60,1974,6.0
1975-01-01 00:00:00,0,10.24958904109589,18.97,Beauvais,60,1975,16.0
1976-01-01 00:00:00,0,10.883060109289618,10.36,Beauvais,60,1976,16.0
1977-01-01 00:00:00,0,10.243013698630136,6.44,Beauvais,60,1977,12.0
1978-01-01 00:00:00,0,9.668219178082191,66.01,Beauvais,60,1978,32.0
1979-01-01 00:00:00,0,9.653972602739726,19.67,Beauvais,60,1979,35.0
1980-01-01 00:00:00,0,9.62896174863388,11.55,Beauvais,60,1980,17.0
1981-01-01 00:00:00,0,10.303561643835616,26.04,Beauvais,60,1981,21.0
1982-01-01 00:00:00,0,10.891780821917807,13.93,Beauvais,60,1982,10.0
1983-01-01 00:00:00,0,10.86027397260274,13.16,Beauvais,60,1983,14.0
1984-01-01 00:00:00,0,10.247267759562842,22.12,Beauvais,60,1984,18.0
1985-01-01 00:00:00,0,9.46164383561644,17.22,Beauvais,60,1985,30.0
1986-01-01 00:00:00,0,9.817260273972604,28.98,Beauvais,60,1986,25.0
1987-01-01 00:00:00,0,9.65780821917808,18.62,Beauvais,60,1987,19.0
1988-01-01 00:00:00,0,10.97704918032787,4.83,Beauvais,60,1988,11.0
1989-01-01 00:00:00,0,11.509589041095891,9.66,Beauvais,60,1989,8.0
1990-01-01 00:00:00,2,11.666849315068491,8.75,Beauvais,60,1990,7.0
1991-01-01 00:00:00,0,10.316164383561643,8.190000000000001,Beauvais,60,1991,9.0
1992-01-01 00:00:00,0,10.812841530054644,3.5,Beauvais,60,1992,3.0
1993-01-01 00:00:00,0,10.431232876712327,8.61,Beauvais,60,1993,10.0
1994-01-01 00:00:00,0,11.613150684931508,12.46,Beauvais,60,1994,11.0
1995-01-01 00:00:00,0,11.342191780821915,10.92,Beauvais,60,1995,16.0
1996-01-01 00:00:00,0,9.686338797814209,17.849999999999998,Beauvais,60,1996,23.0
1997-01-01 00:00:00,0,11.145479452054794,10.15,Beauvais,60,1997,5.0
1998-01-01 00:00:00,0,10.82109589041096,2.94,Beauvais,60,1998,5.0
1999-01-01 00:00:00,0,11.484109589041095,18.55,Beauvais,60,1999,21.0
2000-01-01 00:00:00,0,11.176775956284152,4.76,Beauvais,60,2000,9.0
2001-01-01 00:00:00,0,10.963287671232877,11.9,Beauvais,60,2001,15.0
2002-01-01 00:00:00,0,11.445205479452056,0.42,Beauvais,60,2002,2.0
2003-01-01 00:00:00,7,11.643561643835616,11.41,Beauvais,60,2003,8.0
2004-01-01 00:00:00,0,11.028415300546447,17.01,Beauvais,60,2004,13.0
2005-01-01 00:00:00,0,11.257260273972602,22.75,Beauvais,60,2005,23.0
2006-01-01 00:00:00,1,11.45013698630137,14.14,Beauvais,60,2006,21.0
2007-01-01 00:00:00,0,11.446849315068494,4.62,Beauvais,60,2007,6.0
2008-01-01 00:00:00,0,10.862021857923498,17.78,Beauvais,60,2008,14.0
2009-01-01 00:00:00,0,11.07890410958904,22.82,Beauvais,60,2009,15.0
2010-01-01 00:00:00,0,9.893150684931507,36.26,Beauvais,60,2010,30.0
2011-01-01 00:00:00,0,12.012602739726027,0.49,Beauvais,60,2011,3.0
2012-01-01 00:00:00,1,10.997814207650272,12.74,Beauvais,60,2012,7.0
2013-01-01 00:00:00,0,10.562465753424656,53.48,Beauvais,60,2013,25.0
2014-01-01 00:00:00,0,11.804109589041095,0.63,Beauvais,60,2014,3.0
2015-01-01 00:00:00,1,11.650136986301373,4.55,Beauvais,60,2015,10.0
2016-01-01 00:00:00,1,11.239071038251366,4.41,Beauvais,60,2016,5.0
2017-01-01 00:00:00,0,11.12931506849315,10.57,Beauvais,60,2017,15.0
2018-01-01 00:00:00,1,11.58164383561644,19.04,Beauvais,60,2018,16.0
2019-01-01 00:00:00,2,11.20931506849315,24.43,Beauvais,60,2019,14.0
2020-01-01 00:00:00,2,11.989344262295084,7.07,Beauvais,60,2020,6.0
2021-01-01 00:00:00,0,10.472054794520549,11.76,Beauvais,60,2021,14.0
2022-01-01 00:00:00,2,11.928219178082191,10.43,Beauvais,60,2022,10.0
2023-01-01 00:00:00,0,11.935068493150686,2.66,Beauvais,60,2023,7.0
2024-01-01 00:00:00,1,11.380054644808745,14.14,Beauvais,60,2024,13.0
2025-01-01 00:00:00,1,11.289315068493153,20.86,Beauvais,60,2025,15.0
1950-01-01 00:00:00,0,11.027397260273972,19.46,Limoges,87,1950,24.0
1951-01-01 00:00:00,0,10.354246575342469,24.64,Limoges,87,1951,24.0
1952-01-01 00:00:00,0,10.907377049180328,41.44,Limoges,87,1952,41.0
1953-01-01 00:00:00,0,10.828219178082191,21.77,Limoges,87,1953,18.0
1954-01-01 00:00:00,0,9.974794520547944,16.1,Limoges,87,1954,20.0
1955-01-01 00:00:00,0,11.163013698630136,32.34,Limoges,87,1955,17.0
1956-01-01 00:00:00,0,9.329781420765029,14.42,Limoges,87,1956,21.0
1957-01-01 00:00:00,0,10.788493150684932,7.07,Limoges,87,1957,17.0
1958-01-01 00:00:00,0,10.734794520547943,38.36,Limoges,87,1958,26.0
1959-01-01 00:00:00,0,12.023013698630136,7.7,Limoges,87,1959,7.0
1960-01-01 00:00:00,0,10.790710382513662,26.32,Limoges,87,1960,19.0
1961-01-01 00:00:00,0,11.982191780821918,4.34,Limoges,87,1961,8.0
1962-01-01 00:00:00,0,10.242191780821916,17.71,Limoges,87,1962,19.0
1963-01-01 00:00:00,0,9.834246575342464,13.23,Limoges,87,1963,12.0
1964-01-01 00:00:00,0,10.816666666666666,20.93,Limoges,87,1964,17.0
1965-01-01 00:00:00,0,10.378904109589042,22.82,Limoges,87,1965,24.0
1966-01-01 00:00:00,0,10.974246575342466,8.26,Limoges,87,1966,15.0
1967-01-01 00:00:00,0,10.704931506849316,21.49,Limoges,87,1967,18.0
1968-01-01 00:00:00,0,10.565573770491802,28.77,Limoges,87,1968,28.0
1969-01-01 00:00:00,0,10.446301369863011,30.03,Limoges,87,1969,32.0
1970-01-01 00:00:00,0,10.574246575342466,37.1,Limoges,87,1970,34.0
1971-01-01 00:00:00,0,10.52191780821918,28.7,Limoges,87,1971,19.0
1972-01-01 00:00:00,0,10.32568306010929,19.32,Limoges,87,1972,17.0
1973-01-01 00:00:00,0,10.226849315068494,28.28,Limoges,87,1973,22.0
1974-01-01 00:00:00,0,10.643287671232876,7.0,Limoges,87,1974,11.0
1975-01-01 00:00:00,1,10.583287671232878,39.41,Limoges,87,1975,16.0
1976-01-01 00:00:00,0,10.959836065573771,11.41,Limoges,87,1976,18.0
1977-01-01 00:00:00,0,10.581917808219178,11.97,Limoges,87,1977,22.0
1978-01-01 00:00:00,0,10.36164383561644,41.65,Limoges,87,1978,31.0
1979-01-01 00:00:00,0,10.367945205479453,25.27,Limoges,87,1979,32.0
1980-01-01 00:00:00,0,9.830874316939893,29.19,Limoges,87,1980,24.0
1981-01-01 00:00:00,0,10.607123287671232,32.27,Limoges,87,1981,23.0
1982-01-01 00:00:00,0,11.462191780821918,6.44,Limoges,87,1982,14.0
1983-01-01 00:00:00,1,11.143835616438356,14.0,Limoges,87,1983,19.0
1984-01-01 00:00:00,0,10.461475409836066,7.07,Limoges,87,1984,18.0
1985-01-01 00:00:00,0,10.33890410958904,27.72,Limoges,87,1985,28.0
1986-01-01 00:00:00,0,10.62054794520548,42.84,Limoges,87,1986,30.0
1987-01-01 00:00:00,0,10.681095890410958,32.9,Limoges,87,1987,18.0
1988-01-01 00:00:00,0,11.337158469945354,12.81,Limoges,87,1988,15.0
1989-01-01 00:00:00,0,12.109041095890412,11.62,Limoges,87,1989,8.0
1990-01-01 00:00:00,1,11.94191780821918,7.98,Limoges,87,1990,14.0
1991-01-01 00:00:00,0,10.836986301369864,29.82,Limoges,87,1991,12.0
1992-01-01 00:00:00,0,11.056010928961747,4.48,Limoges,87,1992,7.0
1993-01-01 00:00:00,0,10.886575342465752,8.05,Limoges,87,1993,8.0
1994-01-01 00:00:00,0,12.087397260273972,5.88,Limoges,87,1994,12.0
1995-01-01 00:00:00,0,11.70794520547945,7.07,Limoges,87,1995,15.0
1996-01-01 00:00:00,0,10.9103825136612,28.49,Limoges,87,1996,20.0
1997-01-01 00:00:00,0,12.053972602739725,11.13,Limoges,87,1997,8.0
1998-01-01 00:00:00,1,11.085753424657534,3.71,Limoges,87,1998,6.0
1999-01-01 00:00:00,0,11.517808219178082,23.87,Limoges,87,1999,27.0
2000-01-01 00:00:00,0,11.680054644808742,1.89,Limoges,87,2000,4.0
2001-01-01 00:00:00,0,11.16876712328767,15.61,Limoges,87,2001,13.0
2002-01-01 00:00:00,0,11.793150684931506,1.75,Limoges,87,2002,2.0
2003-01-01 00:00:00,9,12.36986301369863,19.81,Limoges,87,2003,11.0
2004-01-01 00:00:00,0,11.257377049180327,16.87,Limoges,87,2004,19.0
2005-01-01 00:00:00,0,11.355616438356163,24.08,Limoges,87,2005,32.0
2006-01-01 00:00:00,0,11.981917808219178,14.35,Limoges,87,2006,9.0
2007-01-01 00:00:00,0,11.455342465753423,21.98,Limoges,87,2007,7.0
2008-01-01 00:00:00,0,10.905737704918034,14.63,Limoges,87,2008,19.0
2009-01-01 00:00:00,0,11.55945205479452,12.32,Limoges,87,2009,22.0
2010-01-01 00:00:00,0,10.370958904109589,54.81,Limoges,87,2010,35.0
2011-01-01 00:00:00,1,12.515890410958905,2.59,Limoges,87,2011,4.0
2012-01-01 00:00:00,1,11.369672131147542,14.77,Limoges,87,2012,11.0
2013-01-01 00:00:00,0,10.925753424657534,34.72,Limoges,87,2013,27.0
2014-01-01 00:00:00,0,12.213972602739728,3.08,Limoges,87,2014,8.0
2015-01-01 00:00:00,1,12.227123287671231,8.4,Limoges,87,2015,15.0
2016-01-01 00:00:00,0,11.893169398907103,3.85,Limoges,87,2016,8.0
2017-01-01 00:00:00,0,11.61753424657534,4.0600000000000005,Limoges,87,2017,9.0
2018-01-01 00:00:00,0,12.45013698630137,15.82,Limoges,87,2018,13.0
2019-01-01 00:00:00,3,12.08958904109589,13.93,Limoges,87,2019,10.0
2020-01-01 00:00:00,1,12.587431693989071,1.8200000000000005,Limoges,87,2020,5.0
2021-01-01 00:00:00,0,11.233150684931507,9.31,Limoges,87,2021,16.0
2022-01-01 00:00:00,1,13.0413698630137,6.23,Limoges,87,2022,8.0
2023-01-01 00:00:00,2,12.626849315068494,7.56,Limoges,87,2023,7.0
2024-01-01 00:00:00,2,12.019125683060109,6.51,Limoges,87,2024,8.0
2025-01-01 00:00:00,7,12.586849315068491,18.69,Limoges,87,2025,15.0
1950-01-01 00:00:00,0,10.77917808219178,18.76,Bobigny,93,1950,15.0
1951-01-01 00:00:00,0,10.556164383561644,2.59,Bobigny,93,1951,6.0
1952-01-01 00:00:00,0,10.603551912568308,30.87,Bobigny,93,1952,26.0
1953-01-01 00:00:00,0,10.724931506849314,12.53,Bobigny,93,1953,13.0
1954-01-01 00:00:00,0,10.173698630136986,15.26,Bobigny,93,1954,19.0
1955-01-01 00:00:00,0,10.4786301369863,21.21,Bobigny,93,1955,15.0
1956-01-01 00:00:00,0,9.450546448087431,14.84,Bobigny,93,1956,14.0
1957-01-01 00:00:00,0,11.028767123287672,3.71,Bobigny,93,1957,6.0
1958-01-01 00:00:00,0,10.54986301369863,36.26,Bobigny,93,1958,21.0
1959-01-01 00:00:00,1,11.874794520547946,11.83,Bobigny,93,1959,8.0
1960-01-01 00:00:00,0,10.91775956284153,7.35,Bobigny,93,1960,13.0
1961-01-01 00:00:00,0,11.755616438356164,0.63,Bobigny,93,1961,3.0
1962-01-01 00:00:00,0,9.774246575342463,26.46,Bobigny,93,1962,14.0
1963-01-01 00:00:00,0,9.57095890410959,10.5,Bobigny,93,1963,17.0
1964-01-01 00:00:00,0,10.665300546448089,10.22,Bobigny,93,1964,14.0
1965-01-01 00:00:00,0,10.094794520547945,14.35,Bobigny,93,1965,19.0
1966-01-01 00:00:00,0,10.761917808219176,4.41,Bobigny,93,1966,6.0
1967-01-01 00:00:00,0,10.704109589041096,2.87,Bobigny,93,1967,9.0
1968-01-01 00:00:00,0,10.193715846994536,32.62,Bobigny,93,1968,23.0
1969-01-01 00:00:00,0,10.475068493150683,24.78,Bobigny,93,1969,25.0
1970-01-01 00:00:00,0,10.416712328767122,42.0,Bobigny,93,1970,25.0
1971-01-01 00:00:00,0,10.54,11.2,Bobigny,93,1971,10.0
1972-01-01 00:00:00,0,10.068579234972676,8.68,Bobigny,93,1972,11.0
1973-01-01 00:00:00,0,10.43890410958904,10.78,Bobigny,93,1973,15.0
1974-01-01 00:00:00,0,10.835890410958903,8.26,Bobigny,93,1974,3.0
1975-01-01 00:00:00,0,10.536712328767123,13.44,Bobigny,93,1975,12.0
1976-01-01 00:00:00,4,11.276229508196725,9.52,Bobigny,93,1976,13.0
1977-01-01 00:00:00,0,10.576712328767124,2.24,Bobigny,93,1977,6.0
1978-01-01 00:00:00,0,9.927397260273972,47.81,Bobigny,93,1978,27.0
1979-01-01 00:00:00,0,10.05041095890411,14.56,Bobigny,93,1979,23.0
1980-01-01 00:00:00,0,9.919945355191256,11.2,Bobigny,93,1980,14.0
1981-01-01 00:00:00,0,10.614246575342465,18.55,Bobigny,93,1981,16.0
1982-01-01 00:00:00,0,11.35232876712329,14.28,Bobigny,93,1982,10.0
1983-01-01 00:00:00,0,11.169315068493152,10.22,Bobigny,93,1983,12.0
1984-01-01 00:00:00,0,10.53497267759563,13.79,Bobigny,93,1984,17.0
1985-01-01 00:00:00,0,9.796712328767123,10.01,Bobigny,93,1985,26.0
1986-01-01 00:00:00,0,10.133972602739728,24.64,Bobigny,93,1986,16.0
1987-01-01 00:00:00,0,9.944383561643836,25.69,Bobigny,93,1987,18.0
1988-01-01 00:00:00,0,11.380054644808745,3.36,Bobigny,93,1988,7.0
1989-01-01 00:00:00,0,11.812054794520549,2.87,Bobigny,93,1989,2.0
1990-01-01 00:00:00,1,12.08876712328767,8.05,Bobigny,93,1990,6.0
1991-01-01 00:00:00,0,10.691506849315068,6.16,Bobigny,93,1991,9.0
1992-01-01 00:00:00,1,11.137158469945357,1.89,Bobigny,93,1992,1.0
1993-01-01 00:00:00,0,10.791506849315068,5.11,Bobigny,93,1993,9.0
1994-01-01 00:00:00,0,12.03835616438356,6.23,Bobigny,93,1994,7.0
1995-01-01 00:00:00,0,11.63808219178082,11.41,Bobigny,93,1995,12.0
1996-01-01 00:00:00,0,10.195628415300549,17.22,Bobigny,93,1996,23.0
1997-01-01 00:00:00,0,11.471780821917807,14.000000000000002,Bobigny,93,1997,5.0
1998-01-01 00:00:00,0,11.143287671232876,3.22,Bobigny,93,1998,3.0
1999-01-01 00:00:00,0,11.809863013698632,19.04,Bobigny,93,1999,16.0
2000-01-01 00:00:00,0,11.582513661202183,2.87,Bobigny,93,2000,5.0
2001-01-01 00:00:00,0,11.312876712328766,3.99,Bobigny,93,2001,8.0
2002-01-01 00:00:00,0,11.865753424657534,0.49,Bobigny,93,2002,1.0
2003-01-01 00:00:00,6,12.073150684931507,8.82,Bobigny,93,2003,6.0
2004-01-01 00:00:00,0,11.412295081967212,17.99,Bobigny,93,2004,12.0
2005-01-01 00:00:00,0,11.627397260273971,21.07,Bobigny,93,2005,19.0
2006-01-01 00:00:00,1,11.90876712328767,11.06,Bobigny,93,2006,15.0
2007-01-01 00:00:00,0,11.77780821917808,1.89,Bobigny,93,2007,5.0
2008-01-01 00:00:00,0,11.186612021857924,8.82,Bobigny,93,2008,11.0
2009-01-01 00:00:00,0,11.487671232876712,14.56,Bobigny,93,2009,10.0
2010-01-01 00:00:00,0,10.355342465753424,40.95,Bobigny,93,2010,29.0
2011-01-01 00:00:00,0,12.46027397260274,0.07,Bobigny,93,2011,1.0
2012-01-01 00:00:00,0,11.46120218579235,7.49,Bobigny,93,2012,8.0
2013-01-01 00:00:00,0,11.037808219178082,37.94,Bobigny,93,2013,21.0
2014-01-01 00:00:00,0,12.18219178082192,1.4,Bobigny,93,2014,3.0
2015-01-01 00:00:00,1,12.17123287671233,2.59,Bobigny,93,2015,6.0
2016-01-01 00:00:00,1,11.633879781420765,3.29,Bobigny,93,2016,1.0
2017-01-01 00:00:00,1,12.022739726027398,4.55,Bobigny,93,2017,14.0
2018-01-01 00:00:00,0,12.611506849315068,23.17,Bobigny,93,2018,14.0
2019-01-01 00:00:00,2,12.248767123287672,19.6,Bobigny,93,2019,10.0
2020-01-01 00:00:00,4,13.051912568306012,0.91,Bobigny,93,2020,4.0
2021-01-01 00:00:00,0,11.416164383561645,10.15,Bobigny,93,2021,12.0
2022-01-01 00:00:00,1,12.903835616438355,8.469999999999999,Bobigny,93,2022,7.0
2023-01-01 00:00:00,0,12.884109589041095,4.13,Bobigny,93,2023,6.0
2024-01-01 00:00:00,2,12.313661202185791,11.76,Bobigny,93,2024,12.0
2025-01-01 00:00:00,1,12.841643835616438,7.279999999999999,Bobigny,93,2025,10.0
1950-01-01 00:00:00,0,11.02986301369863,1.89,Caen,14,1950,7.0
1951-01-01 00:00:00,0,10.97068493150685,0.56,Caen,14,1951,4.0
1952-01-01 00:00:00,0,10.906010928961749,20.44,Caen,14,1952,14.0
1953-01-01 00:00:00,1,10.97945205479452,15.75,Caen,14,1953,10.0
1954-01-01 00:00:00,0,10.455616438356165,5.39,Caen,14,1954,10.0
1955-01-01 00:00:00,0,10.61917808219178,15.89,Caen,14,1955,17.0
1956-01-01 00:00:00,0,9.88360655737705,17.990000000000002,Caen,14,1956,12.0
1957-01-01 00:00:00,1,11.476712328767125,0.21,Caen,14,1957,1.0
1958-01-01 00:00:00,0,10.914794520547945,25.48,Caen,14,1958,19.0
1959-01-01 00:00:00,2,12.07150684931507,2.38,Caen,14,1959,3.0
1960-01-01 00:00:00,0,11.168306010928962,9.59,Caen,14,1960,9.0
1961-01-01 00:00:00,1,11.673150684931509,0.42,Caen,14,1961,1.0
1962-01-01 00:00:00,0,10.077534246575343,19.95,Caen,14,1962,16.0
1963-01-01 00:00:00,0,9.633424657534244,12.11,Caen,14,1963,18.0
1964-01-01 00:00:00,1,10.645901639344263,14.91,Caen,14,1964,13.0
1965-01-01 00:00:00,0,10.42054794520548,7.35,Caen,14,1965,16.0
1966-01-01 00:00:00,0,10.907123287671231,6.58,Caen,14,1966,3.0
1967-01-01 00:00:00,0,10.949041095890411,7.07,Caen,14,1967,8.0
1968-01-01 00:00:00,1,10.625409836065574,8.540000000000001,Caen,14,1968,14.0
1969-01-01 00:00:00,0,10.986849315068492,15.33,Caen,14,1969,19.0
1970-01-01 00:00:00,0,10.923835616438357,32.55,Caen,14,1970,27.0
1971-01-01 00:00:00,0,10.98,12.74,Caen,14,1971,13.0
1972-01-01 00:00:00,0,10.45,7.49,Caen,14,1972,7.0
1973-01-01 00:00:00,0,10.70986301369863,3.22,Caen,14,1973,11.0
1974-01-01 00:00:00,0,10.94082191780822,1.4,Caen,14,1974,2.0
1975-01-01 00:00:00,2,10.933424657534246,4.76,Caen,14,1975,8.0
1976-01-01 00:00:00,5,11.454098360655736,9.52,Caen,14,1976,10.0
1977-01-01 00:00:00,0,10.853150684931506,3.5,Caen,14,1977,8.0
1978-01-01 00:00:00,0,10.533972602739729,28.14,Caen,14,1978,19.0
1979-01-01 00:00:00,0,10.34,20.09,Caen,14,1979,19.0
1980-01-01 00:00:00,0,10.450546448087431,6.23,Caen,14,1980,9.0
1981-01-01 00:00:00,0,11.075068493150685,12.53,Caen,14,1981,14.0
1982-01-01 00:00:00,0,11.553150684931506,11.69,Caen,14,1982,8.0
1983-01-01 00:00:00,1,11.352876712328769,2.87,Caen,14,1983,4.0
1984-01-01 00:00:00,0,10.996994535519129,7.28,Caen,14,1984,8.0
1985-01-01 00:00:00,0,10.303013698630137,14.98,Caen,14,1985,18.0
1986-01-01 00:00:00,2,10.401643835616438,20.37,Caen,14,1986,19.0
1987-01-01 00:00:00,0,10.46931506849315,14.91,Caen,14,1987,14.0
1988-01-01 00:00:00,0,11.515027322404372,3.01,Caen,14,1988,6.0
1989-01-01 00:00:00,0,12.15945205479452,2.66,Caen,14,1989,2.0
1990-01-01 00:00:00,4,12.305479452054794,1.54,Caen,14,1990,4.0
1991-01-01 00:00:00,0,10.927397260273972,7.979999999999999,Caen,14,1991,9.0
1992-01-01 00:00:00,1,11.300546448087433,0.0,Caen,14,1992,0.0
1993-01-01 00:00:00,0,11.029041095890411,2.1,Caen,14,1993,4.0
1994-01-01 00:00:00,0,12.006575342465752,1.12,Caen,14,1994,2.0
1995-01-01 00:00:00,3,11.984109589041095,0.42,Caen,14,1995,3.0
1996-01-01 00:00:00,1,10.652185792349728,15.26,Caen,14,1996,10.0
1997-01-01 00:00:00,0,11.665479452054791,8.68,Caen,14,1997,8.0
1998-01-01 00:00:00,0,11.532054794520548,0.0,Caen,14,1998,0.0
1999-01-01 00:00:00,0,12.091506849315069,5.6,Caen,14,1999,8.0
2000-01-01 00:00:00,0,11.710109289617485,0.8400000000000001,Caen,14,2000,5.0
2001-01-01 00:00:00,1,11.546849315068494,2.52,Caen,14,2001,7.0
2002-01-01 00:00:00,0,11.967671232876713,0.14,Caen,14,2002,1.0
2003-01-01 00:00:00,7,12.111506849315068,5.74,Caen,14,2003,8.0
2004-01-01 00:00:00,1,11.737158469945356,9.66,Caen,14,2004,10.0
2005-01-01 00:00:00,3,11.90054794520548,8.26,Caen,14,2005,21.0
2006-01-01 00:00:00,2,12.059178082191782,11.62,Caen,14,2006,9.0
2007-01-01 00:00:00,0,11.773972602739724,7.35,Caen,14,2007,7.0
2008-01-01 00:00:00,0,11.421311475409835,2.52,Caen,14,2008,4.0
2009-01-01 00:00:00,0,11.513698630136986,8.68,Caen,14,2009,12.0
2010-01-01 00:00:00,0,10.558630136986302,27.16,Caen,14,2010,24.0
2011-01-01 00:00:00,1,12.445205479452056,0.07,Caen,14,2011,1.0
2012-01-01 00:00:00,0,11.456284153005464,7.07,Caen,14,2012,5.0
2013-01-01 00:00:00,2,11.206849315068494,35.21,Caen,14,2013,13.0
2014-01-01 00:00:00,0,12.353424657534246,0.07,Caen,14,2014,1.0
2015-01-01 00:00:00,1,12.157534246575343,1.54,Caen,14,2015,3.0
2016-01-01 00:00:00,2,11.811748633879782,1.89,Caen,14,2016,4.0
2017-01-01 00:00:00,2,11.93178082191781,7.28,Caen,14,2017,10.0
2018-01-01 00:00:00,0,11.983561643835616,5.32,Caen,14,2018,6.0
2019-01-01 00:00:00,2,11.929863013698627,5.11,Caen,14,2019,7.0
2020-01-01 00:00:00,4,12.428142076502732,0.8400000000000001,Caen,14,2020,3.0
2021-01-01 00:00:00,0,11.294794520547946,8.68,Caen,14,2021,11.0
2022-01-01 00:00:00,2,12.576438356164385,7.63,Caen,14,2022,6.0
2023-01-01 00:00:00,0,12.582739726027397,3.3600000000000003,Caen,14,2023,6.0
2024-01-01 00:00:00,0,12.132786885245904,26.25,Caen,14,2024,13.0
2025-01-01 00:00:00,1,12.273150684931506,11.83,Caen,14,2025,10.0
1950-01-01 00:00:00,0,12.478904109589042,36.26,Albi,81,1950,19.0
1951-01-01 00:00:00,0,11.655616438356164,13.51,Albi,81,1951,18.0
1952-01-01 00:00:00,0,12.450273224043716,25.34,Albi,81,1952,27.0
1953-01-01 00:00:00,0,11.946027397260275,24.85,Albi,81,1953,16.0
1954-01-01 00:00:00,0,11.19041095890411,20.16,Albi,81,1954,21.0
1955-01-01 00:00:00,0,12.824109589041097,15.26,Albi,81,1955,10.0
1956-01-01 00:00:00,0,10.786338797814208,20.37,Albi,81,1956,12.0
1957-01-01 00:00:00,0,11.811780821917807,7.28,Albi,81,1957,8.0
1958-01-01 00:00:00,0,12.235616438356164,22.68,Albi,81,1958,17.0
1959-01-01 00:00:00,0,12.944657534246575,3.99,Albi,81,1959,5.0
1960-01-01 00:00:00,0,11.969398907103823,45.57,Albi,81,1960,20.0
1961-01-01 00:00:00,0,13.262191780821915,0.0,Albi,81,1961,0.0
1962-01-01 00:00:00,0,11.943287671232875,10.92,Albi,81,1962,9.0
1963-01-01 00:00:00,0,11.253150684931503,14.35,Albi,81,1963,11.0
1964-01-01 00:00:00,0,12.14344262295082,24.85,Albi,81,1964,10.0
1965-01-01 00:00:00,0,11.771232876712329,10.92,Albi,81,1965,17.0
1966-01-01 00:00:00,0,12.410136986301367,5.32,Albi,81,1966,9.0
1967-01-01 00:00:00,0,12.140273972602738,29.12,Albi,81,1967,18.0
1968-01-01 00:00:00,0,12.1224043715847,16.94,Albi,81,1968,21.0
1969-01-01 00:00:00,0,11.662191780821916,18.34,Albi,81,1969,20.0
1970-01-01 00:00:00,0,11.976164383561644,41.86,Albi,81,1970,22.0
1971-01-01 00:00:00,0,11.796438356164384,19.18,Albi,81,1971,16.0
1972-01-01 00:00:00,0,11.797814207650273,8.26,Albi,81,1972,10.0
1973-01-01 00:00:00,0,11.60958904109589,18.06,Albi,81,1973,21.0
1974-01-01 00:00:00,0,11.673424657534246,14.35,Albi,81,1974,7.0
1975-01-01 00:00:00,0,11.849589041095893,20.72,Albi,81,1975,16.0
1976-01-01 00:00:00,0,12.053551912568308,7.0,Albi,81,1976,12.0
1977-01-01 00:00:00,0,11.846575342465751,14.7,Albi,81,1977,14.0
1978-01-01 00:00:00,0,11.615616438356165,39.13,Albi,81,1978,25.0
1979-01-01 00:00:00,0,11.691780821917808,15.82,Albi,81,1979,16.0
1980-01-01 00:00:00,0,11.082786885245902,40.95,Albi,81,1980,17.0
1981-01-01 00:00:00,0,11.902739726027397,16.240000000000002,Albi,81,1981,15.0
1982-01-01 00:00:00,0,12.78,6.300000000000001,Albi,81,1982,8.0
1983-01-01 00:00:00,1,12.53945205479452,11.41,Albi,81,1983,12.0
1984-01-01 00:00:00,0,11.600819672131149,4.48,Albi,81,1984,12.0
1985-01-01 00:00:00,0,11.762465753424658,25.48,Albi,81,1985,21.0
1986-01-01 00:00:00,0,12.305205479452054,28.07,Albi,81,1986,24.0
1987-01-01 00:00:00,0,12.295342465753423,38.43,Albi,81,1987,16.0
1988-01-01 00:00:00,0,12.67513661202186,9.87,Albi,81,1988,13.0
1989-01-01 00:00:00,0,13.708767123287672,5.32,Albi,81,1989,6.0
1990-01-01 00:00:00,0,13.169315068493152,8.82,Albi,81,1990,5.0
1991-01-01 00:00:00,0,12.224931506849316,7.98,Albi,81,1991,14.0
1992-01-01 00:00:00,0,12.228415300546448,11.13,Albi,81,1992,10.0
1993-01-01 00:00:00,0,12.3213698630137,15.19,Albi,81,1993,6.0
1994-01-01 00:00:00,0,13.291506849315068,7.140000000000001,Albi,81,1994,6.0
1995-01-01 00:00:00,0,12.912054794520548,5.95,Albi,81,1995,9.0
1996-01-01 00:00:00,0,12.294535519125684,15.68,Albi,81,1996,10.0
1997-01-01 00:00:00,0,13.62931506849315,10.64,Albi,81,1997,9.0
1998-01-01 00:00:00,0,12.4,3.3600000000000003,Albi,81,1998,3.0
1999-01-01 00:00:00,0,12.738630136986302,23.73,Albi,81,1999,19.0
2000-01-01 00:00:00,0,12.853278688524592,2.8000000000000003,Albi,81,2000,7.0
2001-01-01 00:00:00,0,12.550684931506847,10.08,Albi,81,2001,12.0
2002-01-01 00:00:00,0,12.98082191780822,0.42,Albi,81,2002,2.0
2003-01-01 00:00:00,8,13.81972602739726,19.67,Albi,81,2003,16.0
2004-01-01 00:00:00,0,12.565573770491802,11.83,Albi,81,2004,18.0
2005-01-01 00:00:00,0,12.506575342465752,17.22,Albi,81,2005,24.0
2006-01-01 00:00:00,0,13.486849315068492,34.65,Albi,81,2006,9.0
2007-01-01 00:00:00,0,12.414520547945203,9.87,Albi,81,2007,4.0
2008-01-01 00:00:00,0,12.381147540983608,22.47,Albi,81,2008,14.0
2009-01-01 00:00:00,0,13.136986301369864,12.04,Albi,81,2009,15.0
2010-01-01 00:00:00,0,11.888219178082192,34.44,Albi,81,2010,27.0
2011-01-01 00:00:00,0,13.81780821917808,2.7300000000000004,Albi,81,2011,3.0
2012-01-01 00:00:00,0,12.882786885245904,7.28,Albi,81,2012,8.0
2013-01-01 00:00:00,0,12.25095890410959,45.99,Albi,81,2013,25.0
2014-01-01 00:00:00,0,13.486301369863014,1.19,Albi,81,2014,3.0
2015-01-01 00:00:00,0,13.536164383561644,11.9,Albi,81,2015,9.0
2016-01-01 00:00:00,0,13.344535519125683,1.89,Albi,81,2016,6.0
2017-01-01 00:00:00,0,12.875890410958904,14.14,Albi,81,2017,9.0
2018-01-01 00:00:00,0,13.657260273972602,7.63,Albi,81,2018,14.0
2019-01-01 00:00:00,2,13.312602739726028,1.4,Albi,81,2019,5.0
2020-01-01 00:00:00,1,13.892349726775958,0.8400000000000001,Albi,81,2020,3.0
2021-01-01 00:00:00,0,12.863013698630136,7.35,Albi,81,2021,9.0
2022-01-01 00:00:00,5,14.813972602739726,7.210000000000001,Albi,81,2022,6.0
2023-01-01 00:00:00,4,14.05150684931507,13.51,Albi,81,2023,11.0
2024-01-01 00:00:00,0,13.69726775956284,9.66,Albi,81,2024,5.0
2025-01-01 00:00:00,4,13.986027397260273,6.51,Albi,81,2025,7.0
1950-01-01 00:00:00,0,10.349863013698627,31.99,Châlons-en-Champagne,51,1950,23.0
1951-01-01 00:00:00,0,10.313150684931507,8.26,Châlons-en-Champagne,51,1951,14.0
1952-01-01 00:00:00,3,10.264754098360656,39.76,Châlons-en-Champagne,51,1952,40.0
1953-01-01 00:00:00,0,10.56109589041096,16.31,Châlons-en-Champagne,51,1953,18.0
1954-01-01 00:00:00,0,9.687397260273972,17.15,Châlons-en-Champagne,51,1954,18.0
1955-01-01 00:00:00,0,10.00876712328767,24.85,Châlons-en-Champagne,51,1955,20.0
1956-01-01 00:00:00,0,8.973770491803279,27.09,Châlons-en-Champagne,51,1956,18.0
1957-01-01 00:00:00,0,10.598082191780822,6.789999999999999,Châlons-en-Champagne,51,1957,8.0
1958-01-01 00:00:00,0,10.216712328767125,39.06,Châlons-en-Champagne,51,1958,22.0
1959-01-01 00:00:00,0,11.584383561643836,16.17,Châlons-en-Champagne,51,1959,10.0
1960-01-01 00:00:00,0,10.567213114754098,11.69,Châlons-en-Champagne,51,1960,15.0
1961-01-01 00:00:00,0,11.466849315068492,3.29,Châlons-en-Champagne,51,1961,5.0
1962-01-01 00:00:00,0,9.345753424657534,32.76,Châlons-en-Champagne,51,1962,23.0
1963-01-01 00:00:00,0,9.243287671232878,12.67,Châlons-en-Champagne,51,1963,22.0
1964-01-01 00:00:00,1,10.529234972677596,22.33,Châlons-en-Champagne,51,1964,19.0
1965-01-01 00:00:00,0,9.771506849315069,22.75,Châlons-en-Champagne,51,1965,27.0
1966-01-01 00:00:00,0,10.65808219178082,10.85,Châlons-en-Champagne,51,1966,13.0
1967-01-01 00:00:00,0,10.498356164383562,12.6,Châlons-en-Champagne,51,1967,12.0
1968-01-01 00:00:00,0,9.89398907103825,42.7,Châlons-en-Champagne,51,1968,32.0
1969-01-01 00:00:00,0,10.054246575342466,36.75,Châlons-en-Champagne,51,1969,30.0
1970-01-01 00:00:00,0,9.975890410958904,63.28,Châlons-en-Champagne,51,1970,45.0
1971-01-01 00:00:00,0,10.276712328767124,16.45,Châlons-en-Champagne,51,1971,17.0
1972-01-01 00:00:00,0,9.7551912568306,11.13,Châlons-en-Champagne,51,1972,15.0
1973-01-01 00:00:00,0,10.123561643835616,10.64,Châlons-en-Champagne,51,1973,16.0
1974-01-01 00:00:00,0,10.583013698630138,7.07,Châlons-en-Champagne,51,1974,4.0
1975-01-01 00:00:00,1,10.468219178082192,15.82,Châlons-en-Champagne,51,1975,16.0
1976-01-01 00:00:00,0,10.925136612021856,16.66,Châlons-en-Champagne,51,1976,19.0
1977-01-01 00:00:00,0,10.392602739726028,4.9,Châlons-en-Champagne,51,1977,11.0
1978-01-01 00:00:00,0,9.54054794520548,42.07,Châlons-en-Champagne,51,1978,27.0
1979-01-01 00:00:00,0,9.748219178082191,24.36,Châlons-en-Champagne,51,1979,33.0
1980-01-01 00:00:00,0,9.595081967213115,14.35,Châlons-en-Champagne,51,1980,12.0
1981-01-01 00:00:00,0,10.217534246575342,26.74,Châlons-en-Champagne,51,1981,29.0
1982-01-01 00:00:00,0,10.968767123287671,15.61,Châlons-en-Champagne,51,1982,11.0
1983-01-01 00:00:00,1,10.845753424657534,10.29,Châlons-en-Champagne,51,1983,13.0
1984-01-01 00:00:00,0,10.203278688524591,24.22,Châlons-en-Champagne,51,1984,21.0
1985-01-01 00:00:00,0,9.312328767123288,31.99,Châlons-en-Champagne,51,1985,36.0
1986-01-01 00:00:00,0,9.827397260273973,32.41,Châlons-en-Champagne,51,1986,27.0
1987-01-01 00:00:00,0,9.673972602739726,24.64,Châlons-en-Champagne,51,1987,24.0
1988-01-01 00:00:00,0,11.12377049180328,8.47,Châlons-en-Champagne,51,1988,16.0
1989-01-01 00:00:00,0,11.46821917808219,3.22,Châlons-en-Champagne,51,1989,2.0
1990-01-01 00:00:00,0,11.545479452054796,18.27,Châlons-en-Champagne,51,1990,13.0
1991-01-01 00:00:00,0,10.37068493150685,13.23,Châlons-en-Champagne,51,1991,10.0
1992-01-01 00:00:00,1,10.949726775956284,1.33,Châlons-en-Champagne,51,1992,4.0
1993-01-01 00:00:00,0,10.6786301369863,6.23,Châlons-en-Champagne,51,1993,11.0
1994-01-01 00:00:00,0,11.826575342465754,10.99,Châlons-en-Champagne,51,1994,9.0
1995-01-01 00:00:00,1,11.228219178082192,15.75,Châlons-en-Champagne,51,1995,14.0
1996-01-01 00:00:00,0,9.660655737704918,28.35,Châlons-en-Champagne,51,1996,26.0
1997-01-01 00:00:00,0,10.886301369863014,22.75,Châlons-en-Champagne,51,1997,10.0
1998-01-01 00:00:00,2,10.691506849315068,7.28,Châlons-en-Champagne,51,1998,8.0
1999-01-01 00:00:00,0,11.38986301369863,33.18,Châlons-en-Champagne,51,1999,23.0
2000-01-01 00:00:00,0,11.42896174863388,0.98,Châlons-en-Champagne,51,2000,4.0
2001-01-01 00:00:00,0,10.953698630136984,11.76,Châlons-en-Champagne,51,2001,20.0
2002-01-01 00:00:00,0,11.615890410958905,0.28,Châlons-en-Champagne,51,2002,3.0
2003-01-01 00:00:00,8,11.63890410958904,16.17,Châlons-en-Champagne,51,2003,12.0
2004-01-01 00:00:00,0,10.784426229508195,26.04,Châlons-en-Champagne,51,2004,20.0
2005-01-01 00:00:00,0,11.210684931506847,28.7,Châlons-en-Champagne,51,2005,33.0
2006-01-01 00:00:00,2,11.582739726027397,17.36,Châlons-en-Champagne,51,2006,14.0
2007-01-01 00:00:00,0,11.443287671232875,2.73,Châlons-en-Champagne,51,2007,8.0
2008-01-01 00:00:00,0,10.78825136612022,12.88,Châlons-en-Champagne,51,2008,11.0
2009-01-01 00:00:00,1,11.132054794520547,19.25,Châlons-en-Champagne,51,2009,15.0
2010-01-01 00:00:00,0,10.002739726027396,55.58,Châlons-en-Champagne,51,2010,36.0
2011-01-01 00:00:00,0,12.038082191780822,4.69,Châlons-en-Champagne,51,2011,7.0
2012-01-01 00:00:00,1,11.037704918032787,8.47,Châlons-en-Champagne,51,2012,10.0
2013-01-01 00:00:00,0,10.68082191780822,31.08,Châlons-en-Champagne,51,2013,25.0
2014-01-01 00:00:00,0,12.158356164383562,3.29,Châlons-en-Champagne,51,2014,3.0
2015-01-01 00:00:00,4,11.876712328767123,7.98,Châlons-en-Champagne,51,2015,10.0
2016-01-01 00:00:00,1,11.298360655737705,2.8,Châlons-en-Champagne,51,2016,8.0
2017-01-01 00:00:00,1,11.443561643835617,10.64,Châlons-en-Champagne,51,2017,20.0
2018-01-01 00:00:00,4,12.544109589041096,23.17,Châlons-en-Champagne,51,2018,22.0
2019-01-01 00:00:00,4,12.02849315068493,21.42,Châlons-en-Champagne,51,2019,14.0
2020-01-01 00:00:00,7,12.769398907103826,5.46,Châlons-en-Champagne,51,2020,5.0
2021-01-01 00:00:00,0,10.97835616438356,20.23,Châlons-en-Champagne,51,2021,20.0
2022-01-01 00:00:00,1,12.45013698630137,5.18,Châlons-en-Champagne,51,2022,10.0
2023-01-01 00:00:00,0,12.34082191780822,7.069999999999999,Châlons-en-Champagne,51,2023,11.0
2024-01-01 00:00:00,0,11.883606557377048,13.58,Châlons-en-Champagne,51,2024,14.0
2025-01-01 00:00:00,3,11.952602739726029,6.72,Châlons-en-Champagne,51,2025,8.0
1950-01-01 00:00:00,0,10.276164383561644,28.42,Guéret,23,1950,30.0
1951-01-01 00:00:00,0,9.650958904109588,24.08,Guéret,23,1951,26.0
1952-01-01 00:00:00,1,10.039071038251366,56.7,Guéret,23,1952,51.0
1953-01-01 00:00:00,0,9.91835616438356,34.09,Guéret,23,1953,29.0
1954-01-01 00:00:00,0,9.16904109589041,31.36,Guéret,23,1954,26.0
1955-01-01 00:00:00,0,10.18958904109589,34.230000000000004,Guéret,23,1955,23.0
1956-01-01 00:00:00,0,8.513934426229508,19.04,Guéret,23,1956,24.0
1957-01-01 00:00:00,0,9.951506849315068,19.04,Guéret,23,1957,17.0
1958-01-01 00:00:00,0,9.926301369863014,48.23,Guéret,23,1958,29.0
1959-01-01 00:00:00,0,11.266027397260276,9.73,Guéret,23,1959,12.0
1960-01-01 00:00:00,0,10.031147540983609,33.67,Guéret,23,1960,28.0
1961-01-01 00:00:00,0,11.222739726027395,10.29,Guéret,23,1961,7.0
1962-01-01 00:00:00,0,9.246575342465754,38.15,Guéret,23,1962,32.0
1963-01-01 00:00:00,0,8.977808219178083,24.36,Guéret,23,1963,19.0
1964-01-01 00:00:00,0,9.935245901639345,28.28,Guéret,23,1964,29.0
1965-01-01 00:00:00,0,9.511232876712327,37.03,Guéret,23,1965,41.0
1966-01-01 00:00:00,0,10.176986301369864,24.71,Guéret,23,1966,26.0
1967-01-01 00:00:00,0,9.977534246575344,27.23,Guéret,23,1967,25.0
1968-01-01 00:00:00,0,9.671311475409835,39.97,Guéret,23,1968,31.0
1969-01-01 00:00:00,0,9.590958904109588,50.4,Guéret,23,1969,38.0
1970-01-01 00:00:00,0,9.77068493150685,58.8,Guéret,23,1970,48.0
1971-01-01 00:00:00,0,9.653424657534249,44.66,Guéret,23,1971,29.0
1972-01-01 00:00:00,0,9.418852459016394,24.78,Guéret,23,1972,19.0
1973-01-01 00:00:00,0,9.412602739726028,31.36,Guéret,23,1973,30.0
1974-01-01 00:00:00,0,9.833150684931509,10.15,Guéret,23,1974,16.0
1975-01-01 00:00:00,0,9.536164383561644,48.23,Guéret,23,1975,26.0
1976-01-01 00:00:00,0,10.199726775956284,23.73,Guéret,23,1976,22.0
1977-01-01 00:00:00,0,9.826575342465754,15.96,Guéret,23,1977,30.0
1978-01-01 00:00:00,0,9.443561643835617,63.77,Guéret,23,1978,43.0
1979-01-01 00:00:00,0,9.593424657534246,41.44,Guéret,23,1979,39.0
1980-01-01 00:00:00,0,8.989890710382515,57.05,Guéret,23,1980,34.0
1981-01-01 00:00:00,0,9.783561643835617,49.21,Guéret,23,1981,36.0
1982-01-01 00:00:00,0,10.728767123287671,18.34,Guéret,23,1982,19.0
1983-01-01 00:00:00,0,10.326027397260274,30.52,Guéret,23,1983,21.0
1984-01-01 00:00:00,0,9.643715846994535,15.96,Guéret,23,1984,30.0
1985-01-01 00:00:00,0,9.503835616438357,36.19,Guéret,23,1985,38.0
1986-01-01 00:00:00,0,9.826301369863014,40.32,Guéret,23,1986,33.0
1987-01-01 00:00:00,0,9.772602739726029,45.57,Guéret,23,1987,34.0
1988-01-01 00:00:00,0,10.447540983606558,22.12,Guéret,23,1988,20.0
1989-01-01 00:00:00,0,11.243835616438355,3.85,Guéret,23,1989,7.0
1990-01-01 00:00:00,0,11.183835616438357,17.15,Guéret,23,1990,22.0
1991-01-01 00:00:00,0,10.036712328767123,25.2,Guéret,23,1991,18.0
1992-01-01 00:00:00,0,10.333879781420764,10.29,Guéret,23,1992,14.0
1993-01-01 00:00:00,0,10.13013698630137,13.65,Guéret,23,1993,11.0
1994-01-01 00:00:00,0,11.361369863013698,12.39,Guéret,23,1994,18.0
1995-01-01 00:00:00,0,10.8786301369863,18.34,Guéret,23,1995,20.0
1996-01-01 00:00:00,0,9.958743169398907,42.21,Guéret,23,1996,29.0
1997-01-01 00:00:00,0,11.196438356164384,18.2,Guéret,23,1997,15.0
1998-01-01 00:00:00,1,10.376986301369865,9.8,Guéret,23,1998,14.0
1999-01-01 00:00:00,0,10.73123287671233,43.61,Guéret,23,1999,30.0
2000-01-01 00:00:00,0,10.880327868852458,4.41,Guéret,23,2000,9.0
2001-01-01 00:00:00,0,10.29835616438356,19.04,Guéret,23,2001,20.0
2002-01-01 00:00:00,0,11.04054794520548,0.35,Guéret,23,2002,4.0
2003-01-01 00:00:00,10,11.526301369863017,31.29,Guéret,23,2003,15.0
2004-01-01 00:00:00,0,10.3724043715847,38.57,Guéret,23,2004,32.0
2005-01-01 00:00:00,0,10.388219178082192,50.89,Guéret,23,2005,43.0
2006-01-01 00:00:00,0,11.11890410958904,22.05,Guéret,23,2006,19.0
2007-01-01 00:00:00,0,10.533424657534246,31.78,Guéret,23,2007,9.0
2008-01-01 00:00:00,0,10.062295081967214,23.59,Guéret,23,2008,25.0
2009-01-01 00:00:00,0,10.653972602739726,22.68,Guéret,23,2009,23.0
2010-01-01 00:00:00,0,9.42876712328767,62.93,Guéret,23,2010,44.0
2011-01-01 00:00:00,0,11.643013698630137,7.77,Guéret,23,2011,14.0
2012-01-01 00:00:00,2,10.543715846994536,21.28,Guéret,23,2012,20.0
2013-01-01 00:00:00,0,10.042739726027396,44.87,Guéret,23,2013,35.0
2014-01-01 00:00:00,0,11.443013698630136,5.6000000000000005,Guéret,23,2014,12.0
2015-01-01 00:00:00,0,11.533972602739723,18.76,Guéret,23,2015,22.0
2016-01-01 00:00:00,0,10.945081967213117,7.91,Guéret,23,2016,15.0
2017-01-01 00:00:00,0,10.86164383561644,25.97,Guéret,23,2017,27.0
2018-01-01 00:00:00,0,11.67068493150685,34.58,Guéret,23,2018,29.0
2019-01-01 00:00:00,5,11.475342465753425,27.58,Guéret,23,2019,23.0
2020-01-01 00:00:00,1,11.90327868852459,15.26,Guéret,23,2020,14.0
2021-01-01 00:00:00,0,10.4013698630137,30.66,Guéret,23,2021,26.0
2022-01-01 00:00:00,1,12.26054794520548,16.1,Guéret,23,2022,16.0
2023-01-01 00:00:00,1,11.959178082191782,26.04,Guéret,23,2023,15.0
2024-01-01 00:00:00,0,11.407650273224045,10.85,Guéret,23,2024,19.0
2025-01-01 00:00:00,2,11.64986301369863,23.17,Guéret,23,2025,16.0
1950-01-01 00:00:00,0,11.946849315068494,38.78,Tulle,19,1950,25.0
1951-01-01 00:00:00,0,11.19890410958904,49.56,Tulle,19,1951,31.0
1952-01-01 00:00:00,0,11.883606557377048,68.6,Tulle,19,1952,47.0
1953-01-01 00:00:00,0,11.71041095890411,31.22,Tulle,19,1953,16.0
1954-01-01 00:00:00,0,10.856164383561644,21.07,Tulle,19,1954,27.0
1955-01-01 00:00:00,0,12.204109589041096,30.94,Tulle,19,1955,22.0
1956-01-01 00:00:00,0,10.212841530054645,18.55,Tulle,19,1956,20.0
1957-01-01 00:00:00,0,11.602739726027398,14.28,Tulle,19,1957,18.0
1958-01-01 00:00:00,0,11.72958904109589,38.36,Tulle,19,1958,25.0
1959-01-01 00:00:00,0,12.788493150684932,12.25,Tulle,19,1959,16.0
1960-01-01 00:00:00,0,11.64016393442623,33.67,Tulle,19,1960,20.0
1961-01-01 00:00:00,0,12.814246575342466,16.31,Tulle,19,1961,10.0
1962-01-01 00:00:00,0,11.404931506849316,25.13,Tulle,19,1962,25.0
1963-01-01 00:00:00,0,10.873424657534247,15.82,Tulle,19,1963,25.0
1964-01-01 00:00:00,0,11.78688524590164,30.24,Tulle,19,1964,17.0
1965-01-01 00:00:00,0,11.317260273972604,32.97,Tulle,19,1965,33.0
1966-01-01 00:00:00,0,11.893972602739726,14.91,Tulle,19,1966,16.0
1967-01-01 00:00:00,0,11.742191780821916,29.68,Tulle,19,1967,26.0
1968-01-01 00:00:00,0,11.5672131147541,40.25,Tulle,19,1968,28.0
1969-01-01 00:00:00,0,11.291506849315068,37.1,Tulle,19,1969,32.0
1970-01-01 00:00:00,0,11.466575342465754,52.85,Tulle,19,1970,36.0
1971-01-01 00:00:00,0,11.488767123287673,33.74,Tulle,19,1971,27.0
1972-01-01 00:00:00,0,11.246994535519123,22.68,Tulle,19,1972,19.0
1973-01-01 00:00:00,0,11.18027397260274,32.48,Tulle,19,1973,25.0
1974-01-01 00:00:00,0,11.43041095890411,11.76,Tulle,19,1974,15.0
1975-01-01 00:00:00,0,11.513698630136986,40.18,Tulle,19,1975,26.0
1976-01-01 00:00:00,0,11.930054644808742,16.66,Tulle,19,1976,18.0
1977-01-01 00:00:00,0,11.446575342465753,18.13,Tulle,19,1977,25.0
1978-01-01 00:00:00,0,11.238630136986302,56.14,Tulle,19,1978,37.0
1979-01-01 00:00:00,0,11.272328767123287,43.33,Tulle,19,1979,33.0
1980-01-01 00:00:00,0,10.737978142076502,54.95,Tulle,19,1980,30.0
1981-01-01 00:00:00,0,11.53178082191781,36.47,Tulle,19,1981,32.0
1982-01-01 00:00:00,0,12.398082191780825,12.04,Tulle,19,1982,22.0
1983-01-01 00:00:00,1,12.176438356164384,15.4,Tulle,19,1983,21.0
1984-01-01 00:00:00,0,11.303551912568308,20.23,Tulle,19,1984,25.0
1985-01-01 00:00:00,0,11.334794520547945,39.48,Tulle,19,1985,30.0
1986-01-01 00:00:00,0,11.659999999999998,62.93,Tulle,19,1986,38.0
1987-01-01 00:00:00,0,11.71041095890411,35.14,Tulle,19,1987,20.0
1988-01-01 00:00:00,0,12.223497267759564,12.81,Tulle,19,1988,26.0
1989-01-01 00:00:00,0,12.995890410958904,23.1,Tulle,19,1989,11.0
1990-01-01 00:00:00,0,12.77068493150685,17.15,Tulle,19,1990,14.0
1991-01-01 00:00:00,0,11.833698630136986,31.78,Tulle,19,1991,18.0
1992-01-01 00:00:00,0,12.045628415300548,9.87,Tulle,19,1992,15.0
1993-01-01 00:00:00,0,11.844383561643836,9.94,Tulle,19,1993,11.0
1994-01-01 00:00:00,0,12.97068493150685,12.81,Tulle,19,1994,17.0
1995-01-01 00:00:00,0,12.62082191780822,14.84,Tulle,19,1995,23.0
1996-01-01 00:00:00,0,11.84016393442623,26.04,Tulle,19,1996,16.0
1997-01-01 00:00:00,0,13.087671232876712,11.55,Tulle,19,1997,10.0
1998-01-01 00:00:00,2,12.037534246575342,5.46,Tulle,19,1998,11.0
1999-01-01 00:00:00,0,12.364931506849317,37.66,Tulle,19,1999,26.0
2000-01-01 00:00:00,0,12.457103825136612,7.0,Tulle,19,2000,9.0
2001-01-01 00:00:00,0,12.090136986301369,20.65,Tulle,19,2001,19.0
2002-01-01 00:00:00,0,12.595342465753426,1.54,Tulle,19,2002,4.0
2003-01-01 00:00:00,11,13.396986301369862,22.33,Tulle,19,2003,15.0
2004-01-01 00:00:00,0,12.069398907103825,23.87,Tulle,19,2004,24.0
2005-01-01 00:00:00,0,12.179726027397262,21.84,Tulle,19,2005,31.0
2006-01-01 00:00:00,0,12.940821917808218,24.99,Tulle,19,2006,14.0
2007-01-01 00:00:00,0,12.331780821917809,10.64,Tulle,19,2007,9.0
2008-01-01 00:00:00,0,11.845628415300547,30.66,Tulle,19,2008,27.0
2009-01-01 00:00:00,0,12.555890410958902,17.5,Tulle,19,2009,20.0
2010-01-01 00:00:00,0,11.354794520547944,54.88,Tulle,19,2010,37.0
2011-01-01 00:00:00,0,13.412054794520548,4.34,Tulle,19,2011,8.0
2012-01-01 00:00:00,0,12.226229508196722,18.27,Tulle,19,2012,17.0
2013-01-01 00:00:00,0,11.889315068493152,35.0,Tulle,19,2013,27.0
2014-01-01 00:00:00,0,13.07917808219178,9.03,Tulle,19,2014,15.0
2015-01-01 00:00:00,2,13.173150684931509,10.64,Tulle,19,2015,13.0
2016-01-01 00:00:00,0,12.724316939890713,12.46,Tulle,19,2016,15.0
2017-01-01 00:00:00,0,12.740821917808216,19.53,Tulle,19,2017,18.0
2018-01-01 00:00:00,1,13.781369863013698,28.84,Tulle,19,2018,23.0
2019-01-01 00:00:00,5,13.272328767123287,27.37,Tulle,19,2019,17.0
2020-01-01 00:00:00,3,13.807650273224043,14.91,Tulle,19,2020,13.0
2021-01-01 00:00:00,0,12.528219178082193,16.73,Tulle,19,2021,19.0
2022-01-01 00:00:00,3,14.369315068493153,13.3,Tulle,19,2022,11.0
2023-01-01 00:00:00,2,13.642465753424656,25.55,Tulle,19,2023,15.0
2024-01-01 00:00:00,1,13.115573770491803,19.39,Tulle,19,2024,11.0
2025-01-01 00:00:00,5,13.537534246575342,12.53,Tulle,19,2025,18.0
1950-01-01 00:00:00,0,10.316438356164385,68.67,Rodez,12,1950,41.0
1951-01-01 00:00:00,0,9.633150684931506,77.21,Rodez,12,1951,35.0
1952-01-01 00:00:00,0,10.129781420765028,95.27,Rodez,12,1952,50.0
1953-01-01 00:00:00,0,9.797534246575342,50.12,Rodez,12,1953,24.0
1954-01-01 00:00:00,0,9.16027397260274,47.6,Rodez,12,1954,38.0
1955-01-01 00:00:00,0,10.585479452054797,35.0,Rodez,12,1955,22.0
1956-01-01 00:00:00,0,8.524590163934427,41.16,Rodez,12,1956,24.0
1957-01-01 00:00:00,0,9.875068493150684,26.39,Rodez,12,1957,23.0
1958-01-01 00:00:00,0,10.143835616438356,48.16,Rodez,12,1958,31.0
1959-01-01 00:00:00,0,10.946849315068492,18.27,Rodez,12,1959,21.0
1960-01-01 00:00:00,0,9.940437158469944,65.24,Rodez,12,1960,24.0
1961-01-01 00:00:00,0,11.08931506849315,12.32,Rodez,12,1961,13.0
1962-01-01 00:00:00,0,9.795342465753423,40.04,Rodez,12,1962,30.0
1963-01-01 00:00:00,0,9.141917808219178,60.62,Rodez,12,1963,33.0
1964-01-01 00:00:00,0,10.14016393442623,49.14,Rodez,12,1964,18.0
1965-01-01 00:00:00,0,9.645479452054794,49.07,Rodez,12,1965,40.0
1966-01-01 00:00:00,0,10.33972602739726,31.22,Rodez,12,1966,33.0
1967-01-01 00:00:00,0,10.023835616438356,51.03,Rodez,12,1967,29.0
1968-01-01 00:00:00,0,10.03360655737705,57.12,Rodez,12,1968,39.0
1969-01-01 00:00:00,0,9.632876712328768,59.85,Rodez,12,1969,46.0
1970-01-01 00:00:00,0,9.868219178082192,87.92,Rodez,12,1970,43.0
1971-01-01 00:00:00,0,9.746849315068491,80.14999999999999,Rodez,12,1971,40.0
1972-01-01 00:00:00,0,9.73688524590164,34.44,Rodez,12,1972,28.0
1973-01-01 00:00:00,0,9.522465753424656,59.5,Rodez,12,1973,37.0
1974-01-01 00:00:00,0,9.66904109589041,45.01,Rodez,12,1974,25.0
1975-01-01 00:00:00,0,9.877534246575342,46.13,Rodez,12,1975,31.0
1976-01-01 00:00:00,0,10.060928961748637,39.9,Rodez,12,1976,25.0
1977-01-01 00:00:00,0,9.863287671232875,35.28,Rodez,12,1977,26.0
1978-01-01 00:00:00,0,9.510136986301369,96.11,Rodez,12,1978,49.0
1979-01-01 00:00:00,0,9.531232876712329,75.39,Rodez,12,1979,42.0
1980-01-01 00:00:00,0,9.043715846994536,87.43,Rodez,12,1980,35.0
1981-01-01 00:00:00,0,9.916438356164385,55.65,Rodez,12,1981,42.0
1982-01-01 00:00:00,0,10.757808219178084,30.590000000000003,Rodez,12,1982,31.0
1983-01-01 00:00:00,1,10.576438356164385,32.55,Rodez,12,1983,27.0
1984-01-01 00:00:00,0,9.565300546448087,37.73,Rodez,12,1984,37.0
1985-01-01 00:00:00,0,9.666301369863014,52.15,Rodez,12,1985,33.0
1986-01-01 00:00:00,0,10.164109589041097,87.92,Rodez,12,1986,47.0
1987-01-01 00:00:00,0,10.125479452054796,61.53,Rodez,12,1987,25.0
1988-01-01 00:00:00,0,10.62622950819672,34.3,Rodez,12,1988,27.0
1989-01-01 00:00:00,0,11.427671232876714,45.010000000000005,Rodez,12,1989,13.0
1990-01-01 00:00:00,0,11.022739726027398,24.78,Rodez,12,1990,22.0
1991-01-01 00:00:00,0,10.267397260273972,24.92,Rodez,12,1991,23.0
1992-01-01 00:00:00,0,10.417486338797817,29.19,Rodez,12,1992,20.0
1993-01-01 00:00:00,0,10.269589041095893,24.92,Rodez,12,1993,15.0
1994-01-01 00:00:00,0,11.360821917808218,57.61,Rodez,12,1994,28.0
1995-01-01 00:00:00,0,10.913972602739726,23.8,Rodez,12,1995,28.0
1996-01-01 00:00:00,0,10.196448087431694,50.26,Rodez,12,1996,28.0
1997-01-01 00:00:00,0,11.52191780821918,24.71,Rodez,12,1997,14.0
1998-01-01 00:00:00,0,10.371780821917808,20.79,Rodez,12,1998,19.0
1999-01-01 00:00:00,0,10.694246575342468,60.97,Rodez,12,1999,38.0
2000-01-01 00:00:00,0,10.809016393442622,18.9,Rodez,12,2000,16.0
2001-01-01 00:00:00,0,10.557534246575342,36.61,Rodez,12,2001,32.0
2002-01-01 00:00:00,0,10.931780821917808,9.1,Rodez,12,2002,10.0
2003-01-01 00:00:00,1,11.73041095890411,42.7,Rodez,12,2003,23.0
2004-01-01 00:00:00,0,10.5224043715847,37.73,Rodez,12,2004,32.0
2005-01-01 00:00:00,0,10.49917808219178,43.61,Rodez,12,2005,32.0
2006-01-01 00:00:00,0,11.43890410958904,58.66,Rodez,12,2006,22.0
2007-01-01 00:00:00,0,10.50246575342466,23.8,Rodez,12,2007,16.0
2008-01-01 00:00:00,0,10.255464480874316,58.38,Rodez,12,2008,31.0
2009-01-01 00:00:00,0,11.046849315068492,35.84,Rodez,12,2009,32.0
2010-01-01 00:00:00,0,9.785479452054794,72.73,Rodez,12,2010,42.0
2011-01-01 00:00:00,0,11.652054794520549,20.02,Rodez,12,2011,11.0
2012-01-01 00:00:00,0,10.647267759562842,25.2,Rodez,12,2012,25.0
2013-01-01 00:00:00,0,10.2013698630137,72.52,Rodez,12,2013,37.0
2014-01-01 00:00:00,0,11.392328767123288,35.77,Rodez,12,2014,26.0
2015-01-01 00:00:00,0,11.54931506849315,33.81,Rodez,12,2015,22.0
2016-01-01 00:00:00,0,11.157377049180328,23.24,Rodez,12,2016,24.0
2017-01-01 00:00:00,0,11.20082191780822,35.28,Rodez,12,2017,27.0
2018-01-01 00:00:00,0,12.027945205479451,39.13,Rodez,12,2018,31.0
2019-01-01 00:00:00,2,11.651232876712328,37.03,Rodez,12,2019,20.0
2020-01-01 00:00:00,0,12.167759562841528,22.26,Rodez,12,2020,21.0
2021-01-01 00:00:00,0,11.028767123287672,29.54,Rodez,12,2021,23.0
2022-01-01 00:00:00,0,13.169863013698633,18.62,Rodez,12,2022,14.0
2023-01-01 00:00:00,2,12.282739726027398,33.74,Rodez,12,2023,18.0
2024-01-01 00:00:00,0,11.923497267759563,29.05,Rodez,12,2024,24.0
2025-01-01 00:00:00,2,12.336438356164384,33.67,Rodez,12,2025,13.0
1950-01-01 00:00:00,0,9.711232876712328,131.25,Mende,48,1950,66.0
1951-01-01 00:00:00,0,8.927397260273972,157.36,Mende,48,1951,69.0
1952-01-01 00:00:00,1,9.241256830601094,181.72,Mende,48,1952,71.0
1953-01-01 00:00:00,0,9.12054794520548,47.39,Mende,48,1953,34.0
1954-01-01 00:00:00,0,8.377534246575342,128.38,Mende,48,1954,61.0
1955-01-01 00:00:00,0,9.764383561643836,97.09,Mende,48,1955,46.0
1956-01-01 00:00:00,0,7.747540983606557,113.68,Mende,48,1956,53.0
1957-01-01 00:00:00,0,9.13890410958904,146.29999999999998,Mende,48,1957,50.0
1958-01-01 00:00:00,0,9.302465753424658,94.22,Mende,48,1958,61.0
1959-01-01 00:00:00,0,9.846575342465751,125.16,Mende,48,1959,64.0
1960-01-01 00:00:00,0,9.013387978142076,107.24,Mende,48,1960,56.0
1961-01-01 00:00:00,0,10.244383561643836,96.04,Mende,48,1961,41.0
1962-01-01 00:00:00,0,8.841643835616438,135.73,Mende,48,1962,74.0
1963-01-01 00:00:00,0,8.22082191780822,178.92,Mende,48,1963,70.0
1964-01-01 00:00:00,0,9.525956284153006,77.42,Mende,48,1964,46.0
1965-01-01 00:00:00,0,8.656164383561643,150.71,Mende,48,1965,80.0
1966-01-01 00:00:00,0,9.478904109589042,131.81,Mende,48,1966,72.0
1967-01-01 00:00:00,0,9.385753424657535,130.41,Mende,48,1967,56.0
1968-01-01 00:00:00,0,9.140710382513662,119.07,Mende,48,1968,61.0
1969-01-01 00:00:00,0,8.664383561643836,161.91,Mende,48,1969,72.0
1970-01-01 00:00:00,0,9.103287671232875,126.35,Mende,48,1970,81.0
1971-01-01 00:00:00,0,8.783013698630137,222.39,Mende,48,1971,70.0
1972-01-01 00:00:00,0,8.692349726775957,222.04,Mende,48,1972,81.0
1973-01-01 00:00:00,0,8.636438356164383,146.09,Mende,48,1973,61.0
1974-01-01 00:00:00,0,8.892602739726028,138.53,Mende,48,1974,70.0
1975-01-01 00:00:00,0,9.06,113.12,Mende,48,1975,72.0
1976-01-01 00:00:00,0,9.138524590163934,132.65,Mende,48,1976,64.0
1977-01-01 00:00:00,0,9.052328767123289,88.06,Mende,48,1977,67.0
1978-01-01 00:00:00,0,8.635616438356164,249.48,Mende,48,1978,91.0
1979-01-01 00:00:00,0,8.728767123287671,189.21,Mende,48,1979,78.0
1980-01-01 00:00:00,0,8.293715846994536,152.95,Mende,48,1980,75.0
1981-01-01 00:00:00,0,9.103013698630138,159.81,Mende,48,1981,70.0
1982-01-01 00:00:00,1,9.907397260273973,108.85,Mende,48,1982,64.0
1983-01-01 00:00:00,1,9.776712328767124,107.8,Mende,48,1983,56.0
1984-01-01 00:00:00,0,8.718032786885246,112.0,Mende,48,1984,72.0
1985-01-01 00:00:00,0,9.08027397260274,116.62,Mende,48,1985,65.0
1986-01-01 00:00:00,0,9.349315068493151,206.85,Mende,48,1986,86.0
1987-01-01 00:00:00,0,9.424383561643836,147.14,Mende,48,1987,63.0
1988-01-01 00:00:00,0,9.85464480874317,85.19,Mende,48,1988,47.0
1989-01-01 00:00:00,0,10.487123287671231,79.8,Mende,48,1989,32.0
1990-01-01 00:00:00,0,10.324931506849314,79.52,Mende,48,1990,44.0
1991-01-01 00:00:00,0,9.546575342465754,77.42,Mende,48,1991,54.0
1992-01-01 00:00:00,0,9.950273224043716,68.6,Mende,48,1992,44.0
1993-01-01 00:00:00,0,9.497260273972604,84.0,Mende,48,1993,41.0
1994-01-01 00:00:00,0,10.62986301369863,148.19,Mende,48,1994,53.0
1995-01-01 00:00:00,0,9.953698630136984,96.32,Mende,48,1995,58.0
1996-01-01 00:00:00,0,9.118306010928965,155.54,Mende,48,1996,55.0
1997-01-01 00:00:00,0,10.665479452054797,88.97,Mende,48,1997,32.0
1998-01-01 00:00:00,0,9.586849315068491,90.23,Mende,48,1998,49.0
1999-01-01 00:00:00,0,9.78986301369863,121.52,Mende,48,1999,65.0
2000-01-01 00:00:00,0,9.983879781420764,55.72,Mende,48,2000,54.0
2001-01-01 00:00:00,0,9.774520547945205,93.8,Mende,48,2001,62.0
2002-01-01 00:00:00,0,10.216164383561644,69.37,Mende,48,2002,38.0
2003-01-01 00:00:00,7,10.724931506849314,107.17,Mende,48,2003,61.0
2004-01-01 00:00:00,0,9.742622950819673,91.84,Mende,48,2004,67.0
2005-01-01 00:00:00,0,9.622739726027396,59.64,Mende,48,2005,51.0
2006-01-01 00:00:00,0,10.515068493150684,115.78,Mende,48,2006,41.0
2007-01-01 00:00:00,0,9.868219178082192,53.69,Mende,48,2007,46.0
2008-01-01 00:00:00,0,9.43087431693989,204.96,Mende,48,2008,69.0
2009-01-01 00:00:00,0,10.17917808219178,104.3,Mende,48,2009,61.0
2010-01-01 00:00:00,0,8.78,189.07,Mende,48,2010,80.0
2011-01-01 00:00:00,1,10.967397260273971,44.52,Mende,48,2011,25.0
2012-01-01 00:00:00,1,10.047540983606558,54.81,Mende,48,2012,49.0
2013-01-01 00:00:00,0,9.483013698630138,119.91,Mende,48,2013,69.0
2014-01-01 00:00:00,0,10.68054794520548,110.88,Mende,48,2014,52.0
2015-01-01 00:00:00,3,10.990136986301373,67.62,Mende,48,2015,41.0
2016-01-01 00:00:00,0,10.451092896174863,116.69,Mende,48,2016,51.0
2017-01-01 00:00:00,0,10.55972602739726,55.37,Mende,48,2017,39.0
2018-01-01 00:00:00,0,11.191506849315068,98.77,Mende,48,2018,50.0
2019-01-01 00:00:00,4,10.853150684931506,69.23,Mende,48,2019,37.0
2020-01-01 00:00:00,2,11.257650273224044,65.66,Mende,48,2020,27.0
2021-01-01 00:00:00,1,10.131780821917808,48.93,Mende,48,2021,30.0
2022-01-01 00:00:00,2,12.058356164383564,44.45,Mende,48,2022,19.0
2023-01-01 00:00:00,5,11.409041095890412,40.6,Mende,48,2023,21.0
2024-01-01 00:00:00,1,11.024043715846997,58.87,Mende,48,2024,40.0
2025-01-01 00:00:00,3,11.212054794520547,42.21,Mende,48,2025,20.0
1950-01-01 00:00:00,0,11.796712328767123,9.17,Tours,37,1950,11.0
1951-01-01 00:00:00,0,11.1386301369863,0.63,Tours,37,1951,3.0
1952-01-01 00:00:00,1,11.422131147540984,23.380000000000003,Tours,37,1952,16.0
1953-01-01 00:00:00,0,11.470136986301371,12.95,Tours,37,1953,9.0
1954-01-01 00:00:00,0,10.986027397260274,3.29,Tours,37,1954,9.0
1955-01-01 00:00:00,0,11.415616438356164,16.87,Tours,37,1955,18.0
1956-01-01 00:00:00,0,10.333333333333334,19.18,Tours,37,1956,14.0
1957-01-01 00:00:00,0,11.798904109589042,0.07,Tours,37,1957,1.0
1958-01-01 00:00:00,0,11.41835616438356,8.120000000000001,Tours,37,1958,13.0
1959-01-01 00:00:00,0,12.86054794520548,9.24,Tours,37,1959,4.0
1960-01-01 00:00:00,0,11.608196721311476,16.8,Tours,37,1960,13.0
1961-01-01 00:00:00,0,12.551780821917808,0.91,Tours,37,1961,1.0
1962-01-01 00:00:00,0,10.70164383561644,13.16,Tours,37,1962,14.0
1963-01-01 00:00:00,0,10.27013698630137,12.88,Tours,37,1963,14.0
1964-01-01 00:00:00,0,11.321857923497268,26.39,Tours,37,1964,15.0
1965-01-01 00:00:00,0,10.957808219178082,9.24,Tours,37,1965,12.0
1966-01-01 00:00:00,0,11.630410958904111,10.01,Tours,37,1966,8.0
1967-01-01 00:00:00,0,11.355068493150686,9.87,Tours,37,1967,7.0
1968-01-01 00:00:00,0,11.069945355191257,13.02,Tours,37,1968,16.0
1969-01-01 00:00:00,0,11.324931506849316,14.49,Tours,37,1969,18.0
1970-01-01 00:00:00,0,11.23945205479452,16.52,Tours,37,1970,18.0
1971-01-01 00:00:00,0,11.14986301369863,13.02,Tours,37,1971,10.0
1972-01-01 00:00:00,0,10.842349726775955,2.52,Tours,37,1972,6.0
1973-01-01 00:00:00,0,11.126575342465753,7.49,Tours,37,1973,8.0
1974-01-01 00:00:00,0,11.56027397260274,3.43,Tours,37,1974,2.0
1975-01-01 00:00:00,0,11.25013698630137,9.31,Tours,37,1975,10.0
1976-01-01 00:00:00,0,12.006284153005463,6.23,Tours,37,1976,9.0
1977-01-01 00:00:00,0,11.234246575342466,0.56,Tours,37,1977,5.0
1978-01-01 00:00:00,0,10.936164383561644,18.34,Tours,37,1978,14.0
1979-01-01 00:00:00,0,10.931780821917808,16.73,Tours,37,1979,11.0
1980-01-01 00:00:00,0,10.5603825136612,14.49,Tours,37,1980,11.0
1981-01-01 00:00:00,0,11.33753424657534,14.14,Tours,37,1981,13.0
1982-01-01 00:00:00,0,12.166575342465752,1.96,Tours,37,1982,4.0
1983-01-01 00:00:00,0,11.795068493150684,7.21,Tours,37,1983,9.0
1984-01-01 00:00:00,0,11.40601092896175,3.71,Tours,37,1984,7.0
1985-01-01 00:00:00,0,10.607123287671232,23.24,Tours,37,1985,25.0
1986-01-01 00:00:00,0,10.87945205479452,23.94,Tours,37,1986,16.0
1987-01-01 00:00:00,0,10.843287671232876,19.53,Tours,37,1987,11.0
1988-01-01 00:00:00,0,12.03415300546448,2.31,Tours,37,1988,6.0
1989-01-01 00:00:00,0,12.717808219178082,1.82,Tours,37,1989,2.0
1990-01-01 00:00:00,3,12.9786301369863,0.28,Tours,37,1990,1.0
1991-01-01 00:00:00,0,11.461917808219178,9.03,Tours,37,1991,9.0
1992-01-01 00:00:00,0,11.828415300546448,0.0,Tours,37,1992,0.0
1993-01-01 00:00:00,0,11.501917808219178,5.18,Tours,37,1993,4.0
1994-01-01 00:00:00,0,12.855342465753424,1.19,Tours,37,1994,3.0
1995-01-01 00:00:00,0,12.457260273972604,3.15,Tours,37,1995,6.0
1996-01-01 00:00:00,0,11.4327868852459,17.36,Tours,37,1996,17.0
1997-01-01 00:00:00,0,12.416438356164385,12.11,Tours,37,1997,5.0
1998-01-01 00:00:00,1,11.821917808219178,2.03,Tours,37,1998,4.0
1999-01-01 00:00:00,0,12.483835616438355,7.84,Tours,37,1999,9.0
2000-01-01 00:00:00,0,12.284699453551912,0.14,Tours,37,2000,1.0
2001-01-01 00:00:00,0,11.932328767123288,3.08,Tours,37,2001,8.0
2002-01-01 00:00:00,0,12.53013698630137,0.0,Tours,37,2002,0.0
2003-01-01 00:00:00,10,12.88876712328767,9.66,Tours,37,2003,3.0
2004-01-01 00:00:00,1,12.12950819672131,9.31,Tours,37,2004,8.0
2005-01-01 00:00:00,0,12.496438356164385,13.37,Tours,37,2005,16.0
2006-01-01 00:00:00,2,12.693150684931506,14.84,Tours,37,2006,7.0
2007-01-01 00:00:00,0,12.275616438356163,1.4,Tours,37,2007,2.0
2008-01-01 00:00:00,0,11.69672131147541,3.85,Tours,37,2008,5.0
2009-01-01 00:00:00,0,12.246575342465754,12.18,Tours,37,2009,12.0
2010-01-01 00:00:00,0,11.188493150684932,24.29,Tours,37,2010,24.0
2011-01-01 00:00:00,1,13.157260273972602,0.0,Tours,37,2011,0.0
2012-01-01 00:00:00,1,11.977868852459016,10.5,Tours,37,2012,5.0
2013-01-01 00:00:00,0,11.762739726027396,17.990000000000002,Tours,37,2013,16.0
2014-01-01 00:00:00,0,12.901095890410955,0.0,Tours,37,2014,0.0
2015-01-01 00:00:00,3,12.976164383561644,0.8400000000000001,Tours,37,2015,5.0
2016-01-01 00:00:00,1,12.437978142076505,4.34,Tours,37,2016,4.0
2017-01-01 00:00:00,4,12.653150684931504,0.63,Tours,37,2017,4.0
2018-01-01 00:00:00,0,13.204931506849316,14.21,Tours,37,2018,9.0
2019-01-01 00:00:00,6,13.023287671232875,2.8,Tours,37,2019,4.0
2020-01-01 00:00:00,0,13.421857923497267,0.0,Tours,37,2020,0.0
2021-01-01 00:00:00,0,11.990958904109588,3.78,Tours,37,2021,13.0
2022-01-01 00:00:00,3,13.654794520547943,0.21,Tours,37,2022,1.0
2023-01-01 00:00:00,0,13.445479452054796,2.8,Tours,37,2023,3.0
2024-01-01 00:00:00,0,12.568306010928962,4.2,Tours,37,2024,5.0
2025-01-01 00:00:00,4,13.133424657534244,4.9,Tours,37,2025,8.0
1950-01-01 00:00:00,0,10.51095890410959,11.55,Rouen,76,1950,14.0
1951-01-01 00:00:00,0,10.512602739726027,4.41,Rouen,76,1951,10.0
1952-01-01 00:00:00,0,10.397540983606556,34.58,Rouen,76,1952,30.0
1953-01-01 00:00:00,0,10.536438356164384,16.87,Rouen,76,1953,13.0
1954-01-01 00:00:00,0,9.896438356164383,13.37,Rouen,76,1954,16.0
1955-01-01 00:00:00,0,10.143561643835616,21.07,Rouen,76,1955,24.0
1956-01-01 00:00:00,0,9.401639344262296,13.79,Rouen,76,1956,17.0
1957-01-01 00:00:00,0,10.989863013698631,3.99,Rouen,76,1957,4.0
1958-01-01 00:00:00,0,10.432328767123288,38.64,Rouen,76,1958,21.0
1959-01-01 00:00:00,1,11.594520547945203,10.08,Rouen,76,1959,11.0
1960-01-01 00:00:00,0,10.702185792349727,10.5,Rouen,76,1960,16.0
1961-01-01 00:00:00,0,11.324657534246576,0.77,Rouen,76,1961,4.0
1962-01-01 00:00:00,0,9.555342465753425,28.21,Rouen,76,1962,20.0
1963-01-01 00:00:00,0,9.246849315068491,12.25,Rouen,76,1963,16.0
1964-01-01 00:00:00,0,10.254918032786886,12.46,Rouen,76,1964,13.0
1965-01-01 00:00:00,0,9.879178082191782,22.47,Rouen,76,1965,25.0
1966-01-01 00:00:00,0,10.46109589041096,6.58,Rouen,76,1966,8.0
1967-01-01 00:00:00,0,10.509863013698627,4.41,Rouen,76,1967,12.0
1968-01-01 00:00:00,0,10.059562841530056,30.1,Rouen,76,1968,29.0
1969-01-01 00:00:00,0,10.433424657534246,30.87,Rouen,76,1969,24.0
1970-01-01 00:00:00,0,10.335616438356164,43.19,Rouen,76,1970,30.0
1971-01-01 00:00:00,0,10.547945205479452,13.79,Rouen,76,1971,11.0
1972-01-01 00:00:00,0,10.012841530054644,8.19,Rouen,76,1972,14.0
1973-01-01 00:00:00,0,10.313972602739726,7.28,Rouen,76,1973,11.0
1974-01-01 00:00:00,0,10.533972602739729,8.82,Rouen,76,1974,4.0
1975-01-01 00:00:00,0,10.4613698630137,9.24,Rouen,76,1975,11.0
1976-01-01 00:00:00,1,11.045081967213116,9.38,Rouen,76,1976,13.0
1977-01-01 00:00:00,0,10.404383561643836,6.65,Rouen,76,1977,12.0
1978-01-01 00:00:00,0,9.898082191780825,62.72,Rouen,76,1978,27.0
1979-01-01 00:00:00,0,9.82027397260274,21.56,Rouen,76,1979,31.0
1980-01-01 00:00:00,0,9.87295081967213,14.21,Rouen,76,1980,17.0
1981-01-01 00:00:00,0,10.546849315068492,23.59,Rouen,76,1981,20.0
1982-01-01 00:00:00,0,11.075342465753424,13.79,Rouen,76,1982,10.0
1983-01-01 00:00:00,0,11.02,5.95,Rouen,76,1983,11.0
1984-01-01 00:00:00,0,10.483060109289616,14.77,Rouen,76,1984,15.0
1985-01-01 00:00:00,0,9.658630136986302,22.47,Rouen,76,1985,24.0
1986-01-01 00:00:00,0,9.963835616438356,24.29,Rouen,76,1986,23.0
1987-01-01 00:00:00,0,9.875616438356165,18.83,Rouen,76,1987,16.0
1988-01-01 00:00:00,0,11.14016393442623,4.76,Rouen,76,1988,11.0
1989-01-01 00:00:00,0,11.714246575342464,7.0,Rouen,76,1989,4.0
1990-01-01 00:00:00,2,11.823287671232876,4.0600000000000005,Rouen,76,1990,5.0
1991-01-01 00:00:00,0,10.414520547945203,11.97,Rouen,76,1991,9.0
1992-01-01 00:00:00,0,10.928142076502732,0.7,Rouen,76,1992,1.0
1993-01-01 00:00:00,0,10.585479452054797,4.76,Rouen,76,1993,9.0
1994-01-01 00:00:00,0,11.630410958904111,7.77,Rouen,76,1994,9.0
1995-01-01 00:00:00,0,11.572328767123286,3.36,Rouen,76,1995,12.0
1996-01-01 00:00:00,0,9.984699453551912,12.39,Rouen,76,1996,13.0
1997-01-01 00:00:00,0,11.264383561643836,9.52,Rouen,76,1997,7.0
1998-01-01 00:00:00,0,11.047945205479452,0.49,Rouen,76,1998,2.0
1999-01-01 00:00:00,0,11.640273972602738,14.35,Rouen,76,1999,16.0
2000-01-01 00:00:00,0,11.28497267759563,3.22,Rouen,76,2000,7.0
2001-01-01 00:00:00,0,11.135616438356164,7.07,Rouen,76,2001,11.0
2002-01-01 00:00:00,0,11.53890410958904,0.0,Rouen,76,2002,0.0
2003-01-01 00:00:00,8,11.805753424657537,12.11,Rouen,76,2003,11.0
2004-01-01 00:00:00,0,11.243169398907105,16.03,Rouen,76,2004,12.0
2005-01-01 00:00:00,0,11.402465753424655,19.74,Rouen,76,2005,24.0
2006-01-01 00:00:00,1,11.616438356164384,10.920000000000002,Rouen,76,2006,10.0
2007-01-01 00:00:00,0,11.524657534246575,4.13,Rouen,76,2007,4.0
2008-01-01 00:00:00,0,11.037978142076502,9.73,Rouen,76,2008,9.0
2009-01-01 00:00:00,0,11.143835616438356,21.07,Rouen,76,2009,19.0
2010-01-01 00:00:00,0,10.09972602739726,27.79,Rouen,76,2010,30.0
2011-01-01 00:00:00,0,12.064383561643837,0.6300000000000001,Rouen,76,2011,2.0
2012-01-01 00:00:00,0,11.019945355191258,12.25,Rouen,76,2012,4.0
2013-01-01 00:00:00,0,10.765205479452057,47.81,Rouen,76,2013,22.0
2014-01-01 00:00:00,0,11.966301369863013,0.28,Rouen,76,2014,2.0
2015-01-01 00:00:00,1,11.747123287671233,4.48,Rouen,76,2015,9.0
2016-01-01 00:00:00,0,11.35901639344262,2.45,Rouen,76,2016,5.0
2017-01-01 00:00:00,1,11.367671232876711,5.81,Rouen,76,2017,15.0
2018-01-01 00:00:00,0,11.712876712328766,13.09,Rouen,76,2018,17.0
2019-01-01 00:00:00,1,11.48246575342466,15.68,Rouen,76,2019,12.0
2020-01-01 00:00:00,5,12.187704918032786,5.32,Rouen,76,2020,6.0
2021-01-01 00:00:00,0,10.738630136986302,14.63,Rouen,76,2021,10.0
2022-01-01 00:00:00,1,12.126301369863016,12.81,Rouen,76,2022,8.0
2023-01-01 00:00:00,0,12.126027397260271,2.66,Rouen,76,2023,7.0
2024-01-01 00:00:00,1,11.595081967213115,23.31,Rouen,76,2024,11.0
2025-01-01 00:00:00,1,11.843013698630136,12.11,Rouen,76,2025,14.0
1950-01-01 00:00:00,0,10.402739726027397,75.74,Digne-les-bains,4,1950,48.0
1951-01-01 00:00:00,0,9.678356164383562,93.38,Digne-les-bains,4,1951,51.0
1952-01-01 00:00:00,0,9.792349726775956,91.63,Digne-les-bains,4,1952,54.0
1953-01-01 00:00:00,0,9.857534246575344,26.95,Digne-les-bains,4,1953,19.0
1954-01-01 00:00:00,0,9.457808219178082,77.77,Digne-les-bains,4,1954,60.0
1955-01-01 00:00:00,0,10.372602739726029,63.56,Digne-les-bains,4,1955,50.0
1956-01-01 00:00:00,0,8.90655737704918,116.34,Digne-les-bains,4,1956,58.0
1957-01-01 00:00:00,0,10.181369863013698,77.28,Digne-les-bains,4,1957,40.0
1958-01-01 00:00:00,0,10.207945205479453,53.48,Digne-les-bains,4,1958,50.0
1959-01-01 00:00:00,0,10.274246575342463,100.17,Digne-les-bains,4,1959,43.0
1960-01-01 00:00:00,0,9.347267759562842,130.27,Digne-les-bains,4,1960,65.0
1961-01-01 00:00:00,0,10.79041095890411,53.06,Digne-les-bains,4,1961,33.0
1962-01-01 00:00:00,0,9.37972602739726,129.08,Digne-les-bains,4,1962,56.0
1963-01-01 00:00:00,0,8.847945205479451,123.27,Digne-les-bains,4,1963,65.0
1964-01-01 00:00:00,0,10.277868852459015,57.05,Digne-les-bains,4,1964,34.0
1965-01-01 00:00:00,0,9.104383561643836,81.69,Digne-les-bains,4,1965,52.0
1966-01-01 00:00:00,0,9.637534246575342,93.52,Digne-les-bains,4,1966,51.0
1967-01-01 00:00:00,0,10.11917808219178,56.42,Digne-les-bains,4,1967,33.0
1968-01-01 00:00:00,0,9.525136612021855,53.13,Digne-les-bains,4,1968,42.0
1969-01-01 00:00:00,0,9.228219178082192,86.24,Digne-les-bains,4,1969,50.0
1970-01-01 00:00:00,0,9.57917808219178,111.23,Digne-les-bains,4,1970,60.0
1971-01-01 00:00:00,0,9.031506849315068,116.27,Digne-les-bains,4,1971,48.0
1972-01-01 00:00:00,0,9.525409836065574,146.79,Digne-les-bains,4,1972,54.0
1973-01-01 00:00:00,0,9.266849315068493,96.11,Digne-les-bains,4,1973,39.0
1974-01-01 00:00:00,0,9.59890410958904,88.55,Digne-les-bains,4,1974,45.0
1975-01-01 00:00:00,0,9.68082191780822,104.72,Digne-les-bains,4,1975,56.0
1976-01-01 00:00:00,0,9.228142076502731,126.0,Digne-les-bains,4,1976,54.0
1977-01-01 00:00:00,0,9.393698630136983,74.48,Digne-les-bains,4,1977,48.0
1978-01-01 00:00:00,0,9.36027397260274,148.75,Digne-les-bains,4,1978,63.0
1979-01-01 00:00:00,0,9.706575342465754,131.04,Digne-les-bains,4,1979,63.0
1980-01-01 00:00:00,0,9.016939890710384,105.91,Digne-les-bains,4,1980,53.0
1981-01-01 00:00:00,0,9.477534246575344,130.2,Digne-les-bains,4,1981,62.0
1982-01-01 00:00:00,0,10.455616438356165,54.67,Digne-les-bains,4,1982,40.0
1983-01-01 00:00:00,0,10.112602739726029,74.83,Digne-les-bains,4,1983,36.0
1984-01-01 00:00:00,0,8.971857923497268,97.02,Digne-les-bains,4,1984,59.0
1985-01-01 00:00:00,0,9.81835616438356,107.45,Digne-les-bains,4,1985,63.0
1986-01-01 00:00:00,0,9.9786301369863,107.38,Digne-les-bains,4,1986,51.0
1987-01-01 00:00:00,0,10.17945205479452,113.82,Digne-les-bains,4,1987,47.0
1988-01-01 00:00:00,0,10.54207650273224,41.3,Digne-les-bains,4,1988,36.0
1989-01-01 00:00:00,0,11.197260273972605,52.08,Digne-les-bains,4,1989,20.0
1990-01-01 00:00:00,0,10.714794520547946,56.21,Digne-les-bains,4,1990,33.0
1991-01-01 00:00:00,0,10.17917808219178,46.83,Digne-les-bains,4,1991,30.0
1992-01-01 00:00:00,0,10.548360655737705,27.72,Digne-les-bains,4,1992,22.0
1993-01-01 00:00:00,0,10.352054794520548,72.38,Digne-les-bains,4,1993,36.0
1994-01-01 00:00:00,0,11.267671232876712,51.94,Digne-les-bains,4,1994,33.0
1995-01-01 00:00:00,0,10.18958904109589,83.79,Digne-les-bains,4,1995,48.0
1996-01-01 00:00:00,0,9.634426229508197,120.19,Digne-les-bains,4,1996,61.0
1997-01-01 00:00:00,0,11.275616438356163,38.43,Digne-les-bains,4,1997,23.0
1998-01-01 00:00:00,0,10.566301369863012,43.33,Digne-les-bains,4,1998,36.0
1999-01-01 00:00:00,0,10.06958904109589,97.3,Digne-les-bains,4,1999,40.0
2000-01-01 00:00:00,0,11.051912568306012,28.42,Digne-les-bains,4,2000,34.0
2001-01-01 00:00:00,0,11.183835616438357,60.97,Digne-les-bains,4,2001,38.0
2002-01-01 00:00:00,0,11.32876712328767,34.230000000000004,Digne-les-bains,4,2002,33.0
2003-01-01 00:00:00,0,11.598904109589045,79.73,Digne-les-bains,4,2003,44.0
2004-01-01 00:00:00,0,10.937978142076505,65.1,Digne-les-bains,4,2004,41.0
2005-01-01 00:00:00,0,11.124657534246577,51.87,Digne-les-bains,4,2005,25.0
2006-01-01 00:00:00,0,11.91890410958904,52.36,Digne-les-bains,4,2006,40.0
2007-01-01 00:00:00,0,11.564657534246576,24.5,Digne-les-bains,4,2007,31.0
2008-01-01 00:00:00,0,11.027868852459015,151.54999999999998,Digne-les-bains,4,2008,58.0
2009-01-01 00:00:00,0,11.44054794520548,76.79,Digne-les-bains,4,2009,38.0
2010-01-01 00:00:00,0,9.717808219178082,146.37,Digne-les-bains,4,2010,71.0
2011-01-01 00:00:00,0,11.86027397260274,33.11,Digne-les-bains,4,2011,27.0
2012-01-01 00:00:00,0,11.62049180327869,70.84,Digne-les-bains,4,2012,33.0
2013-01-01 00:00:00,0,10.81917808219178,100.45,Digne-les-bains,4,2013,56.0
2014-01-01 00:00:00,0,11.766575342465751,72.03,Digne-les-bains,4,2014,34.0
2015-01-01 00:00:00,0,12.212054794520547,58.03,Digne-les-bains,4,2015,28.0
2016-01-01 00:00:00,0,11.902459016393443,47.25,Digne-les-bains,4,2016,33.0
2017-01-01 00:00:00,0,12.72109589041096,29.26,Digne-les-bains,4,2017,33.0
2018-01-01 00:00:00,0,13.017808219178082,49.63,Digne-les-bains,4,2018,33.0
2019-01-01 00:00:00,0,12.908219178082192,34.93,Digne-les-bains,4,2019,21.0
2020-01-01 00:00:00,0,12.66967213114754,27.09,Digne-les-bains,4,2020,17.0
2021-01-01 00:00:00,0,12.001369863013698,34.93,Digne-les-bains,4,2021,24.0
2022-01-01 00:00:00,0,13.608493150684932,29.75,Digne-les-bains,4,2022,14.0
2023-01-01 00:00:00,0,12.633424657534244,29.33,Digne-les-bains,4,2023,20.0
2024-01-01 00:00:00,0,12.525683060109287,17.22,Digne-les-bains,4,2024,21.0
2025-01-01 00:00:00,0,12.313424657534243,34.65,Digne-les-bains,4,2025,16.0
1950-01-01 00:00:00,0,10.958356164383565,16.94,Nanterre,92,1950,15.0
1951-01-01 00:00:00,0,10.74904109589041,1.75,Nanterre,92,1951,5.0
1952-01-01 00:00:00,0,10.781967213114754,31.15,Nanterre,92,1952,25.0
1953-01-01 00:00:00,0,10.901643835616438,11.55,Nanterre,92,1953,12.0
1954-01-01 00:00:00,0,10.355342465753424,15.4,Nanterre,92,1954,18.0
1955-01-01 00:00:00,0,10.65041095890411,19.46,Nanterre,92,1955,18.0
1956-01-01 00:00:00,0,9.676775956284152,13.02,Nanterre,92,1956,16.0
1957-01-01 00:00:00,1,11.236712328767124,3.5700000000000003,Nanterre,92,1957,5.0
1958-01-01 00:00:00,0,10.747945205479452,37.73,Nanterre,92,1958,22.0
1959-01-01 00:00:00,1,12.042465753424658,11.83,Nanterre,92,1959,8.0
1960-01-01 00:00:00,0,11.095628415300547,7.35,Nanterre,92,1960,14.0
1961-01-01 00:00:00,0,11.904657534246574,0.21,Nanterre,92,1961,2.0
1962-01-01 00:00:00,0,9.953972602739723,27.37,Nanterre,92,1962,13.0
1963-01-01 00:00:00,0,9.745479452054797,12.25,Nanterre,92,1963,17.0
1964-01-01 00:00:00,0,10.814207650273223,10.29,Nanterre,92,1964,13.0
1965-01-01 00:00:00,0,10.277260273972605,15.12,Nanterre,92,1965,19.0
1966-01-01 00:00:00,0,10.916986301369862,3.92,Nanterre,92,1966,6.0
1967-01-01 00:00:00,0,10.877260273972604,2.38,Nanterre,92,1967,8.0
1968-01-01 00:00:00,0,10.364207650273224,32.410000000000004,Nanterre,92,1968,24.0
1969-01-01 00:00:00,0,10.66904109589041,24.57,Nanterre,92,1969,24.0
1970-01-01 00:00:00,0,10.609041095890412,42.84,Nanterre,92,1970,26.0
1971-01-01 00:00:00,0,10.744657534246576,11.62,Nanterre,92,1971,10.0
1972-01-01 00:00:00,0,10.24863387978142,9.17,Nanterre,92,1972,13.0
1973-01-01 00:00:00,0,10.62958904109589,10.15,Nanterre,92,1973,12.0
1974-01-01 00:00:00,0,10.981643835616438,8.75,Nanterre,92,1974,4.0
1975-01-01 00:00:00,0,10.706027397260272,13.3,Nanterre,92,1975,14.0
1976-01-01 00:00:00,5,11.433060109289617,10.71,Nanterre,92,1976,13.0
1977-01-01 00:00:00,0,10.75095890410959,1.6800000000000002,Nanterre,92,1977,6.0
1978-01-01 00:00:00,0,10.129041095890411,49.07,Nanterre,92,1978,28.0
1979-01-01 00:00:00,0,10.215890410958904,16.03,Nanterre,92,1979,24.0
1980-01-01 00:00:00,0,10.103551912568308,13.16,Nanterre,92,1980,15.0
1981-01-01 00:00:00,0,10.797534246575342,17.849999999999998,Nanterre,92,1981,16.0
1982-01-01 00:00:00,0,11.516164383561645,15.4,Nanterre,92,1982,9.0
1983-01-01 00:00:00,0,11.344931506849314,8.54,Nanterre,92,1983,12.0
1984-01-01 00:00:00,0,10.715573770491805,14.49,Nanterre,92,1984,14.0
1985-01-01 00:00:00,0,9.994794520547943,10.5,Nanterre,92,1985,24.0
1986-01-01 00:00:00,0,10.315068493150685,26.11,Nanterre,92,1986,20.0
1987-01-01 00:00:00,0,10.125205479452054,24.01,Nanterre,92,1987,19.0
1988-01-01 00:00:00,0,11.531967213114754,2.8000000000000003,Nanterre,92,1988,8.0
1989-01-01 00:00:00,0,12.008219178082191,4.69,Nanterre,92,1989,6.0
1990-01-01 00:00:00,2,12.255342465753424,7.0,Nanterre,92,1990,5.0
1991-01-01 00:00:00,0,10.86054794520548,6.09,Nanterre,92,1991,7.0
1992-01-01 00:00:00,1,11.32431693989071,1.2600000000000002,Nanterre,92,1992,2.0
1993-01-01 00:00:00,0,10.962739726027396,5.529999999999999,Nanterre,92,1993,9.0
1994-01-01 00:00:00,0,12.20082191780822,5.67,Nanterre,92,1994,8.0
1995-01-01 00:00:00,0,11.822465753424655,9.31,Nanterre,92,1995,14.0
1996-01-01 00:00:00,0,10.3724043715847,17.150000000000002,Nanterre,92,1996,25.0
1997-01-01 00:00:00,0,11.65972602739726,14.14,Nanterre,92,1997,5.0
1998-01-01 00:00:00,0,11.336712328767122,2.8,Nanterre,92,1998,4.0
1999-01-01 00:00:00,0,11.983561643835616,18.13,Nanterre,92,1999,15.0
2000-01-01 00:00:00,0,11.736612021857924,2.03,Nanterre,92,2000,5.0
2001-01-01 00:00:00,0,11.487945205479454,3.78,Nanterre,92,2001,8.0
2002-01-01 00:00:00,0,12.019452054794522,0.77,Nanterre,92,2002,1.0
2003-01-01 00:00:00,7,12.251780821917809,8.33,Nanterre,92,2003,7.0
2004-01-01 00:00:00,0,11.59398907103825,17.5,Nanterre,92,2004,11.0
2005-01-01 00:00:00,0,11.795342465753423,20.58,Nanterre,92,2005,17.0
2006-01-01 00:00:00,1,12.065479452054792,11.41,Nanterre,92,2006,15.0
2007-01-01 00:00:00,0,11.945753424657534,2.03,Nanterre,92,2007,5.0
2008-01-01 00:00:00,0,11.384426229508197,9.24,Nanterre,92,2008,13.0
2009-01-01 00:00:00,0,11.654794520547943,15.47,Nanterre,92,2009,11.0
2010-01-01 00:00:00,1,10.524109589041096,41.72,Nanterre,92,2010,28.0
2011-01-01 00:00:00,0,12.616712328767123,0.07,Nanterre,92,2011,1.0
2012-01-01 00:00:00,0,11.618032786885246,8.05,Nanterre,92,2012,7.0
2013-01-01 00:00:00,0,11.172602739726027,39.2,Nanterre,92,2013,22.0
2014-01-01 00:00:00,0,12.34027397260274,1.19,Nanterre,92,2014,4.0
2015-01-01 00:00:00,1,12.3227397260274,2.3800000000000003,Nanterre,92,2015,7.0
2016-01-01 00:00:00,1,11.804918032786889,5.390000000000001,Nanterre,92,2016,3.0
2017-01-01 00:00:00,0,11.877260273972604,4.83,Nanterre,92,2017,17.0
2018-01-01 00:00:00,0,12.384931506849314,24.08,Nanterre,92,2018,14.0
2019-01-01 00:00:00,2,12.101917808219175,18.34,Nanterre,92,2019,10.0
2020-01-01 00:00:00,4,12.863661202185794,1.68,Nanterre,92,2020,5.0
2021-01-01 00:00:00,0,11.31890410958904,11.34,Nanterre,92,2021,15.0
2022-01-01 00:00:00,1,12.757808219178084,8.89,Nanterre,92,2022,11.0
2023-01-01 00:00:00,0,12.863013698630136,4.9,Nanterre,92,2023,7.0
2024-01-01 00:00:00,1,12.133060109289618,16.87,Nanterre,92,2024,8.0
2025-01-01 00:00:00,1,12.574794520547943,6.58,Nanterre,92,2025,14.0
1950-01-01 00:00:00,0,9.673424657534246,99.47,Belfort,90,1950,65.0
1951-01-01 00:00:00,0,9.432328767123288,70.42,Belfort,90,1951,70.0
1952-01-01 00:00:00,5,9.400819672131147,221.9,Belfort,90,1952,79.0
1953-01-01 00:00:00,0,9.285753424657536,91.35,Belfort,90,1953,43.0
1954-01-01 00:00:00,0,8.537260273972603,106.96,Belfort,90,1954,59.0
1955-01-01 00:00:00,0,8.924657534246576,76.3,Belfort,90,1955,48.0
1956-01-01 00:00:00,0,7.881967213114755,76.23,Belfort,90,1956,57.0
1957-01-01 00:00:00,0,9.275890410958905,56.49,Belfort,90,1957,43.0
1958-01-01 00:00:00,0,9.284383561643835,138.46,Belfort,90,1958,68.0
1959-01-01 00:00:00,0,10.478904109589042,87.57,Belfort,90,1959,44.0
1960-01-01 00:00:00,0,9.359016393442625,85.96000000000001,Belfort,90,1960,46.0
1961-01-01 00:00:00,0,10.386849315068492,61.6,Belfort,90,1961,39.0
1962-01-01 00:00:00,0,8.438630136986301,140.0,Belfort,90,1962,76.0
1963-01-01 00:00:00,0,7.985205479452055,47.11,Belfort,90,1963,39.0
1964-01-01 00:00:00,1,9.433879781420766,75.25,Belfort,90,1964,48.0
1965-01-01 00:00:00,0,8.542191780821918,171.29,Belfort,90,1965,80.0
1966-01-01 00:00:00,0,9.431232876712327,109.76,Belfort,90,1966,59.0
1967-01-01 00:00:00,0,9.363561643835617,79.24,Belfort,90,1967,59.0
1968-01-01 00:00:00,0,8.808743169398907,187.53,Belfort,90,1968,72.0
1969-01-01 00:00:00,0,8.548219178082192,152.95,Belfort,90,1969,67.0
1970-01-01 00:00:00,0,8.677808219178083,159.39,Belfort,90,1970,84.0
1971-01-01 00:00:00,0,9.175068493150686,63.07,Belfort,90,1971,50.0
1972-01-01 00:00:00,0,8.610109289617487,55.16,Belfort,90,1972,49.0
1973-01-01 00:00:00,0,8.69041095890411,148.05,Belfort,90,1973,61.0
1974-01-01 00:00:00,0,9.441369863013698,104.93,Belfort,90,1974,65.0
1975-01-01 00:00:00,0,9.143561643835616,64.68,Belfort,90,1975,53.0
1976-01-01 00:00:00,0,9.579508196721312,95.13,Belfort,90,1976,53.0
1977-01-01 00:00:00,0,9.274794520547946,127.4,Belfort,90,1977,60.0
1978-01-01 00:00:00,0,8.426849315068493,127.54,Belfort,90,1978,70.0
1979-01-01 00:00:00,0,9.073424657534249,123.2,Belfort,90,1979,66.0
1980-01-01 00:00:00,0,8.564207650273223,106.89,Belfort,90,1980,56.0
1981-01-01 00:00:00,0,9.11890410958904,241.15,Belfort,90,1981,89.0
1982-01-01 00:00:00,0,9.932876712328769,89.88,Belfort,90,1982,52.0
1983-01-01 00:00:00,3,9.875342465753423,95.06,Belfort,90,1983,52.0
1984-01-01 00:00:00,0,8.95191256830601,137.34,Belfort,90,1984,71.0
1985-01-01 00:00:00,0,8.696438356164384,94.36,Belfort,90,1985,58.0
1986-01-01 00:00:00,0,8.935068493150686,196.63,Belfort,90,1986,77.0
1987-01-01 00:00:00,0,8.952602739726027,76.93,Belfort,90,1987,57.0
1988-01-01 00:00:00,0,10.013387978142076,110.6,Belfort,90,1988,59.0
1989-01-01 00:00:00,0,10.434794520547944,44.24,Belfort,90,1989,28.0
1990-01-01 00:00:00,0,10.484109589041095,98.42,Belfort,90,1990,50.0
1991-01-01 00:00:00,0,9.762739726027398,71.12,Belfort,90,1991,43.0
1992-01-01 00:00:00,0,10.239344262295084,48.72,Belfort,90,1992,36.0
1993-01-01 00:00:00,0,9.865205479452056,98.84,Belfort,90,1993,45.0
1994-01-01 00:00:00,0,11.06054794520548,52.01,Belfort,90,1994,48.0
1995-01-01 00:00:00,0,9.92986301369863,105.91,Belfort,90,1995,62.0
1996-01-01 00:00:00,0,8.915300546448087,89.11,Belfort,90,1996,41.0
1997-01-01 00:00:00,0,10.104109589041096,28.98,Belfort,90,1997,33.0
1998-01-01 00:00:00,2,9.826301369863014,60.13,Belfort,90,1998,47.0
1999-01-01 00:00:00,0,10.026027397260274,181.51,Belfort,90,1999,71.0
2000-01-01 00:00:00,0,10.463934426229509,52.43,Belfort,90,2000,37.0
2001-01-01 00:00:00,0,9.930684931506848,92.4,Belfort,90,2001,47.0
2002-01-01 00:00:00,0,10.493424657534248,29.12,Belfort,90,2002,22.0
2003-01-01 00:00:00,11,10.985205479452054,71.12,Belfort,90,2003,37.0
2004-01-01 00:00:00,0,9.823497267759564,107.94,Belfort,90,2004,64.0
2005-01-01 00:00:00,0,9.903835616438355,113.61,Belfort,90,2005,60.0
2006-01-01 00:00:00,0,10.366849315068494,114.87,Belfort,90,2006,42.0
2007-01-01 00:00:00,0,10.386849315068492,72.24,Belfort,90,2007,44.0
2008-01-01 00:00:00,0,9.80655737704918,103.18,Belfort,90,2008,48.0
2009-01-01 00:00:00,0,10.26,88.69,Belfort,90,2009,49.0
2010-01-01 00:00:00,0,9.023287671232875,158.27,Belfort,90,2010,74.0
2011-01-01 00:00:00,2,11.047945205479452,62.16,Belfort,90,2011,30.0
2012-01-01 00:00:00,1,10.139071038251366,80.5,Belfort,90,2012,50.0
2013-01-01 00:00:00,2,9.631232876712328,90.58,Belfort,90,2013,60.0
2014-01-01 00:00:00,0,11.091506849315069,53.76,Belfort,90,2014,40.0
2015-01-01 00:00:00,7,11.064657534246574,70.77,Belfort,90,2015,42.0
2016-01-01 00:00:00,0,10.25464480874317,96.32,Belfort,90,2016,55.0
2017-01-01 00:00:00,0,10.290958904109589,63.28,Belfort,90,2017,44.0
2018-01-01 00:00:00,1,11.436164383561644,38.29,Belfort,90,2018,40.0
2019-01-01 00:00:00,5,10.72164383561644,47.88,Belfort,90,2019,41.0
2020-01-01 00:00:00,1,11.27295081967213,31.08,Belfort,90,2020,21.0
2021-01-01 00:00:00,0,9.710684931506847,89.46,Belfort,90,2021,48.0
2022-01-01 00:00:00,3,11.63835616438356,28.56,Belfort,90,2022,27.0
2023-01-01 00:00:00,2,11.51753424657534,30.66,Belfort,90,2023,29.0
2024-01-01 00:00:00,1,11.008469945355191,43.89,Belfort,90,2024,31.0
2025-01-01 00:00:00,5,10.879178082191782,14.35,Belfort,90,2025,18.0
1950-01-01 00:00:00,0,12.070958904109588,3.1500000000000004,Quimper,29,1950,6.0
1951-01-01 00:00:00,0,11.914794520547945,0.07,Quimper,29,1951,1.0
1952-01-01 00:00:00,0,11.834699453551911,3.5,Quimper,29,1952,3.0
1953-01-01 00:00:00,0,11.984931506849316,2.94,Quimper,29,1953,1.0
1954-01-01 00:00:00,0,11.558904109589042,1.12,Quimper,29,1954,1.0
1955-01-01 00:00:00,0,12.143287671232876,2.9400000000000004,Quimper,29,1955,11.0
1956-01-01 00:00:00,0,10.973497267759564,6.23,Quimper,29,1956,10.0
1957-01-01 00:00:00,0,12.211506849315068,0.0,Quimper,29,1957,0.0
1958-01-01 00:00:00,0,11.734794520547943,2.87,Quimper,29,1958,11.0
1959-01-01 00:00:00,0,12.93917808219178,0.21,Quimper,29,1959,1.0
1960-01-01 00:00:00,0,12.213387978142077,1.26,Quimper,29,1960,5.0
1961-01-01 00:00:00,0,12.58109589041096,0.0,Quimper,29,1961,0.0
1962-01-01 00:00:00,0,11.25890410958904,6.3,Quimper,29,1962,7.0
1963-01-01 00:00:00,0,10.714520547945206,9.45,Quimper,29,1963,8.0
1964-01-01 00:00:00,0,11.690983606557376,0.42,Quimper,29,1964,3.0
1965-01-01 00:00:00,0,11.403561643835618,3.43,Quimper,29,1965,5.0
1966-01-01 00:00:00,0,12.221643835616437,0.07,Quimper,29,1966,1.0
1967-01-01 00:00:00,0,11.833698630136986,1.82,Quimper,29,1967,1.0
1968-01-01 00:00:00,0,11.860382513661202,0.07,Quimper,29,1968,1.0
1969-01-01 00:00:00,0,11.929041095890412,6.93,Quimper,29,1969,5.0
1970-01-01 00:00:00,0,11.846301369863014,6.58,Quimper,29,1970,8.0
1971-01-01 00:00:00,0,12.083287671232876,3.3600000000000003,Quimper,29,1971,3.0
1972-01-01 00:00:00,0,11.390437158469943,0.77,Quimper,29,1972,3.0
1973-01-01 00:00:00,0,11.835068493150686,0.42,Quimper,29,1973,3.0
1974-01-01 00:00:00,0,11.80082191780822,0.0,Quimper,29,1974,0.0
1975-01-01 00:00:00,0,12.056986301369864,4.62,Quimper,29,1975,1.0
1976-01-01 00:00:00,0,12.295901639344264,0.28,Quimper,29,1976,3.0
1977-01-01 00:00:00,0,11.77041095890411,0.42,Quimper,29,1977,1.0
1978-01-01 00:00:00,0,11.887123287671232,2.7299999999999995,Quimper,29,1978,5.0
1979-01-01 00:00:00,0,11.53178082191781,13.58,Quimper,29,1979,7.0
1980-01-01 00:00:00,0,11.415573770491804,3.64,Quimper,29,1980,1.0
1981-01-01 00:00:00,0,12.044657534246577,2.52,Quimper,29,1981,1.0
1982-01-01 00:00:00,0,12.43890410958904,5.81,Quimper,29,1982,1.0
1983-01-01 00:00:00,0,12.204931506849316,1.05,Quimper,29,1983,3.0
1984-01-01 00:00:00,0,12.115027322404371,1.33,Quimper,29,1984,2.0
1985-01-01 00:00:00,0,11.615342465753423,3.85,Quimper,29,1985,8.0
1986-01-01 00:00:00,0,11.133698630136989,27.51,Quimper,29,1986,13.0
1987-01-01 00:00:00,0,11.534246575342468,1.12,Quimper,29,1987,3.0
1988-01-01 00:00:00,0,12.31775956284153,0.56,Quimper,29,1988,1.0
1989-01-01 00:00:00,0,13.16109589041096,0.0,Quimper,29,1989,0.0
1990-01-01 00:00:00,0,13.163287671232878,0.49,Quimper,29,1990,2.0
1991-01-01 00:00:00,0,11.67917808219178,1.96,Quimper,29,1991,2.0
1992-01-01 00:00:00,0,12.087704918032788,0.0,Quimper,29,1992,0.0
1993-01-01 00:00:00,0,11.963013698630135,0.98,Quimper,29,1993,1.0
1994-01-01 00:00:00,0,12.753150684931503,0.14,Quimper,29,1994,1.0
1995-01-01 00:00:00,0,12.895068493150683,0.91,Quimper,29,1995,3.0
1996-01-01 00:00:00,0,11.67704918032787,0.5599999999999999,Quimper,29,1996,2.0
1997-01-01 00:00:00,0,12.79835616438356,1.54,Quimper,29,1997,2.0
1998-01-01 00:00:00,0,12.295342465753423,0.0,Quimper,29,1998,0.0
1999-01-01 00:00:00,0,12.884657534246577,0.35,Quimper,29,1999,1.0
2000-01-01 00:00:00,0,12.347540983606557,0.0,Quimper,29,2000,0.0
2001-01-01 00:00:00,0,12.223013698630137,1.54,Quimper,29,2001,3.0
2002-01-01 00:00:00,0,12.657808219178085,0.42,Quimper,29,2002,1.0
2003-01-01 00:00:00,0,12.84191780821918,0.91,Quimper,29,2003,3.0
2004-01-01 00:00:00,0,12.375136612021858,4.13,Quimper,29,2004,6.0
2005-01-01 00:00:00,0,12.582191780821915,0.28,Quimper,29,2005,3.0
2006-01-01 00:00:00,0,12.815616438356164,9.45,Quimper,29,2006,4.0
2007-01-01 00:00:00,0,12.583561643835615,0.14,Quimper,29,2007,1.0
2008-01-01 00:00:00,0,12.071311475409836,0.0,Quimper,29,2008,0.0
2009-01-01 00:00:00,0,12.18082191780822,2.1,Quimper,29,2009,4.0
2010-01-01 00:00:00,0,11.424657534246576,3.22,Quimper,29,2010,10.0
2011-01-01 00:00:00,0,12.97150684931507,0.0,Quimper,29,2011,0.0
2012-01-01 00:00:00,0,12.186065573770492,1.26,Quimper,29,2012,3.0
2013-01-01 00:00:00,0,12.257808219178084,6.58,Quimper,29,2013,7.0
2014-01-01 00:00:00,0,13.146575342465754,0.0,Quimper,29,2014,0.0
2015-01-01 00:00:00,0,12.771780821917808,0.0,Quimper,29,2015,0.0
2016-01-01 00:00:00,0,12.616393442622952,0.35,Quimper,29,2016,2.0
2017-01-01 00:00:00,0,12.01753424657534,1.05,Quimper,29,2017,1.0
2018-01-01 00:00:00,0,12.351506849315069,2.38,Quimper,29,2018,4.0
2019-01-01 00:00:00,0,12.161643835616438,0.35,Quimper,29,2019,1.0
2020-01-01 00:00:00,0,12.68087431693989,0.14,Quimper,29,2020,1.0
2021-01-01 00:00:00,0,11.787397260273972,5.18,Quimper,29,2021,5.0
2022-01-01 00:00:00,5,12.907397260273973,4.550000000000001,Quimper,29,2022,2.0
2023-01-01 00:00:00,0,12.772054794520548,1.26,Quimper,29,2023,5.0
2024-01-01 00:00:00,0,12.207377049180328,3.92,Quimper,29,2024,8.0
2025-01-01 00:00:00,0,12.531506849315068,0.21,Quimper,29,2025,2.0
1950-01-01 00:00:00,0,13.497260273972604,5.88,Agen,47,1950,7.0
1951-01-01 00:00:00,0,12.590958904109588,1.96,Agen,47,1951,2.0
1952-01-01 00:00:00,0,13.368579234972676,3.08,Agen,47,1952,5.0
1953-01-01 00:00:00,0,13.022465753424656,4.62,Agen,47,1953,8.0
1954-01-01 00:00:00,0,12.376986301369865,6.37,Agen,47,1954,9.0
1955-01-01 00:00:00,0,13.69917808219178,5.109999999999999,Agen,47,1955,8.0
1956-01-01 00:00:00,0,11.792896174863388,8.120000000000001,Agen,47,1956,5.0
1957-01-01 00:00:00,0,12.95890410958904,0.07,Agen,47,1957,1.0
1958-01-01 00:00:00,0,13.21890410958904,6.16,Agen,47,1958,6.0
1959-01-01 00:00:00,0,13.926575342465751,3.29,Agen,47,1959,4.0
1960-01-01 00:00:00,0,13.0051912568306,8.89,Agen,47,1960,7.0
1961-01-01 00:00:00,0,14.216438356164383,0.0,Agen,47,1961,0.0
1962-01-01 00:00:00,0,12.844109589041096,1.96,Agen,47,1962,1.0
1963-01-01 00:00:00,0,12.1186301369863,1.68,Agen,47,1963,3.0
1964-01-01 00:00:00,0,13.015300546448088,5.53,Agen,47,1964,3.0
1965-01-01 00:00:00,0,12.752328767123288,1.61,Agen,47,1965,3.0
1966-01-01 00:00:00,0,13.393424657534249,4.48,Agen,47,1966,3.0
1967-01-01 00:00:00,0,13.026575342465753,22.47,Agen,47,1967,7.0
1968-01-01 00:00:00,0,13.004371584699454,4.0600000000000005,Agen,47,1968,6.0
1969-01-01 00:00:00,0,12.533150684931508,3.99,Agen,47,1969,7.0
1970-01-01 00:00:00,0,12.909863013698631,3.29,Agen,47,1970,5.0
1971-01-01 00:00:00,0,12.723287671232876,1.4,Agen,47,1971,7.0
1972-01-01 00:00:00,0,12.555464480874315,0.49,Agen,47,1972,2.0
1973-01-01 00:00:00,0,12.51972602739726,2.31,Agen,47,1973,7.0
1974-01-01 00:00:00,0,12.75095890410959,0.0,Agen,47,1974,0.0
1975-01-01 00:00:00,0,12.727397260273971,0.56,Agen,47,1975,2.0
1976-01-01 00:00:00,0,13.130054644808745,2.1700000000000004,Agen,47,1976,4.0
1977-01-01 00:00:00,0,12.669863013698633,7.07,Agen,47,1977,3.0
1978-01-01 00:00:00,0,12.668767123287672,7.28,Agen,47,1978,11.0
1979-01-01 00:00:00,0,12.672602739726027,3.64,Agen,47,1979,1.0
1980-01-01 00:00:00,0,12.124863387978142,2.1700000000000004,Agen,47,1980,4.0
1981-01-01 00:00:00,0,12.901095890410955,6.44,Agen,47,1981,6.0
1982-01-01 00:00:00,1,13.865479452054794,0.0,Agen,47,1982,0.0
1983-01-01 00:00:00,0,13.318082191780825,3.57,Agen,47,1983,9.0
1984-01-01 00:00:00,0,12.690437158469944,0.21,Agen,47,1984,1.0
1985-01-01 00:00:00,0,12.71890410958904,4.55,Agen,47,1985,7.0
1986-01-01 00:00:00,0,13.102739726027398,8.19,Agen,47,1986,7.0
1987-01-01 00:00:00,1,13.092602739726027,14.7,Agen,47,1987,9.0
1988-01-01 00:00:00,0,13.552185792349729,0.28,Agen,47,1988,1.0
1989-01-01 00:00:00,3,14.724109589041095,0.35,Agen,47,1989,2.0
1990-01-01 00:00:00,2,14.417808219178085,0.14,Agen,47,1990,1.0
1991-01-01 00:00:00,2,13.244657534246576,6.23,Agen,47,1991,7.0
1992-01-01 00:00:00,0,13.12295081967213,1.54,Agen,47,1992,2.0
1993-01-01 00:00:00,0,13.118082191780823,2.66,Agen,47,1993,5.0
1994-01-01 00:00:00,1,14.243835616438355,0.14,Agen,47,1994,1.0
1995-01-01 00:00:00,1,14.08876712328767,1.61,Agen,47,1995,4.0
1996-01-01 00:00:00,0,13.384426229508197,2.38,Agen,47,1996,6.0
1997-01-01 00:00:00,0,14.646301369863012,7.28,Agen,47,1997,5.0
1998-01-01 00:00:00,4,13.524383561643834,0.07,Agen,47,1998,1.0
1999-01-01 00:00:00,0,13.742191780821916,1.26,Agen,47,1999,5.0
2000-01-01 00:00:00,0,13.831967213114757,0.0,Agen,47,2000,0.0
2001-01-01 00:00:00,0,13.528219178082193,3.3600000000000003,Agen,47,2001,5.0
2002-01-01 00:00:00,0,14.052602739726026,0.14,Agen,47,2002,2.0
2003-01-01 00:00:00,12,14.734794520547943,3.92,Agen,47,2003,7.0
2004-01-01 00:00:00,1,13.52896174863388,4.9,Agen,47,2004,8.0
2005-01-01 00:00:00,1,13.587123287671233,3.85,Agen,47,2005,9.0
2006-01-01 00:00:00,3,14.368767123287672,4.34,Agen,47,2006,4.0
2007-01-01 00:00:00,0,13.533698630136987,9.03,Agen,47,2007,3.0
2008-01-01 00:00:00,0,13.476229508196722,2.24,Agen,47,2008,2.0
2009-01-01 00:00:00,2,14.236986301369862,3.99,Agen,47,2009,4.0
2010-01-01 00:00:00,2,12.984109589041095,12.32,Agen,47,2010,9.0
2011-01-01 00:00:00,3,15.08876712328767,0.0,Agen,47,2011,0.0
2012-01-01 00:00:00,4,13.893169398907103,6.93,Agen,47,2012,2.0
2013-01-01 00:00:00,3,13.537808219178082,11.76,Agen,47,2013,9.0
2014-01-01 00:00:00,0,14.64767123287671,0.0,Agen,47,2014,0.0
2015-01-01 00:00:00,2,14.763561643835615,2.66,Agen,47,2015,3.0
2016-01-01 00:00:00,1,14.37896174863388,0.0,Agen,47,2016,0.0
2017-01-01 00:00:00,2,13.785753424657536,0.84,Agen,47,2017,2.0
2018-01-01 00:00:00,1,14.323561643835616,2.73,Agen,47,2018,5.0
2019-01-01 00:00:00,7,14.18082191780822,0.07,Agen,47,2019,1.0
2020-01-01 00:00:00,4,14.612295081967217,0.0,Agen,47,2020,0.0
2021-01-01 00:00:00,0,13.320273972602738,0.56,Agen,47,2021,4.0
2022-01-01 00:00:00,5,15.076438356164385,0.84,Agen,47,2022,3.0
2023-01-01 00:00:00,4,14.601369863013698,5.46,Agen,47,2023,6.0
2024-01-01 00:00:00,0,13.887704918032783,0.5599999999999999,Agen,47,2024,2.0
2025-01-01 00:00:00,6,14.283013698630135,0.77,Agen,47,2025,3.0
1950-01-01 00:00:00,0,14.37150684931507,12.39,Nîmes,30,1950,7.0
1951-01-01 00:00:00,0,13.628767123287671,0.0,Nîmes,30,1951,0.0
1952-01-01 00:00:00,0,14.057650273224043,6.93,Nîmes,30,1952,4.0
1953-01-01 00:00:00,0,14.033150684931508,3.22,Nîmes,30,1953,3.0
1954-01-01 00:00:00,0,13.44904109589041,6.859999999999999,Nîmes,30,1954,9.0
1955-01-01 00:00:00,0,14.398904109589042,10.22,Nîmes,30,1955,5.0
1956-01-01 00:00:00,0,12.634972677595629,8.61,Nîmes,30,1956,8.0
1957-01-01 00:00:00,0,13.842465753424657,0.56,Nîmes,30,1957,1.0
1958-01-01 00:00:00,1,14.001369863013698,0.07,Nîmes,30,1958,1.0
1959-01-01 00:00:00,0,14.40931506849315,2.8000000000000003,Nîmes,30,1959,2.0
1960-01-01 00:00:00,0,13.666120218579236,22.54,Nîmes,30,1960,7.0
1961-01-01 00:00:00,0,14.936164383561644,0.0,Nîmes,30,1961,0.0
1962-01-01 00:00:00,0,13.663561643835616,7.63,Nîmes,30,1962,6.0
1963-01-01 00:00:00,0,12.79917808219178,17.99,Nîmes,30,1963,14.0
1964-01-01 00:00:00,0,13.768852459016392,9.03,Nîmes,30,1964,4.0
1965-01-01 00:00:00,0,13.467397260273971,2.52,Nîmes,30,1965,1.0
1966-01-01 00:00:00,0,14.005205479452052,0.7000000000000002,Nîmes,30,1966,3.0
1967-01-01 00:00:00,0,14.21041095890411,8.68,Nîmes,30,1967,8.0
1968-01-01 00:00:00,0,13.812841530054644,1.75,Nîmes,30,1968,3.0
1969-01-01 00:00:00,0,13.308493150684932,8.26,Nîmes,30,1969,6.0
1970-01-01 00:00:00,0,13.868493150684932,25.2,Nîmes,30,1970,4.0
1971-01-01 00:00:00,0,13.530958904109587,0.63,Nîmes,30,1971,4.0
1972-01-01 00:00:00,0,13.4948087431694,0.14,Nîmes,30,1972,1.0
1973-01-01 00:00:00,0,13.786849315068492,3.85,Nîmes,30,1973,5.0
1974-01-01 00:00:00,0,13.665753424657536,24.99,Nîmes,30,1974,3.0
1975-01-01 00:00:00,1,13.669863013698633,0.6299999999999999,Nîmes,30,1975,2.0
1976-01-01 00:00:00,0,13.669125683060107,0.07,Nîmes,30,1976,1.0
1977-01-01 00:00:00,0,13.344657534246576,1.0499999999999998,Nîmes,30,1977,3.0
1978-01-01 00:00:00,0,13.412328767123288,5.390000000000001,Nîmes,30,1978,7.0
1979-01-01 00:00:00,0,13.97041095890411,14.84,Nîmes,30,1979,8.0
1980-01-01 00:00:00,0,13.3551912568306,9.38,Nîmes,30,1980,8.0
1981-01-01 00:00:00,0,13.887123287671232,2.87,Nîmes,30,1981,5.0
1982-01-01 00:00:00,1,14.58876712328767,0.0,Nîmes,30,1982,0.0
1983-01-01 00:00:00,1,14.104109589041096,11.41,Nîmes,30,1983,3.0
1984-01-01 00:00:00,0,13.44344262295082,1.19,Nîmes,30,1984,4.0
1985-01-01 00:00:00,0,13.792602739726028,2.59,Nîmes,30,1985,6.0
1986-01-01 00:00:00,0,14.015342465753426,11.2,Nîmes,30,1986,4.0
1987-01-01 00:00:00,1,13.909863013698631,20.65,Nîmes,30,1987,6.0
1988-01-01 00:00:00,0,14.37295081967213,0.0,Nîmes,30,1988,0.0
1989-01-01 00:00:00,0,15.025479452054794,0.0,Nîmes,30,1989,0.0
1990-01-01 00:00:00,0,14.92027397260274,0.77,Nîmes,30,1990,2.0
1991-01-01 00:00:00,0,14.041643835616435,3.5700000000000003,Nîmes,30,1991,3.0
1992-01-01 00:00:00,0,14.26448087431694,6.930000000000001,Nîmes,30,1992,3.0
1993-01-01 00:00:00,0,13.945479452054796,5.11,Nîmes,30,1993,3.0
1994-01-01 00:00:00,0,15.334794520547945,0.7000000000000001,Nîmes,30,1994,2.0
1995-01-01 00:00:00,0,14.750410958904109,4.34,Nîmes,30,1995,2.0
1996-01-01 00:00:00,0,13.986338797814208,5.880000000000001,Nîmes,30,1996,4.0
1997-01-01 00:00:00,0,14.948219178082192,0.77,Nîmes,30,1997,3.0
1998-01-01 00:00:00,0,14.297808219178082,0.21,Nîmes,30,1998,1.0
1999-01-01 00:00:00,0,14.703835616438354,2.1,Nîmes,30,1999,3.0
2000-01-01 00:00:00,0,14.881967213114754,2.24,Nîmes,30,2000,1.0
2001-01-01 00:00:00,1,14.843835616438357,3.85,Nîmes,30,2001,1.0
2002-01-01 00:00:00,0,14.871780821917808,0.0,Nîmes,30,2002,0.0
2003-01-01 00:00:00,6,15.360821917808218,14.7,Nîmes,30,2003,7.0
2004-01-01 00:00:00,0,14.503005464480877,0.21,Nîmes,30,2004,1.0
2005-01-01 00:00:00,0,14.437808219178082,0.49,Nîmes,30,2005,1.0
2006-01-01 00:00:00,3,15.294794520547946,11.97,Nîmes,30,2006,3.0
2007-01-01 00:00:00,0,14.806301369863014,1.61,Nîmes,30,2007,2.0
2008-01-01 00:00:00,0,14.48224043715847,0.56,Nîmes,30,2008,2.0
2009-01-01 00:00:00,1,15.265479452054793,4.48,Nîmes,30,2009,4.0
2010-01-01 00:00:00,0,13.904383561643836,30.31,Nîmes,30,2010,10.0
2011-01-01 00:00:00,0,15.436438356164384,0.14,Nîmes,30,2011,1.0
2012-01-01 00:00:00,0,15.087704918032788,0.35,Nîmes,30,2012,1.0
2013-01-01 00:00:00,0,14.37808219178082,2.1,Nîmes,30,2013,5.0
2014-01-01 00:00:00,0,15.77945205479452,0.0,Nîmes,30,2014,0.0
2015-01-01 00:00:00,2,15.542465753424658,5.25,Nîmes,30,2015,3.0
2016-01-01 00:00:00,0,15.257377049180327,0.14,Nîmes,30,2016,1.0
2017-01-01 00:00:00,2,15.167671232876712,2.17,Nîmes,30,2017,7.0
2018-01-01 00:00:00,3,15.461369863013696,9.38,Nîmes,30,2018,3.0
2019-01-01 00:00:00,2,15.484109589041095,1.47,Nîmes,30,2019,1.0
2020-01-01 00:00:00,0,15.56912568306011,0.14,Nîmes,30,2020,1.0
2021-01-01 00:00:00,0,14.764657534246576,5.67,Nîmes,30,2021,6.0
2022-01-01 00:00:00,11,16.424657534246574,0.14,Nîmes,30,2022,1.0
2023-01-01 00:00:00,2,15.826849315068491,5.6,Nîmes,30,2023,6.0
2024-01-01 00:00:00,2,15.4827868852459,1.26,Nîmes,30,2024,1.0
2025-01-01 00:00:00,7,15.794246575342465,0.77,Nîmes,30,2025,3.0
1950-01-01 00:00:00,0,10.49150684931507,15.4,Pontoise,95,1950,14.0
1951-01-01 00:00:00,0,10.345205479452057,1.4,Pontoise,95,1951,5.0
1952-01-01 00:00:00,0,10.3103825136612,32.34,Pontoise,95,1952,24.0
1953-01-01 00:00:00,0,10.470958904109589,11.34,Pontoise,95,1953,11.0
1954-01-01 00:00:00,0,9.88109589041096,14.84,Pontoise,95,1954,17.0
1955-01-01 00:00:00,0,10.144657534246576,18.48,Pontoise,95,1955,17.0
1956-01-01 00:00:00,0,9.253005464480871,12.32,Pontoise,95,1956,17.0
1957-01-01 00:00:00,0,10.82,3.15,Pontoise,95,1957,3.0
1958-01-01 00:00:00,0,10.325479452054797,39.27,Pontoise,95,1958,21.0
1959-01-01 00:00:00,0,11.564931506849314,12.04,Pontoise,95,1959,8.0
1960-01-01 00:00:00,0,10.632513661202186,6.93,Pontoise,95,1960,15.0
1961-01-01 00:00:00,0,11.416438356164385,0.21,Pontoise,95,1961,2.0
1962-01-01 00:00:00,0,9.49972602739726,28.14,Pontoise,95,1962,16.0
1963-01-01 00:00:00,0,9.30027397260274,13.02,Pontoise,95,1963,19.0
1964-01-01 00:00:00,0,10.337431693989071,10.5,Pontoise,95,1964,11.0
1965-01-01 00:00:00,0,9.826575342465754,16.169999999999998,Pontoise,95,1965,17.0
1966-01-01 00:00:00,0,10.473424657534247,4.0600000000000005,Pontoise,95,1966,5.0
1967-01-01 00:00:00,0,10.442739726027398,2.03,Pontoise,95,1967,8.0
1968-01-01 00:00:00,0,9.929781420765028,32.62,Pontoise,95,1968,22.0
1969-01-01 00:00:00,0,10.258356164383562,24.57,Pontoise,95,1969,20.0
1970-01-01 00:00:00,0,10.188767123287672,43.75,Pontoise,95,1970,29.0
1971-01-01 00:00:00,0,10.36,11.9,Pontoise,95,1971,9.0
1972-01-01 00:00:00,0,9.829508196721312,9.8,Pontoise,95,1972,13.0
1973-01-01 00:00:00,0,10.214246575342464,9.38,Pontoise,95,1973,12.0
1974-01-01 00:00:00,0,10.516164383561645,9.17,Pontoise,95,1974,4.0
1975-01-01 00:00:00,0,10.297534246575342,13.51,Pontoise,95,1975,13.0
1976-01-01 00:00:00,0,10.970218579234972,11.13,Pontoise,95,1976,12.0
1977-01-01 00:00:00,0,10.326301369863014,1.47,Pontoise,95,1977,5.0
1978-01-01 00:00:00,0,9.72931506849315,48.51,Pontoise,95,1978,28.0
1979-01-01 00:00:00,0,9.794520547945206,18.55,Pontoise,95,1979,26.0
1980-01-01 00:00:00,0,9.690163934426227,14.7,Pontoise,95,1980,15.0
1981-01-01 00:00:00,0,10.390958904109588,17.57,Pontoise,95,1981,16.0
1982-01-01 00:00:00,0,11.053424657534247,15.96,Pontoise,95,1982,9.0
1983-01-01 00:00:00,0,10.92986301369863,6.859999999999999,Pontoise,95,1983,9.0
1984-01-01 00:00:00,0,10.301092896174865,15.47,Pontoise,95,1984,13.0
1985-01-01 00:00:00,0,9.58,10.92,Pontoise,95,1985,25.0
1986-01-01 00:00:00,0,9.903013698630136,27.09,Pontoise,95,1986,20.0
1987-01-01 00:00:00,0,9.723561643835616,22.12,Pontoise,95,1987,19.0
1988-01-01 00:00:00,0,11.084426229508196,2.8,Pontoise,95,1988,8.0
1989-01-01 00:00:00,0,11.575342465753424,6.44,Pontoise,95,1989,6.0
1990-01-01 00:00:00,0,11.785205479452056,6.16,Pontoise,95,1990,5.0
1991-01-01 00:00:00,0,10.424657534246576,6.58,Pontoise,95,1991,8.0
1992-01-01 00:00:00,0,10.893169398907103,0.7,Pontoise,95,1992,2.0
1993-01-01 00:00:00,0,10.518356164383562,5.88,Pontoise,95,1993,10.0
1994-01-01 00:00:00,0,11.745205479452055,5.11,Pontoise,95,1994,8.0
1995-01-01 00:00:00,0,11.392602739726028,7.63,Pontoise,95,1995,13.0
1996-01-01 00:00:00,0,9.868306010928965,17.15,Pontoise,95,1996,23.0
1997-01-01 00:00:00,0,11.226027397260276,14.7,Pontoise,95,1997,7.0
1998-01-01 00:00:00,0,10.908219178082192,2.24,Pontoise,95,1998,3.0
1999-01-01 00:00:00,0,11.56027397260274,18.13,Pontoise,95,1999,15.0
2000-01-01 00:00:00,0,11.279781420765026,2.17,Pontoise,95,2000,5.0
2001-01-01 00:00:00,0,11.07013698630137,4.13,Pontoise,95,2001,10.0
2002-01-01 00:00:00,0,11.56821917808219,1.19,Pontoise,95,2002,1.0
2003-01-01 00:00:00,3,11.798082191780823,8.26,Pontoise,95,2003,7.0
2004-01-01 00:00:00,0,11.12431693989071,17.64,Pontoise,95,2004,10.0
2005-01-01 00:00:00,0,11.344931506849314,20.58,Pontoise,95,2005,18.0
2006-01-01 00:00:00,0,11.574246575342467,11.41,Pontoise,95,2006,13.0
2007-01-01 00:00:00,0,11.504383561643836,2.17,Pontoise,95,2007,6.0
2008-01-01 00:00:00,0,10.952732240437156,9.8,Pontoise,95,2008,12.0
2009-01-01 00:00:00,0,11.172602739726027,16.31,Pontoise,95,2009,11.0
2010-01-01 00:00:00,0,10.04027397260274,42.07,Pontoise,95,2010,29.0
2011-01-01 00:00:00,0,12.12958904109589,0.14,Pontoise,95,2011,1.0
2012-01-01 00:00:00,0,11.146448087431692,8.89,Pontoise,95,2012,6.0
2013-01-01 00:00:00,0,10.678082191780822,42.0,Pontoise,95,2013,21.0
2014-01-01 00:00:00,0,11.886849315068492,1.12,Pontoise,95,2014,3.0
2015-01-01 00:00:00,1,11.812876712328766,2.03,Pontoise,95,2015,6.0
2016-01-01 00:00:00,0,11.357103825136612,7.140000000000001,Pontoise,95,2016,3.0
2017-01-01 00:00:00,0,11.766301369863012,4.34,Pontoise,95,2017,13.0
2018-01-01 00:00:00,0,12.334520547945209,24.29,Pontoise,95,2018,17.0
2019-01-01 00:00:00,2,11.966849315068492,17.36,Pontoise,95,2019,10.0
2020-01-01 00:00:00,2,12.805464480874315,1.47,Pontoise,95,2020,3.0
2021-01-01 00:00:00,0,11.217534246575342,9.87,Pontoise,95,2021,11.0
2022-01-01 00:00:00,1,12.685753424657534,8.54,Pontoise,95,2022,10.0
2023-01-01 00:00:00,0,12.71835616438356,3.71,Pontoise,95,2023,5.0
2024-01-01 00:00:00,1,12.061475409836063,12.81,Pontoise,95,2024,10.0
2025-01-01 00:00:00,1,12.406849315068492,7.63,Pontoise,95,2025,13.0
1950-01-01 00:00:00,0,14.762465753424658,25.69,Perpignan,66,1950,5.0
1951-01-01 00:00:00,0,13.64,6.79,Perpignan,66,1951,3.0
1952-01-01 00:00:00,0,14.836612021857922,0.63,Perpignan,66,1952,1.0
1953-01-01 00:00:00,0,14.45095890410959,3.99,Perpignan,66,1953,5.0
1954-01-01 00:00:00,0,13.689041095890412,67.13,Perpignan,66,1954,7.0
1955-01-01 00:00:00,0,14.958356164383563,0.42000000000000004,Perpignan,66,1955,3.0
1956-01-01 00:00:00,0,13.076775956284154,3.92,Perpignan,66,1956,5.0
1957-01-01 00:00:00,0,14.087123287671233,0.07,Perpignan,66,1957,1.0
1958-01-01 00:00:00,0,14.379999999999999,0.0,Perpignan,66,1958,0.0
1959-01-01 00:00:00,0,14.545205479452054,0.8400000000000001,Perpignan,66,1959,2.0
1960-01-01 00:00:00,0,14.070491803278689,28.56,Perpignan,66,1960,9.0
1961-01-01 00:00:00,0,15.307671232876713,0.0,Perpignan,66,1961,0.0
1962-01-01 00:00:00,0,14.156438356164385,5.25,Perpignan,66,1962,4.0
1963-01-01 00:00:00,0,13.157808219178083,35.21,Perpignan,66,1963,9.0
1964-01-01 00:00:00,0,14.312568306010927,12.879999999999999,Perpignan,66,1964,3.0
1965-01-01 00:00:00,0,13.909863013698631,0.0,Perpignan,66,1965,0.0
1966-01-01 00:00:00,0,14.393972602739726,1.05,Perpignan,66,1966,4.0
1967-01-01 00:00:00,0,14.51917808219178,6.72,Perpignan,66,1967,4.0
1968-01-01 00:00:00,0,14.322131147540983,0.56,Perpignan,66,1968,3.0
1969-01-01 00:00:00,0,13.664109589041095,1.05,Perpignan,66,1969,3.0
1970-01-01 00:00:00,0,14.192602739726027,30.03,Perpignan,66,1970,5.0
1971-01-01 00:00:00,0,13.81890410958904,0.14,Perpignan,66,1971,1.0
1972-01-01 00:00:00,0,13.519398907103826,0.7,Perpignan,66,1972,1.0
1973-01-01 00:00:00,0,14.16958904109589,2.87,Perpignan,66,1973,4.0
1974-01-01 00:00:00,0,13.96027397260274,0.0,Perpignan,66,1974,0.0
1975-01-01 00:00:00,0,14.308767123287671,0.35,Perpignan,66,1975,1.0
1976-01-01 00:00:00,0,14.294262295081968,0.0,Perpignan,66,1976,0.0
1977-01-01 00:00:00,0,13.881369863013699,3.7800000000000002,Perpignan,66,1977,5.0
1978-01-01 00:00:00,0,13.892876712328766,4.2,Perpignan,66,1978,6.0
1979-01-01 00:00:00,0,13.979452054794521,6.3,Perpignan,66,1979,3.0
1980-01-01 00:00:00,0,13.243989071038252,37.38,Perpignan,66,1980,9.0
1981-01-01 00:00:00,0,14.25972602739726,45.22,Perpignan,66,1981,4.0
1982-01-01 00:00:00,1,14.736438356164385,0.0,Perpignan,66,1982,0.0
1983-01-01 00:00:00,1,14.733150684931507,22.47,Perpignan,66,1983,4.0
1984-01-01 00:00:00,0,13.687431693989073,0.21,Perpignan,66,1984,1.0
1985-01-01 00:00:00,0,14.00164383561644,0.77,Perpignan,66,1985,5.0
1986-01-01 00:00:00,0,14.362465753424658,17.15,Perpignan,66,1986,3.0
1987-01-01 00:00:00,0,14.273972602739725,17.5,Perpignan,66,1987,5.0
1988-01-01 00:00:00,0,14.73224043715847,0.0,Perpignan,66,1988,0.0
1989-01-01 00:00:00,0,15.61917808219178,0.0,Perpignan,66,1989,0.0
1990-01-01 00:00:00,0,15.063561643835616,0.14,Perpignan,66,1990,1.0
1991-01-01 00:00:00,0,14.23972602739726,0.77,Perpignan,66,1991,1.0
1992-01-01 00:00:00,0,14.13087431693989,58.66,Perpignan,66,1992,2.0
1993-01-01 00:00:00,0,14.07150684931507,24.5,Perpignan,66,1993,3.0
1994-01-01 00:00:00,0,15.235616438356164,0.0,Perpignan,66,1994,0.0
1995-01-01 00:00:00,0,15.068493150684931,0.28,Perpignan,66,1995,1.0
1996-01-01 00:00:00,0,14.305464480874317,3.5,Perpignan,66,1996,3.0
1997-01-01 00:00:00,0,15.435616438356165,0.14,Perpignan,66,1997,1.0
1998-01-01 00:00:00,0,14.671506849315069,0.0,Perpignan,66,1998,0.0
1999-01-01 00:00:00,0,14.698904109589042,0.0,Perpignan,66,1999,0.0
2000-01-01 00:00:00,0,14.883060109289618,1.75,Perpignan,66,2000,2.0
2001-01-01 00:00:00,1,14.99945205479452,2.9400000000000004,Perpignan,66,2001,3.0
2002-01-01 00:00:00,0,14.9586301369863,0.0,Perpignan,66,2002,0.0
2003-01-01 00:00:00,9,15.775068493150684,15.680000000000001,Perpignan,66,2003,3.0
2004-01-01 00:00:00,0,14.865027322404373,0.0,Perpignan,66,2004,0.0
2005-01-01 00:00:00,0,14.427671232876714,0.21000000000000002,Perpignan,66,2005,2.0
2006-01-01 00:00:00,3,15.56082191780822,20.509999999999998,Perpignan,66,2006,3.0
2007-01-01 00:00:00,0,14.886027397260273,4.27,Perpignan,66,2007,1.0
2008-01-01 00:00:00,0,15.021857923497267,10.64,Perpignan,66,2008,2.0
2009-01-01 00:00:00,1,15.470958904109589,0.42000000000000004,Perpignan,66,2009,3.0
2010-01-01 00:00:00,2,14.31835616438356,51.66,Perpignan,66,2010,6.0
2011-01-01 00:00:00,0,15.722465753424657,0.07,Perpignan,66,2011,1.0
2012-01-01 00:00:00,3,15.116939890710382,1.4,Perpignan,66,2012,2.0
2013-01-01 00:00:00,0,14.573424657534247,6.4399999999999995,Perpignan,66,2013,3.0
2014-01-01 00:00:00,0,15.932054794520548,0.07,Perpignan,66,2014,1.0
2015-01-01 00:00:00,2,15.593424657534248,3.4299999999999997,Perpignan,66,2015,4.0
2016-01-01 00:00:00,0,15.752185792349728,0.0,Perpignan,66,2016,0.0
2017-01-01 00:00:00,3,16.202739726027396,0.7,Perpignan,66,2017,1.0
2018-01-01 00:00:00,7,16.778082191780822,2.24,Perpignan,66,2018,1.0
2019-01-01 00:00:00,0,16.32904109589041,0.0,Perpignan,66,2019,0.0
2020-01-01 00:00:00,1,16.30983606557377,0.0,Perpignan,66,2020,0.0
2021-01-01 00:00:00,1,16.184383561643838,3.99,Perpignan,66,2021,3.0
2022-01-01 00:00:00,10,17.644383561643835,0.0,Perpignan,66,2022,0.0
2023-01-01 00:00:00,3,17.04931506849315,0.7,Perpignan,66,2023,3.0
2024-01-01 00:00:00,4,16.834153005464483,0.0,Perpignan,66,2024,0.0
2025-01-01 00:00:00,15,17.339726027397262,1.4,Perpignan,66,2025,1.0
